filename,lat,long,label,pred0,pred1,pred2,pred3,pred4
my_images/0\ds1_111_A_-22.9913963102614_-47.1210305406037.jpg,-22.9913963102614,-47.1210305406037,0,1,1,2,1,1
my_images/0\ds1_1317_C_-22.9444447515828_-47.0981137504835.jpg,-22.9444447515828,-47.0981137504835,0,3,3,3,3,3
my_images/0\ds1_1414_C_-22.9440819660432_-47.100738729209.jpg,-22.9440819660432,-47.100738729209,0,2,3,3,3,3
my_images/0\ds1_1431_C_-22.9387287107344_-47.0986561173237.jpg,-22.9387287107344,-47.0986561173237,0,4,3,3,3,3
my_images/0\ds1_1607_M_-22.9704241952721_-47.1352926205676.jpg,-22.9704241952721,-47.1352926205676,0,1,0,1,0,1
my_images/0\ds1_1764_M_-22.9690478335077_-47.1341195104914.jpg,-22.9690478335077,-47.1341195104914,0,1,0,0,1,0
my_images/0\ds1_220_A_-22.9909378186219_-47.117866327353.jpg,-22.9909378186219,-47.117866327353,0,1,1,1,1,1
my_images/0\ds1_231_A_-22.9934292164399_-47.1206267706908.jpg,-22.9934292164399,-47.1206267706908,0,1,0,1,1,1
my_images/0\ds1_357_A_-22.9906110810425_-47.1210412774874.jpg,-22.9906110810425,-47.1210412774874,0,1,0,1,1,1
my_images/0\ds1_425_A_-22.9940062482539_-47.1217201218443.jpg,-22.9940062482539,-47.1217201218443,0,1,0,1,3,3
my_images/0\ds1_430_A_-22.9936178311539_-47.1224733061416.jpg,-22.9936178311539,-47.1224733061416,0,0,0,0,1,0
my_images/0\ds1_960_B_-22.969635118848_-47.1475469487901.jpg,-22.969635118848,-47.1475469487901,0,1,1,1,3,1
my_images/0\ds2_01_04_2022_1CBC.tmp.jpg,2022.0,,0,0,0,1,0,0
my_images/0\ds2_01_04_2022_1D3B.tmp.jpg,2022.0,,0,0,0,0,0,0
my_images/0\ds2_01_04_2022_828E.tmp.jpg,2022.0,,0,0,1,0,0,0
my_images/0\ds2_01_04_2022_846C.tmp.jpg,2022.0,,0,0,0,0,0,0
my_images/0\ds2_01_04_2022_84FD.tmp.jpg,2022.0,,0,0,0,0,0,0
my_images/0\ds2_01_04_2022_869F.tmp.jpg,2022.0,,0,0,0,0,0,0
my_images/0\ds2_01_04_2022_87CD.tmp.jpg,2022.0,,0,1,0,0,0,0
my_images/0\ds2_01_04_2022_FDAA.tmp.jpg,2022.0,,0,1,0,0,0,0
my_images/0\ds2_01_10_2021_42D4.tmp.jpg,2021.0,,0,1,0,0,0,0
my_images/0\ds2_01_10_2021_A0A9.tmp.jpg,2021.0,,0,0,0,0,0,0
my_images/0\ds2_03_05_2022_3AA6.tmp.jpg,2022.0,,0,0,0,0,0,3
my_images/0\ds2_04_04_2022_285E.tmp.jpg,2022.0,,0,0,0,0,0,0
my_images/0\ds2_04_04_2022_2894.tmp.jpg,2022.0,,0,2,0,0,0,0
my_images/0\ds2_04_04_2022_28E9.tmp.jpg,2022.0,,0,0,0,0,0,0
my_images/0\ds2_04_04_2022_295C.tmp.jpg,2022.0,,0,0,0,0,0,0
my_images/0\ds2_04_04_2022_298D.tmp.jpg,2022.0,,0,0,0,0,0,0
my_images/0\ds2_04_04_2022_299F.tmp.jpg,2022.0,,0,0,0,0,0,0
my_images/0\ds2_04_04_2022_BC68.tmp.jpg,2022.0,,0,2,0,0,0,0
my_images/0\ds2_04_04_2022_BD93.tmp.jpg,2022.0,,0,0,0,0,0,0
my_images/0\ds2_04_04_2022_BEAF.tmp.jpg,2022.0,,0,0,0,0,0,2
my_images/0\ds2_04_04_2022_BEC0.tmp.jpg,2022.0,,0,0,0,0,0,1
my_images/0\ds2_04_04_2022_BEE1.tmp.jpg,2022.0,,0,0,1,0,0,0
my_images/0\ds2_04_04_2022_BF02.tmp.jpg,2022.0,,0,1,0,1,1,1
my_images/0\ds2_04_04_2022_BF81.tmp.jpg,2022.0,,0,1,0,0,0,0
my_images/0\ds2_04_04_2022_C193.tmp.jpg,2022.0,,0,0,1,0,0,0
my_images/0\ds2_04_04_2022_C1D3.tmp.jpg,2022.0,,0,0,0,0,2,0
my_images/0\ds2_04_04_2022_C2AB.tmp.jpg,2022.0,,0,0,0,0,1,0
my_images/0\ds2_04_04_2022_C2EF.tmp.jpg,2022.0,,0,0,0,3,0,0
my_images/0\ds2_04_04_2022_C301.tmp.jpg,2022.0,,0,0,0,0,0,0
my_images/0\ds2_04_04_2022_C47A.tmp.jpg,2022.0,,0,1,0,0,0,0
my_images/0\ds2_04_04_2022_C576.tmp.jpg,2022.0,,0,1,0,0,0,0
my_images/0\ds2_05_04_2022_F364.tmp.jpg,2022.0,,0,0,2,0,0,0
my_images/0\ds2_05_10_2021_77CE.tmp.jpg,2021.0,,0,2,0,1,1,0
my_images/0\ds2_07_04_2022_6CEA.tmp.jpg,2022.0,,0,0,0,0,0,4
my_images/0\ds2_07_04_2022_6F76.tmp.jpg,2022.0,,0,0,0,1,1,0
my_images/0\ds2_07_04_2022_7788.tmp.jpg,2022.0,,0,0,0,0,0,3
my_images/0\ds2_07_04_2022_7F0A.tmp.jpg,2022.0,,0,0,0,0,0,1
my_images/0\ds2_07_04_2022_8B3C.tmp.jpg,2022.0,,0,0,1,0,0,0
my_images/0\ds2_07_04_2022_8CFD.tmp.jpg,2022.0,,0,0,0,0,1,1
my_images/0\ds2_07_04_2022_A0C6.tmp.jpg,2022.0,,0,0,4,2,0,0
my_images/0\ds2_07_04_2022_D790.tmp.jpg,2022.0,,0,0,1,0,0,0
my_images/0\ds2_07_04_2022_DA8F.tmp.jpg,2022.0,,0,0,0,0,0,0
my_images/0\ds2_07_04_2022_E00A.tmp.jpg,2022.0,,0,0,0,0,3,0
my_images/0\ds2_08_11_2021_8A21.tmp.jpg,2021.0,,0,0,0,0,0,0
my_images/0\ds2_09_05_2022_3397.tmp.jpg,2022.0,,0,0,0,0,0,0
my_images/0\ds2_09_05_2022_C903.tmp.jpg,2022.0,,0,0,1,0,0,0
my_images/0\ds2_09_11_2021_760D.tmp.jpg,2021.0,,0,0,0,0,0,0
my_images/0\ds2_10_11_2021_F90B.tmp.jpg,2021.0,,0,0,0,0,0,0
my_images/0\ds2_10_11_2021_FAEE.tmp.jpg,2021.0,,0,0,0,4,0,0
my_images/0\ds2_10_11_2021_FBB1.tmp.jpg,2021.0,,0,0,0,0,0,1
my_images/0\ds2_10_11_2021_FCE2.tmp.jpg,2021.0,,0,0,1,0,0,0
my_images/0\ds2_11_04_2022_88B1.tmp.jpg,2022.0,,0,0,0,0,0,0
my_images/0\ds2_11_04_2022_A702.tmp.jpg,2022.0,,0,2,0,0,0,0
my_images/0\ds2_11_04_2022_D814.tmp.jpg,2022.0,,0,0,0,0,3,2
my_images/0\ds2_12_04_2022_89C9.tmp.jpg,2022.0,,0,0,0,0,0,0
my_images/0\ds2_12_04_2022_89EA.tmp.jpg,2022.0,,0,0,0,0,0,0
my_images/0\ds2_12_05_2022_8FE6.tmp.jpg,2022.0,,0,1,0,0,0,0
my_images/0\ds2_12_05_2022_AB68.tmp.jpg,2022.0,,0,0,1,0,0,0
my_images/0\ds2_13_10_2021_357A.tmp.jpg,2021.0,,0,0,0,0,3,0
my_images/0\ds2_13_10_2021_366F.tmp.jpg,2021.0,,0,0,0,2,2,2
my_images/0\ds2_17_05_2022_22C2.tmp.jpg,2022.0,,0,0,0,0,0,0
my_images/0\ds2_17_05_2022_2312.tmp.jpg,2022.0,,0,0,2,0,0,0
my_images/0\ds2_17_05_2022_2735.tmp.jpg,2022.0,,0,0,0,0,0,0
my_images/0\ds2_17_05_2022_5AB7.tmp.jpg,2022.0,,0,0,0,2,1,0
my_images/0\ds2_18_03_2022_3A0E.tmp.jpg,2022.0,,0,2,0,0,3,0
my_images/0\ds2_18_03_2022_4391.tmp.jpg,2022.0,,0,0,0,1,0,0
my_images/0\ds2_18_03_2022_6B3.tmp.jpg,2022.0,,0,0,0,0,0,0
my_images/0\ds2_18_03_2022_D636.tmp.jpg,2022.0,,0,0,3,0,0,0
my_images/0\ds2_19_04_2022_19DD.tmp.jpg,2022.0,,0,1,1,1,2,1
my_images/0\ds2_19_04_2022_1CBC.tmp.jpg,2022.0,,0,0,0,0,3,0
my_images/0\ds2_19_04_2022_28F7.tmp.jpg,2022.0,,0,0,0,0,0,0
my_images/0\ds2_19_04_2022_293D.tmp.jpg,2022.0,,0,3,0,0,0,0
my_images/0\ds2_19_04_2022_294F.tmp.jpg,2022.0,,0,0,0,0,0,0
my_images/0\ds2_19_04_2022_2972.tmp.jpg,2022.0,,0,0,4,0,0,0
my_images/0\ds2_19_04_2022_30A9.tmp.jpg,2022.0,,0,0,0,1,0,0
my_images/0\ds2_19_04_2022_312F.tmp.jpg,2022.0,,0,0,0,0,1,0
my_images/0\ds2_19_04_2022_31C1.tmp.jpg,2022.0,,0,0,0,0,0,0
my_images/0\ds2_19_04_2022_3A2B.tmp.jpg,2022.0,,0,0,1,0,0,0
my_images/0\ds2_19_04_2022_3A9D.tmp.jpg,2022.0,,0,0,0,1,0,0
my_images/0\ds2_19_04_2022_AAF9.tmp.jpg,2022.0,,0,0,0,0,0,0
my_images/0\ds2_19_04_2022_B264.tmp.jpg,2022.0,,0,1,0,0,0,0
my_images/0\ds2_19_04_2022_B43C.tmp.jpg,2022.0,,0,0,1,0,0,0
my_images/0\ds2_19_04_2022_B9B0.tmp.jpg,2022.0,,0,1,1,2,1,2
my_images/0\ds2_19_04_2022_BCA6.tmp.jpg,2022.0,,0,0,0,0,0,0
my_images/0\ds2_19_04_2022_BE87.tmp.jpg,2022.0,,0,0,0,0,2,0
my_images/0\ds2_20_09_2021_D375.tmp.jpg,2021.0,,0,1,0,0,0,0
my_images/0\ds2_20_10_2021_40F0.tmp.jpg,2021.0,,0,4,0,4,3,0
my_images/0\ds2_22_03_2022_742E.tmp.jpg,2022.0,,0,0,0,0,4,0
my_images/0\ds2_22_03_2022_AC37.tmp.jpg,2022.0,,0,0,0,0,3,0
my_images/0\ds2_22_03_2022_AC51.tmp.jpg,2022.0,,0,0,0,0,0,0
my_images/0\ds2_22_03_2022_B942.tmp.jpg,2022.0,,0,0,0,0,0,0
my_images/0\ds2_22_03_2022_C78D.tmp.jpg,2022.0,,0,0,0,0,0,0
my_images/0\ds2_22_09_2021_9211.tmp.jpg,2021.0,,0,0,1,0,0,0
my_images/0\ds2_22_11_2021_EAFB.tmp.jpg,2021.0,,0,0,0,3,0,0
my_images/0\ds2_23_03_2022_A646.tmp.jpg,2022.0,,0,1,0,0,0,0
my_images/0\ds2_23_03_2022_BC90.tmp.jpg,2022.0,,0,0,0,0,0,0
my_images/0\ds2_23_09_2021_34D.tmp.jpg,2021.0,,0,0,0,2,0,0
my_images/0\ds2_23_09_2021_E83D.tmp.jpg,2021.0,,0,0,0,0,0,0
my_images/0\ds2_23_09_2021_EE3E.tmp.jpg,2021.0,,0,0,0,0,0,0
my_images/0\ds2_23_09_2021_EE6F.tmp.jpg,2021.0,,0,0,1,0,0,0
my_images/0\ds2_23_09_2021_EEB0.tmp.jpg,2021.0,,0,0,0,0,0,0
my_images/0\ds2_23_09_2021_EEF0.tmp.jpg,2021.0,,0,0,1,0,0,0
my_images/0\ds2_23_09_2021_F022.tmp.jpg,2021.0,,0,0,0,0,0,1
my_images/0\ds2_23_09_2021_F023.tmp.jpg,2021.0,,0,1,0,0,1,0
my_images/0\ds2_23_09_2021_F24A.tmp.jpg,2021.0,,0,0,0,0,0,0
my_images/0\ds2_23_09_2021_F3A5.tmp.jpg,2021.0,,0,0,0,0,0,0
my_images/0\ds2_23_09_2021_F3A6.tmp.jpg,2021.0,,0,0,0,0,0,0
my_images/0\ds2_24_03_2022_B612.tmp.jpg,2022.0,,0,0,0,0,0,0
my_images/0\ds2_24_06_2022_4626.tmp.jpg,2022.0,,0,0,0,1,0,0
my_images/0\ds2_24_06_2022_5CF3.tmp.jpg,2022.0,,0,0,0,0,0,0
my_images/0\ds2_24_06_2022_662C.tmp.jpg,2022.0,,0,0,1,0,0,0
my_images/0\ds2_24_06_2022_6981.tmp.jpg,2022.0,,0,0,0,0,0,0
my_images/0\ds2_24_06_2022_6D19.tmp.jpg,2022.0,,0,0,3,2,0,0
my_images/0\ds2_24_06_2022_6D7F.tmp.jpg,2022.0,,0,0,4,4,4,0
my_images/0\ds2_24_06_2022_6E75.tmp.jpg,2022.0,,0,0,0,0,0,0
my_images/0\ds2_24_06_2022_7617.tmp.jpg,2022.0,,0,0,0,1,0,0
my_images/0\ds2_24_06_2022_770C.tmp.jpg,2022.0,,0,0,0,0,0,0
my_images/0\ds2_24_06_2022_82D2.tmp.jpg,2022.0,,0,0,4,0,0,0
my_images/0\ds2_24_06_2022_82E6.tmp.jpg,2022.0,,0,0,1,0,1,1
my_images/0\ds2_24_06_2022_99B8.tmp.jpg,2022.0,,0,0,0,0,0,0
my_images/0\ds2_24_06_2022_9CE3.tmp.jpg,2022.0,,0,0,1,0,0,0
my_images/0\ds2_24_06_2022_A102.tmp.jpg,2022.0,,0,0,0,0,0,0
my_images/0\ds2_24_06_2022_A20D.tmp.jpg,2022.0,,0,0,0,0,0,0
my_images/0\ds2_24_06_2022_BA0C.tmp.jpg,2022.0,,0,0,0,0,0,0
my_images/0\ds2_24_06_2022_EE39.tmp.jpg,2022.0,,0,4,0,0,0,0
my_images/0\ds2_24_09_2021_F935.tmp.jpg,2021.0,,0,0,0,0,1,0
my_images/0\ds2_25_03_2022_36BF.tmp.jpg,2022.0,,0,0,0,0,0,0
my_images/0\ds2_25_10_2021_D543.tmp.jpg,2021.0,,0,0,0,0,0,0
my_images/0\ds2_25_10_2021_D62D.tmp.jpg,2021.0,,0,0,0,0,2,0
my_images/0\ds2_27_04_2022_31FC.tmp.jpg,2022.0,,0,0,0,0,2,0
my_images/0\ds2_27_04_2022_8FD7.tmp.jpg,2022.0,,0,0,3,0,3,0
my_images/0\ds2_27_04_2022_91E8.tmp.jpg,2022.0,,0,0,0,0,0,0
my_images/0\ds2_27_09_2021_3A40.tmp.jpg,2021.0,,0,0,0,0,0,1
my_images/0\ds2_27_09_2021_4B96.tmp.jpg,2021.0,,0,0,0,0,0,0
my_images/0\ds2_28_03_2022_B00A.tmp.jpg,2022.0,,0,0,0,0,0,0
my_images/0\ds2_28_03_2022_B08E.tmp.jpg,2022.0,,0,0,0,0,0,0
my_images/0\ds2_28_03_2022_B0F1.tmp.jpg,2022.0,,0,0,0,0,0,0
my_images/0\ds2_28_10_2021_116F.tmp.jpg,2021.0,,0,0,0,0,0,0
my_images/0\ds2_28_10_2021_8606.tmp.jpg,2021.0,,0,0,0,0,1,0
my_images/0\ds2_28_10_2021_8627.tmp.jpg,2021.0,,0,0,2,0,0,0
my_images/0\ds2_28_10_2021_87B5.tmp.jpg,2021.0,,0,0,0,0,0,0
my_images/0\ds2_28_10_2021_A91C.tmp.jpg,2021.0,,0,0,0,0,0,0
my_images/0\ds2_29_03_2022_5440.tmp.jpg,2022.0,,0,0,0,0,0,0
my_images/0\ds2_29_03_2022_54F2.tmp.jpg,2022.0,,0,3,0,0,0,0
my_images/0\ds2_29_04_2022_E6AA.tmp.jpg,2022.0,,0,0,0,4,0,0
my_images/0\ds2_29_09_2021_2993.tmp.jpg,2021.0,,0,0,0,0,0,0
my_images/0\ds2_29_09_2021_71AC.tmp.jpg,2021.0,,0,0,2,0,1,0
my_images/0\ds2_30_03_2022_8451.tmp.jpg,2022.0,,0,0,0,0,0,3
my_images/0\ds2_30_03_2022_8540.tmp.jpg,2022.0,,0,0,0,0,0,1
my_images/0\ds2_30_03_2022_8778.tmp.jpg,2022.0,,0,3,0,0,0,0
my_images/1\ds1_1004_B_-22.9664498885018_-47.1472637165012.jpg,-22.9664498885018,-47.1472637165012,1,0,0,1,1,1
my_images/1\ds1_100_A_-22.9926870749462_-47.122441964661.jpg,-22.9926870749462,-47.122441964661,1,1,1,1,3,1
my_images/1\ds1_1038_B_-22.9684616975928_-47.1427709883935.jpg,-22.9684616975928,-47.1427709883935,1,1,0,1,1,1
my_images/1\ds1_1053_B_-22.9682561867012_-47.1422194343606.jpg,-22.9682561867012,-47.1422194343606,1,1,1,1,1,1
my_images/1\ds1_105_A_-22.9926040398595_-47.1207617203588.jpg,-22.9926040398595,-47.1207617203588,1,1,0,1,1,1
my_images/1\ds1_106_A_-22.9911533799349_-47.1217752611135.jpg,-22.9911533799349,-47.1217752611135,1,1,1,1,1,1
my_images/1\ds1_1071_B_-22.9688153179575_-47.1425356199041.jpg,-22.9688153179575,-47.1425356199041,1,3,3,3,3,4
my_images/1\ds1_107_A_-22.9924618714284_-47.1215741480735.jpg,-22.9924618714284,-47.1215741480735,1,1,1,2,2,1
my_images/1\ds1_109_A_-22.9921701021726_-47.1227894600895.jpg,-22.9921701021726,-47.1227894600895,1,1,1,1,1,1
my_images/1\ds1_1107_B_-22.968345580332_-47.1463978677881.jpg,-22.968345580332,-47.1463978677881,1,1,1,1,1,1
my_images/1\ds1_1109_B_-22.9697540829344_-47.1471697989355.jpg,-22.9697540829344,-47.1471697989355,1,1,1,1,1,1
my_images/1\ds1_112_A_-22.9925541650843_-47.1207709858423.jpg,-22.9925541650843,-47.1207709858423,1,1,1,1,1,1
my_images/1\ds1_113_A_-22.9908853863214_-47.1218297798477.jpg,-22.9908853863214,-47.1218297798477,1,1,1,1,1,1
my_images/1\ds1_1152_B_-22.9694227554267_-47.1455221402449.jpg,-22.9694227554267,-47.1455221402449,1,3,3,2,2,3
my_images/1\ds1_118_A_-22.9928426431953_-47.1208049504115.jpg,-22.9928426431953,-47.1208049504115,1,3,3,3,3,3
my_images/1\ds1_122_A_-22.9937350180753_-47.1198863341885.jpg,-22.9937350180753,-47.1198863341885,1,1,1,1,3,1
my_images/1\ds1_123_A_-22.9908621157096_-47.1219155319156.jpg,-22.9908621157096,-47.1219155319156,1,1,1,1,1,1
my_images/1\ds1_124_A_-22.9926549003712_-47.1204968491404.jpg,-22.9926549003712,-47.1204968491404,1,3,1,3,3,3
my_images/1\ds1_1251_C_-22.9411125088111_-47.0982965057691.jpg,-22.9411125088111,-47.0982965057691,1,0,3,3,3,0
my_images/1\ds1_1258_C_-22.9451530611126_-47.098075739329.jpg,-22.9451530611126,-47.098075739329,1,1,3,0,1,3
my_images/1\ds1_1259_C_-22.9452221843247_-47.0980856781017.jpg,-22.9452221843247,-47.0980856781017,1,1,2,2,3,1
my_images/1\ds1_125_A_-22.9908670701931_-47.1225630893611.jpg,-22.9908670701931,-47.1225630893611,1,1,3,2,3,3
my_images/1\ds1_1264_C_-22.9405116322404_-47.0993727983988.jpg,-22.9405116322404,-47.0993727983988,1,0,1,1,1,1
my_images/1\ds1_1266_C_-22.9411787784462_-47.098951990279.jpg,-22.9411787784462,-47.098951990279,1,2,2,2,2,2
my_images/1\ds1_1273_C_-22.9433653575218_-47.0986620670705.jpg,-22.9433653575218,-47.0986620670705,1,1,1,1,2,2
my_images/1\ds1_127_A_-22.9911351413292_-47.1211687482427.jpg,-22.9911351413292,-47.1211687482427,1,0,1,1,1,1
my_images/1\ds1_1286_C_-22.9446351350987_-47.0988199144482.jpg,-22.9446351350987,-47.0988199144482,1,3,3,3,3,3
my_images/1\ds1_128_A_-22.992324414719_-47.1212733676311.jpg,-22.992324414719,-47.1212733676311,1,1,1,2,2,1
my_images/1\ds1_130_A_-22.9908155327202_-47.1227031113488.jpg,-22.9908155327202,-47.1227031113488,1,1,1,1,1,1
my_images/1\ds1_1318_C_-22.9430089283131_-47.0986380051452.jpg,-22.9430089283131,-47.0986380051452,1,1,2,2,1,2
my_images/1\ds1_1319_C_-22.9431957022085_-47.098586620934.jpg,-22.9431957022085,-47.098586620934,1,1,0,1,1,1
my_images/1\ds1_1324_C_-22.9399184017382_-47.1017185280544.jpg,-22.9399184017382,-47.1017185280544,1,1,0,0,1,1
my_images/1\ds1_1332_C_-22.9422487602561_-47.1001993493877.jpg,-22.9422487602561,-47.1001993493877,1,2,3,2,3,2
my_images/1\ds1_134_A_-22.9913447499283_-47.1243174688186.jpg,-22.9913447499283,-47.1243174688186,1,1,1,1,2,1
my_images/1\ds1_135_A_-22.9908237837473_-47.1226668630303.jpg,-22.9908237837473,-47.1226668630303,1,0,0,1,1,0
my_images/1\ds1_1368_C_-22.9412914651053_-47.1003228064181.jpg,-22.9412914651053,-47.1003228064181,1,1,1,1,3,1
my_images/1\ds1_138_A_-22.9908317730989_-47.1226299279249.jpg,-22.9908317730989,-47.1226299279249,1,1,0,1,3,1
my_images/1\ds1_1421_C_-22.9409797555205_-47.0988918855793.jpg,-22.9409797555205,-47.0988918855793,1,1,1,1,3,1
my_images/1\ds1_1423_C_-22.9417714575295_-47.0997981089188.jpg,-22.9417714575295,-47.0997981089188,1,1,1,1,3,3
my_images/1\ds1_143_A_-22.9924376776081_-47.1207516092748.jpg,-22.9924376776081,-47.1207516092748,1,1,2,3,3,1
my_images/1\ds1_146_A_-22.9907870347743_-47.122767910673.jpg,-22.9907870347743,-47.122767910673,1,1,0,1,1,1
my_images/1\ds1_1473_C_-22.9413969072147_-47.0982933277625.jpg,-22.9413969072147,-47.0982933277625,1,1,1,1,1,1
my_images/1\ds1_147_A_-22.9924983226278_-47.1204775286693.jpg,-22.9924983226278,-47.1204775286693,1,3,3,3,3,3
my_images/1\ds1_148_A_-22.9922708161997_-47.1207113543341.jpg,-22.9922708161997,-47.1207113543341,1,1,1,2,1,1
my_images/1\ds1_1499_C_-22.9448393237736_-47.0984748865901.jpg,-22.9448393237736,-47.0984748865901,1,1,2,1,1,2
my_images/1\ds1_149_A_-22.9907722557606_-47.1221191271591.jpg,-22.9907722557606,-47.1221191271591,1,1,1,1,1,1
my_images/1\ds1_1500_C_-22.9456550994457_-47.098320692515.jpg,-22.9456550994457,-47.098320692515,1,0,0,0,1,1
my_images/1\ds1_1502_C_-22.9420417342834_-47.0991576821758.jpg,-22.9420417342834,-47.0991576821758,1,1,3,3,4,3
my_images/1\ds1_1516_C_-22.9422531942501_-47.1020859928796.jpg,-22.9422531942501,-47.1020859928796,1,1,1,1,1,1
my_images/1\ds1_153_A_-22.9923593795418_-47.1207392667502.jpg,-22.9923593795418,-47.1207392667502,1,1,1,1,1,1
my_images/1\ds1_1547_C_-22.9399773178757_-47.0997702093234.jpg,-22.9399773178757,-47.0997702093234,1,1,1,1,2,3
my_images/1\ds1_154_A_-22.9923972116322_-47.1207392731593.jpg,-22.9923972116322,-47.1207392731593,1,1,1,2,2,1
my_images/1\ds1_156_A_-22.9923060568128_-47.1207228284962.jpg,-22.9923060568128,-47.1207228284962,1,1,1,2,1,1
my_images/1\ds1_157_A_-22.992337301917_-47.1207359956895.jpg,-22.992337301917,-47.1207359956895,1,1,1,2,1,1
my_images/1\ds1_1581_C_-22.941146632903_-47.0995871916495.jpg,-22.941146632903,-47.0995871916495,1,3,1,2,2,2
my_images/1\ds1_159_A_-22.9907193662678_-47.1222859479144.jpg,-22.9907193662678,-47.1222859479144,1,1,1,1,1,1
my_images/1\ds1_1619_M_-22.9694304270183_-47.1353521222989.jpg,-22.9694304270183,-47.1353521222989,1,1,1,1,1,1
my_images/1\ds1_1620_M_-22.9694412984119_-47.1352690192664.jpg,-22.9694412984119,-47.1352690192664,1,1,1,1,1,2
my_images/1\ds1_1623_M_-22.969566946029_-47.1357127797305.jpg,-22.969566946029,-47.1357127797305,1,1,1,1,2,1
my_images/1\ds1_1650_M_-22.9713713611435_-47.1358862886437.jpg,-22.9713713611435,-47.1358862886437,1,1,0,1,1,1
my_images/1\ds1_1656_M_-22.9712040718735_-47.1357483101294.jpg,-22.9712040718735,-47.1357483101294,1,0,1,0,1,1
my_images/1\ds1_1658_M_-22.9706625830348_-47.1354612010372.jpg,-22.9706625830348,-47.1354612010372,1,1,0,1,1,1
my_images/1\ds1_1660_M_-22.97096837518638_-47.1353853078337.jpg,-22.97096837518638,-47.1353853078337,1,1,0,1,1,1
my_images/1\ds1_1662_M_-22.9693563129626_-47.135270607958.jpg,-22.9693563129626,-47.135270607958,1,1,1,1,1,1
my_images/1\ds1_1665_M_-22.9712383344463_-47.1305276684976.jpg,-22.9712383344463,-47.1305276684976,1,1,1,2,1,1
my_images/1\ds1_166_A_-22.9901340650256_-47.1196257337147.jpg,-22.9901340650256,-47.1196257337147,1,1,0,1,1,1
my_images/1\ds1_1678_M_-22.9712551702793_-47.1324345652518.jpg,-22.9712551702793,-47.1324345652518,1,1,0,1,1,1
my_images/1\ds1_1691_M_-22.9715269718599_-47.1332336771924.jpg,-22.9715269718599,-47.1332336771924,1,1,0,1,1,1
my_images/1\ds1_1692_M_-22.9716092425337_-47.1332928922742.jpg,-22.9716092425337,-47.1332928922742,1,1,1,1,1,1
my_images/1\ds1_169_A_-22.9908772087397_-47.1225005383412.jpg,-22.9908772087397,-47.1225005383412,1,3,3,2,3,3
my_images/1\ds1_1709_M_-22.9729316518429_-47.1347271274673.jpg,-22.9729316518429,-47.1347271274673,1,1,1,1,1,1
my_images/1\ds1_170_A_-22.9918879387015_-47.121206463919.jpg,-22.9918879387015,-47.121206463919,1,0,0,1,1,0
my_images/1\ds1_1725_M_-22.9677298603759_-47.1333745919829.jpg,-22.9677298603759,-47.1333745919829,1,2,2,2,1,3
my_images/1\ds1_1727_M_-22.9679629642618_-47.1335242264362.jpg,-22.9679629642618,-47.1335242264362,1,1,0,1,3,1
my_images/1\ds1_1734_M_-22.9683384668926_-47.1331634899607.jpg,-22.9683384668926,-47.1331634899607,1,3,1,3,3,1
my_images/1\ds1_1735_M_-22.9723120604868_-47.1320325655952.jpg,-22.9723120604868,-47.1320325655952,1,1,1,1,1,1
my_images/1\ds1_1736_M_-22.9724064424791_-47.1318829030033.jpg,-22.9724064424791,-47.1318829030033,1,1,3,1,1,2
my_images/1\ds1_1737_M_-22.9728312397773_-47.1315356990802.jpg,-22.9728312397773,-47.1315356990802,1,1,2,1,2,1
my_images/1\ds1_1739_M_-22.9721718306084_-47.1323104358699.jpg,-22.9721718306084,-47.1323104358699,1,1,1,3,3,1
my_images/1\ds1_1740_M_-22.9721379720932_-47.1324423099543.jpg,-22.9721379720932,-47.1324423099543,1,1,2,1,2,1
my_images/1\ds1_1741_M_-22.9708416491213_-47.1337039331594.jpg,-22.9708416491213,-47.1337039331594,1,1,2,1,1,2
my_images/1\ds1_1743_M_-22.970618843148_-47.1339964761741.jpg,-22.970618843148,-47.1339964761741,1,1,3,1,3,3
my_images/1\ds1_1746_M_-22.9717726840661_-47.132554074219.jpg,-22.9717726840661,-47.132554074219,1,2,1,2,2,3
my_images/1\ds1_1747_M_-22.9722733629309_-47.1316607266861.jpg,-22.9722733629309,-47.1316607266861,1,2,2,2,2,2
my_images/1\ds1_1751_M_-22.9700944642013_-47.1337661032174.jpg,-22.9700944642013,-47.1337661032174,1,1,1,1,1,1
my_images/1\ds1_1762_M_-22.971369190064_-47.1326142439227.jpg,-22.971369190064,-47.1326142439227,1,1,3,2,3,3
my_images/1\ds1_1763_M_-22.9714987340045_-47.1328966214898.jpg,-22.9714987340045,-47.1328966214898,1,1,2,2,3,1
my_images/1\ds1_1765_M_-22.9719021813198_-47.1349954548715.jpg,-22.9719021813198,-47.1349954548715,1,1,1,1,1,1
my_images/1\ds1_1766_M_-22.9721375206464_-47.1333276200288.jpg,-22.9721375206464,-47.1333276200288,1,1,1,1,1,1
my_images/1\ds1_1768_M_-22.9720853970716_-47.1334099791135.jpg,-22.9720853970716,-47.1334099791135,1,2,1,1,2,1
my_images/1\ds1_1769_M_-22.9721721327862_-47.1332717041539.jpg,-22.9721721327862,-47.1332717041539,1,1,1,1,1,1
my_images/1\ds1_1770_M_-22.9722398034054_-47.1331746698303.jpg,-22.9722398034054,-47.1331746698303,1,1,1,1,1,1
my_images/1\ds1_1771_M_-22.9723098150807_-47.1330647029987.jpg,-22.9723098150807,-47.1330647029987,1,2,2,1,1,1
my_images/1\ds1_1773_M_-22.9724884293271_-47.1332511264074.jpg,-22.9724884293271,-47.1332511264074,1,0,0,1,2,1
my_images/1\ds1_1774_M_-22.97244176457_-47.1333773547774.jpg,-22.97244176457,-47.1333773547774,1,1,1,1,3,1
my_images/1\ds1_1776_M_-22.9722274612703_-47.1336754959874.jpg,-22.9722274612703,-47.1336754959874,1,1,1,2,3,1
my_images/1\ds1_1777_M_-22.971963746641_-47.1350701425262.jpg,-22.971963746641,-47.1350701425262,1,1,1,1,1,1
my_images/1\ds1_1778_M_-22.9719275323627_-47.1350371988321.jpg,-22.9719275323627,-47.1350371988321,1,0,1,1,1,1
my_images/1\ds1_1779_M_-22.9720296213892_-47.1350997497659.jpg,-22.9720296213892,-47.1350997497659,1,1,1,1,1,1
my_images/1\ds1_177_A_-22.992931784467_-47.1190971604243.jpg,-22.992931784467,-47.1190971604243,1,0,3,2,3,1
my_images/1\ds1_1780_M_-22.9718229832508_-47.1349360919456.jpg,-22.9718229832508,-47.1349360919456,1,1,0,1,1,1
my_images/1\ds1_1781_M_-22.9717821379952_-47.1348246756169.jpg,-22.9717821379952,-47.1348246756169,1,0,0,0,1,1
my_images/1\ds1_1782_M_-22.9717558038277_-47.1347687770005.jpg,-22.9717558038277,-47.1347687770005,1,0,1,1,1,1
my_images/1\ds1_1783_M_-22.9717351831969_-47.1346842021366.jpg,-22.9717351831969,-47.1346842021366,1,0,0,1,1,1
my_images/1\ds1_1784_M_-22.9717285801118_-47.1346381700307.jpg,-22.9717285801118,-47.1346381700307,1,0,1,1,1,1
my_images/1\ds1_1785_M_-22.9717154751544_-47.1345855023697.jpg,-22.9717154751544,-47.1345855023697,1,2,2,2,2,2
my_images/1\ds1_1786_M_-22.971741779443_-47.1345162922286.jpg,-22.971741779443,-47.1345162922286,1,1,1,1,1,1
my_images/1\ds1_1787_M_-22.9724238971151_-47.1329105403971.jpg,-22.9724238971151,-47.1329105403971,1,1,2,1,1,1
my_images/1\ds1_1788_M_-22.972459481791_-47.1327488380611.jpg,-22.972459481791,-47.1327488380611,1,0,0,0,1,1
my_images/1\ds1_178_A_-22.9906150749411_-47.1225624617341.jpg,-22.9906150749411,-47.1225624617341,1,1,1,1,1,1
my_images/1\ds1_1792_M_-22.9717741747688_-47.134403784858.jpg,-22.9717741747688,-47.134403784858,1,0,1,2,2,0
my_images/1\ds1_1793_M_-22.9718070656052_-47.1343215140399.jpg,-22.9718070656052,-47.1343215140399,1,0,0,0,1,1
my_images/1\ds1_1794_M_-22.9718268763395_-47.1342852583858.jpg,-22.9718268763395,-47.1342852583858,1,0,0,1,1,0
my_images/1\ds1_1795_M_-22.9717840953394_-47.1343577200064.jpg,-22.9717840953394,-47.1343577200064,1,0,0,1,1,1
my_images/1\ds1_1796_M_-22.9724892499864_-47.1323853223688.jpg,-22.9724892499864,-47.1323853223688,1,1,1,1,1,1
my_images/1\ds1_1797_M_-22.9718577071772_-47.1342419600634.jpg,-22.9718577071772,-47.1342419600634,1,1,1,2,1,1
my_images/1\ds1_179_A_-22.9905915143607_-47.1226091983362.jpg,-22.9905915143607,-47.1226091983362,1,0,1,1,1,1
my_images/1\ds1_1800_M_-22.971988679339052_-47.13403151349756.jpg,-22.971988679339052,-47.13403151349756,1,1,2,2,3,2
my_images/1\ds1_1811_M_-22.9698017736952_-47.1321357032898.jpg,-22.9698017736952,-47.1321357032898,1,1,0,1,1,1
my_images/1\ds1_1812_M_-22.9697791256017_-47.132315742859.jpg,-22.9697791256017,-47.132315742859,1,0,0,1,1,1
my_images/1\ds1_1827_M_-22.9736535289946_-47.1335743619424.jpg,-22.9736535289946,-47.1335743619424,1,1,1,1,1,1
my_images/1\ds1_1828_M_-22.9736189393116_-47.1335414437105.jpg,-22.9736189393116,-47.1335414437105,1,1,3,2,3,3
my_images/1\ds1_1829_M_-22.9737193905882_-47.1336384885725.jpg,-22.9737193905882,-47.1336384885725,1,3,3,2,3,3
my_images/1\ds1_182_A_-22.9920307713593_-47.120681365938.jpg,-22.9920307713593,-47.120681365938,1,1,0,1,1,1
my_images/1\ds1_1832_M_-22.9735834377084_-47.1335091937581.jpg,-22.9735834377084,-47.1335091937581,1,2,3,2,2,3
my_images/1\ds1_1836_M_-22.9730793096567_-47.1330153613321.jpg,-22.9730793096567,-47.1330153613321,1,1,0,1,1,1
my_images/1\ds1_1837_M_-22.9731808764946_-47.1331301703635.jpg,-22.9731808764946,-47.1331301703635,1,1,3,2,3,2
my_images/1\ds1_183_A_-22.9919980843707_-47.120445520685.jpg,-22.9919980843707,-47.120445520685,1,1,1,1,1,1
my_images/1\ds1_1841_M_-22.9723180592991_-47.1306940037026.jpg,-22.9723180592991,-47.1306940037026,1,1,1,1,1,1
my_images/1\ds1_1847_M_-22.9708501071849_-47.1315461320396.jpg,-22.9708501071849,-47.1315461320396,1,3,0,1,3,3
my_images/1\ds1_1848_M_-22.9715395757301_-47.1315122970404.jpg,-22.9715395757301,-47.1315122970404,1,1,1,1,1,1
my_images/1\ds1_1855_M_-22.9700066784667_-47.1315406904984.jpg,-22.9700066784667,-47.1315406904984,1,1,0,1,1,1
my_images/1\ds1_1856_M_-22.9700527488172_-47.131539073554.jpg,-22.9700527488172,-47.131539073554,1,1,0,1,1,1
my_images/1\ds1_1857_M_-22.9701037854557_-47.1315374370717.jpg,-22.9701037854557,-47.1315374370717,1,0,0,1,1,0
my_images/1\ds1_1858_M_-22.9699490939189_-47.1315391038217.jpg,-22.9699490939189,-47.1315391038217,1,3,3,1,1,3
my_images/1\ds1_185_A_-22.9916714240258_-47.1180969266829.jpg,-22.9916714240258,-47.1180969266829,1,0,0,1,1,1
my_images/1\ds1_1868_M_-22.9705321665529_-47.13011123063.jpg,-22.9705321665529,-47.13011123063,1,1,1,2,1,2
my_images/1\ds1_186_A_-22.9905683243185_-47.122682175346.jpg,-22.9905683243185,-47.122682175346,1,1,1,1,1,1
my_images/1\ds1_1877_M_-22.9716237980275_-47.1306948083663.jpg,-22.9716237980275,-47.1306948083663,1,1,1,1,2,1
my_images/1\ds1_1879_M_-22.9716306000242_-47.1308671219446.jpg,-22.9716306000242,-47.1308671219446,1,1,0,1,1,1
my_images/1\ds1_1883_M_-22.9719117519636_-47.1313045883313.jpg,-22.9719117519636,-47.1313045883313,1,3,3,2,2,3
my_images/1\ds1_1886_M_-22.970561620808_-47.1302870044033.jpg,-22.970561620808,-47.1302870044033,1,1,1,1,1,1
my_images/1\ds1_188_A_-22.9917674386608_-47.1211833183255.jpg,-22.9917674386608,-47.1211833183255,1,0,0,0,1,0
my_images/1\ds1_1904_M_-22.9693900906096_-47.1334585030355.jpg,-22.9693900906096,-47.1334585030355,1,1,0,1,1,1
my_images/1\ds1_1905_M_-22.9696151408132_-47.1336831939615.jpg,-22.9696151408132,-47.1336831939615,1,1,1,2,3,1
my_images/1\ds1_1907_M_-22.9696404930274_-47.1333359664383.jpg,-22.9696404930274,-47.1333359664383,1,3,3,2,3,2
my_images/1\ds1_190_A_-22.9927618788868_-47.1190414502838.jpg,-22.9927618788868,-47.1190414502838,1,3,3,2,3,3
my_images/1\ds1_1915_M_-22.9685032558146_-47.1337195455668.jpg,-22.9685032558146,-47.1337195455668,1,1,1,1,1,1
my_images/1\ds1_1916_M_-22.9686901734858_-47.133959822623.jpg,-22.9686901734858,-47.133959822623,1,1,1,2,1,1
my_images/1\ds1_1925_M_-22.9736917509313_-47.1328882709455.jpg,-22.9736917509313,-47.1328882709455,1,3,3,3,3,3
my_images/1\ds1_192_A_-22.9919360095342_-47.1206645723984.jpg,-22.9919360095342,-47.1206645723984,1,1,2,2,1,2
my_images/1\ds1_1936_M_-22.9742324103839_-47.1335524516452.jpg,-22.9742324103839,-47.1335524516452,1,1,1,1,2,1
my_images/1\ds1_1940_M_-22.9731898749868_-47.1323946706838.jpg,-22.9731898749868,-47.1323946706838,1,0,0,1,1,1
my_images/1\ds1_1943_M_-22.9735119857161_-47.1326867134809.jpg,-22.9735119857161,-47.1326867134809,1,1,3,1,3,1
my_images/1\ds1_1948_M_-22.9725624731787_-47.1352142189134.jpg,-22.9725624731787,-47.1352142189134,1,0,0,1,1,1
my_images/1\ds1_1949_M_-22.9726216352307_-47.1349584283103.jpg,-22.9726216352307,-47.1349584283103,1,1,1,1,1,1
my_images/1\ds1_1950_M_-22.9727291175043_-47.1353757740673.jpg,-22.9727291175043,-47.1353757740673,1,1,0,1,1,1
my_images/1\ds1_1952_M_-22.9723286223398_-47.1347453377762.jpg,-22.9723286223398,-47.1347453377762,1,1,2,1,1,1
my_images/1\ds1_195_A_-22.9915272227606_-47.1180568341211.jpg,-22.9915272227606,-47.1180568341211,1,0,0,1,1,1
my_images/1\ds1_1968_M_-22.9699562605424_-47.1329657058323.jpg,-22.9699562605424,-47.1329657058323,1,2,3,2,3,2
my_images/1\ds1_1972_M_-22.9684860230455_-47.1310952806842.jpg,-22.9684860230455,-47.1310952806842,1,1,1,1,3,1
my_images/1\ds1_1982_M_-22.968794264903_-47.1309754032142.jpg,-22.968794264903,-47.1309754032142,1,1,1,1,1,3
my_images/1\ds1_1985_M_-22.9699115986446_-47.1361133398537.jpg,-22.9699115986446,-47.1361133398537,1,1,1,1,1,1
my_images/1\ds1_198_A_-22.9904822118266_-47.1228957759239.jpg,-22.9904822118266,-47.1228957759239,1,1,1,2,1,1
my_images/1\ds1_1991_M_-22.9694297847624_-47.1360947402358.jpg,-22.9694297847624,-47.1360947402358,1,1,0,1,1,3
my_images/1\ds1_1994_M_-22.9721492092702_-47.1325678387591.jpg,-22.9721492092702,-47.1325678387591,1,0,0,0,1,1
my_images/1\ds1_1996_M_-22.9718709810404_-47.1326904781145.jpg,-22.9718709810404,-47.1326904781145,1,1,1,1,1,1
my_images/1\ds1_1997_M_-22.9718759172349_-47.1327530611425.jpg,-22.9718759172349,-47.1327530611425,1,1,1,1,1,1
my_images/1\ds1_1999_M_-22.9708810918161_-47.1343083453305.jpg,-22.9708810918161,-47.1343083453305,1,1,2,2,2,1
my_images/1\ds1_19_A_-22.989792_-47.119015.jpg,-22.989792,-47.119015,1,1,0,1,1,1
my_images/1\ds1_2000_M_-22.972144779708_-47.1329885527665.jpg,-22.972144779708,-47.1329885527665,1,1,1,2,1,2
my_images/1\ds1_2005_M_-22.9723718495858_-47.135390186487.jpg,-22.9723718495858,-47.135390186487,1,1,1,1,1,1
my_images/1\ds1_2006_M_-22.9724179289649_-47.1355218709384.jpg,-22.9724179289649,-47.1355218709384,1,2,2,2,2,3
my_images/1\ds1_2010_M_-22.9720597130383_-47.1349907165487.jpg,-22.9720597130383,-47.1349907165487,1,0,0,0,1,1
my_images/1\ds1_2017_M_-22.9728382976967_-47.1341011084819.jpg,-22.9728382976967,-47.1341011084819,1,1,1,1,1,1
my_images/1\ds1_2019_M_-22.9684333884248_-47.1311150291502.jpg,-22.9684333884248,-47.1311150291502,1,1,1,1,3,1
my_images/1\ds1_201_A_-22.9913510460801_-47.1180041489544.jpg,-22.9913510460801,-47.1180041489544,1,1,1,1,1,1
my_images/1\ds1_2020_M_-22.9679298131136_-47.1328545949127.jpg,-22.9679298131136,-47.1328545949127,1,3,2,2,3,3
my_images/1\ds1_202_A_-22.9911377293191_-47.1179199679005.jpg,-22.9911377293191,-47.1179199679005,1,1,1,1,1,1
my_images/1\ds1_2035_M_-22.969524181448_-47.1353363375226.jpg,-22.969524181448,-47.1353363375226,1,1,2,2,3,1
my_images/1\ds1_2038_M_-22.97015763866_-47.135331033446.jpg,-22.97015763866,-47.135331033446,1,1,1,1,1,1
my_images/1\ds1_2040_M_-22.970439_-47.135560.jpg,-22.970439,-47.13556,1,1,0,1,1,1
my_images/1\ds1_2046_M_-22.9709098283275_-47.1359347061805.jpg,-22.9709098283275,-47.1359347061805,1,2,3,3,2,3
my_images/1\ds1_204_A_-22.9927147083874_-47.1221991621222.jpg,-22.9927147083874,-47.1221991621222,1,1,1,1,1,1
my_images/1\ds1_2053_M_-22.9712684556306_-47.1306252084544.jpg,-22.9712684556306,-47.1306252084544,1,1,0,1,1,1
my_images/1\ds1_2060_M_-22.9720361792971_-47.1336155925676.jpg,-22.9720361792971,-47.1336155925676,1,1,1,1,1,1
my_images/1\ds1_206_A_-22.9923978751577_-47.1236806256833.jpg,-22.9923978751577,-47.1236806256833,1,1,1,1,2,1
my_images/1\ds1_2073_M_-22.9695298287258_-47.1329646618791.jpg,-22.9695298287258,-47.1329646618791,1,2,3,2,3,3
my_images/1\ds1_2074_M_-22.969650409836447_-47.13302663774262.jpg,-22.969650409836447,-47.13302663774262,1,1,1,2,2,1
my_images/1\ds1_2077_M_-22.9683187900116_-47.1332027492113.jpg,-22.9683187900116,-47.1332027492113,1,3,3,3,3,1
my_images/1\ds1_2081_M_-22.972799878338_-47.1315446654045.jpg,-22.972799878338,-47.1315446654045,1,1,1,2,2,1
my_images/1\ds1_2083_M_-22.9723375630337_-47.1317557006065.jpg,-22.9723375630337,-47.1317557006065,1,2,2,2,2,2
my_images/1\ds1_2085_M_-22.9708280846542_-47.1333677066342.jpg,-22.9708280846542,-47.1333677066342,1,1,1,1,1,1
my_images/1\ds1_2087_M_-22.9698811510892_-47.1340041021692.jpg,-22.9698811510892,-47.1340041021692,1,3,3,2,3,2
my_images/1\ds1_2093_M_-22.9723898793837_-47.1317046819113.jpg,-22.9723898793837,-47.1317046819113,1,2,2,2,2,2
my_images/1\ds1_2096_M_-22.972949863242_-47.1311747148302.jpg,-22.972949863242,-47.1311747148302,1,0,0,1,1,1
my_images/1\ds1_2098_M_-22.9718640280017_-47.1349602559151.jpg,-22.9718640280017,-47.1349602559151,1,0,0,1,1,1
my_images/1\ds1_20_A_-22.9892254438523_-47.1215955960513.jpg,-22.9892254438523,-47.1215955960513,1,3,3,2,3,3
my_images/1\ds1_2115_M_-22.9698343036538_-47.1312082465733.jpg,-22.9698343036538,-47.1312082465733,1,3,3,3,3,3
my_images/1\ds1_2127_M_-22.9723898250572_-47.1311046843152.jpg,-22.9723898250572,-47.1311046843152,1,3,3,3,2,1
my_images/1\ds1_212_A_-22.992394973945_-47.1190047037259.jpg,-22.992394973945,-47.1190047037259,1,1,1,1,1,1
my_images/1\ds1_2131_M_-22.97022058768341_-47.1318486840456.jpg,-22.97022058768341,-47.1318486840456,1,1,1,1,1,1
my_images/1\ds1_2134_M_-22.9701740296272_-47.13152646053.jpg,-22.9701740296272,-47.13152646053,1,1,0,1,1,1
my_images/1\ds1_2136_M_-22.9699066653503_-47.1315348376378.jpg,-22.9699066653503,-47.1315348376378,1,3,3,2,3,3
my_images/1\ds1_213_A_-22.990470527599_-47.1235718410636.jpg,-22.990470527599,-47.1235718410636,1,3,3,2,3,3
my_images/1\ds1_2140_M_-22.9719480755511_-47.1318580234342.jpg,-22.9719480755511,-47.1318580234342,1,1,1,2,2,2
my_images/1\ds1_214_A_-22.9916144505769_-47.120349992751.jpg,-22.9916144505769,-47.120349992751,1,1,0,2,1,1
my_images/1\ds1_2150_M_-22.9705801981999_-47.1301049128507.jpg,-22.9705801981999,-47.1301049128507,1,3,3,2,3,3
my_images/1\ds1_2152_M_-22.971653041376_-47.1302646160785.jpg,-22.971653041376,-47.1302646160785,1,1,1,1,1,1
my_images/1\ds1_2154_M_-22.971663872851_-47.1309614817079.jpg,-22.971663872851,-47.1309614817079,1,3,3,2,3,3
my_images/1\ds1_2164_M_-22.9703398536414_-47.1321446413428.jpg,-22.9703398536414,-47.1321446413428,1,0,1,1,1,2
my_images/1\ds1_2165_M_-22.9702898366049_-47.1322047028821.jpg,-22.9702898366049,-47.1322047028821,1,1,2,2,3,2
my_images/1\ds1_2166_M_-22.9703098847054_-47.1322447048607.jpg,-22.9703098847054,-47.1322447048607,1,1,2,2,2,1
my_images/1\ds1_216_A_-22.991528338681_-47.120314316925.jpg,-22.991528338681,-47.120314316925,1,1,1,1,1,1
my_images/1\ds1_2171_M_-22.969466861989_-47.1334304722229.jpg,-22.969466861989,-47.1334304722229,1,3,3,3,3,3
my_images/1\ds1_2172_M_-22.9693193797453_-47.1334700560101.jpg,-22.9693193797453,-47.1334700560101,1,1,3,1,1,1
my_images/1\ds1_2174_M_-22.9694968821335_-47.133400423116.jpg,-22.9694968821335,-47.133400423116,1,1,3,1,3,1
my_images/1\ds1_2179_M_-22.9685365369804_-47.1337222258033.jpg,-22.9685365369804,-47.1337222258033,1,3,3,2,3,1
my_images/1\ds1_2181_M_-22.9687549167438_-47.1336600049854.jpg,-22.9687549167438,-47.1336600049854,1,3,3,3,3,2
my_images/1\ds1_2182_M_-22.9688028595429_-47.1336478586086.jpg,-22.9688028595429,-47.1336478586086,1,3,3,3,3,3
my_images/1\ds1_2191_M_-22.9721775737673_-47.1348418524278.jpg,-22.9721775737673,-47.1348418524278,1,1,0,1,1,1
my_images/1\ds1_2194_M_-22.9728043649046_-47.1354326378368.jpg,-22.9728043649046,-47.1354326378368,1,1,3,2,2,1
my_images/1\ds1_21_A_-22.9892057132081_-47.1215182422639.jpg,-22.9892057132081,-47.1215182422639,1,1,0,2,3,1
my_images/1\ds1_2201_M_-22.9687368980897_-47.1309951213202.jpg,-22.9687368980897,-47.1309951213202,1,2,3,2,3,2
my_images/1\ds1_2211_M_-22.9704598317673_-47.1361747196771.jpg,-22.9704598317673,-47.1361747196771,1,3,3,3,3,3
my_images/1\ds1_2212_M_-22.970051719888_-47.1361244472962.jpg,-22.970051719888,-47.1361244472962,1,2,3,2,3,3
my_images/1\ds1_2214_M_-22.9719598103716_-47.1326246875408.jpg,-22.9719598103716,-47.1326246875408,1,1,1,1,1,1
my_images/1\ds1_2215_M_-22.971959839608_-47.132984704166.jpg,-22.971959839608,-47.132984704166,1,1,3,2,1,3
my_images/1\ds1_2216_M_-22.9719498725543_-47.1331147267264.jpg,-22.9719498725543,-47.1331147267264,1,1,3,2,3,1
my_images/1\ds1_221_A_-22.9924507109372_-47.1234506046822.jpg,-22.9924507109372,-47.1234506046822,1,1,0,1,3,3
my_images/1\ds1_2221_M_-22.9724565847145_-47.1351212143336.jpg,-22.9724565847145,-47.1351212143336,1,1,0,1,1,1
my_images/1\ds1_2222_M_-22.9725129963612_-47.1356418810208.jpg,-22.9725129963612,-47.1356418810208,1,0,1,2,1,1
my_images/1\ds1_222_A_-22.9913778331682_-47.120313524505.jpg,-22.9913778331682,-47.120313524505,1,1,1,1,1,1
my_images/1\ds1_224_A_-22.9902280464445_-47.1235754566643.jpg,-22.9902280464445,-47.1235754566643,1,1,1,1,1,1
my_images/1\ds1_228_A_-22.9933666930461_-47.1206366186996.jpg,-22.9933666930461,-47.1206366186996,1,1,1,1,1,1
my_images/1\ds1_229_A_-22.9932876817871_-47.1206168527867.jpg,-22.9932876817871,-47.1206168527867,1,1,1,1,1,1
my_images/1\ds1_230_A_-22.9932416308111_-47.1206102809921.jpg,-22.9932416308111,-47.1206102809921,1,0,0,1,1,1
my_images/1\ds1_232_A_-22.9913454032968_-47.1205843380701.jpg,-22.9913454032968,-47.1205843380701,1,0,0,1,1,0
my_images/1\ds1_234_A_-22.9924491077837_-47.1197227704506.jpg,-22.9924491077837,-47.1197227704506,1,2,3,2,2,2
my_images/1\ds1_23_A_-22.9895599566573_-47.1225199111571.jpg,-22.9895599566573,-47.1225199111571,1,1,1,1,1,1
my_images/1\ds1_240_A_-22.9925043010487_-47.1228680319961.jpg,-22.9925043010487,-47.1228680319961,1,1,1,1,1,1
my_images/1\ds1_241_A_-22.9907814757781_-47.1178159029507.jpg,-22.9907814757781,-47.1178159029507,1,0,1,1,1,1
my_images/1\ds1_243_A_-22.9925878414212_-47.1232368249283.jpg,-22.9925878414212,-47.1232368249283,1,3,3,2,1,1
my_images/1\ds1_245_A_-22.9914088653323_-47.1205987890505.jpg,-22.9914088653323,-47.1205987890505,1,1,0,1,2,1
my_images/1\ds1_249_A_-22.9926520479615_-47.1231284037293.jpg,-22.9926520479615,-47.1231284037293,1,1,1,1,1,1
my_images/1\ds1_251_A_-22.9920418070036_-47.118993919409.jpg,-22.9920418070036,-47.118993919409,1,1,0,2,1,1
my_images/1\ds1_253_A_-22.9927056799471_-47.1225291533206.jpg,-22.9927056799471,-47.1225291533206,1,1,1,1,2,1
my_images/1\ds1_254_A_-22.9922815473905_-47.119957241828.jpg,-22.9922815473905,-47.119957241828,1,1,3,1,2,1
my_images/1\ds1_261_A_-22.9913937572454_-47.1195557919633.jpg,-22.9913937572454,-47.1195557919633,1,3,3,3,3,3
my_images/1\ds1_262_A_-22.9918310324963_-47.1196237752609.jpg,-22.9918310324963,-47.1196237752609,1,1,1,1,3,1
my_images/1\ds1_268_A_-22.9930991978609_-47.1217659109517.jpg,-22.9930991978609,-47.1217659109517,1,1,0,1,1,1
my_images/1\ds1_269_A_-22.9916761553708_-47.1196055553821.jpg,-22.9916761553708,-47.1196055553821,1,1,1,2,1,1
my_images/1\ds1_26_A_-22.9898844906904_-47.1225314262321.jpg,-22.9898844906904,-47.1225314262321,1,0,1,1,1,1
my_images/1\ds1_283_A_-22.9912903902031_-47.1188934300613.jpg,-22.9912903902031,-47.1188934300613,1,0,0,1,1,0
my_images/1\ds1_284_A_-22.9911698946146_-47.1197940631911.jpg,-22.9911698946146,-47.1197940631911,1,1,0,1,1,1
my_images/1\ds1_285_A_-22.9934625098876_-47.1209184144012.jpg,-22.9934625098876,-47.1209184144012,1,1,0,1,1,1
my_images/1\ds1_289_A_-22.9910180714103_-47.1187854071308.jpg,-22.9910180714103,-47.1187854071308,1,1,1,1,1,1
my_images/1\ds1_291_A_-22.9908505973313_-47.1186829234662.jpg,-22.9908505973313,-47.1186829234662,1,1,1,1,1,1
my_images/1\ds1_295_A_-22.9934430422663_-47.1202349215925.jpg,-22.9934430422663,-47.1202349215925,1,3,3,2,3,1
my_images/1\ds1_307_A_-22.9931917880697_-47.1205901909819.jpg,-22.9931917880697,-47.1205901909819,1,1,1,1,1,1
my_images/1\ds1_309_A_-22.9928780755496_-47.1221969396261.jpg,-22.9928780755496,-47.1221969396261,1,1,1,1,1,1
my_images/1\ds1_312_A_-22.9911525045116_-47.1227028260856.jpg,-22.9911525045116,-47.1227028260856,1,1,1,1,1,1
my_images/1\ds1_314_A_-22.9911870767294_-47.123161451144.jpg,-22.9911870767294,-47.123161451144,1,2,1,1,2,1
my_images/1\ds1_316_A_-22.990936041113_-47.1232306665029.jpg,-22.990936041113,-47.1232306665029,1,0,1,2,3,1
my_images/1\ds1_318_A_-22.9911051538204_-47.1233453722201.jpg,-22.9911051538204,-47.1233453722201,1,1,0,1,2,1
my_images/1\ds1_319_A_-22.9908668072135_-47.1233975236335.jpg,-22.9908668072135,-47.1233975236335,1,1,1,1,1,1
my_images/1\ds1_31_A_-22.9912457715798_-47.1176729606267.jpg,-22.9912457715798,-47.1176729606267,1,1,1,2,1,1
my_images/1\ds1_320_A_-22.9908139122827_-47.12353098971.jpg,-22.9908139122827,-47.12353098971,1,1,1,1,1,1
my_images/1\ds1_323_A_-22.9912373017821_-47.1224728192194.jpg,-22.9912373017821,-47.1224728192194,1,1,1,1,1,1
my_images/1\ds1_325_A_-22.9895956682795_-47.1220044609626.jpg,-22.9895956682795,-47.1220044609626,1,1,1,2,2,1
my_images/1\ds1_326_A_-22.9896458298126_-47.1220074887953.jpg,-22.9896458298126,-47.1220074887953,1,1,1,1,1,1
my_images/1\ds1_329_A_-22.9898190369784_-47.1220188783184.jpg,-22.9898190369784,-47.1220188783184,1,1,1,1,1,1
my_images/1\ds1_32_A_-22.9917593799169_-47.1180015529253.jpg,-22.9917593799169,-47.1180015529253,1,1,1,2,2,1
my_images/1\ds1_330_A_-22.9899014048246_-47.1220172411423.jpg,-22.9899014048246,-47.1220172411423,1,1,3,3,3,1
my_images/1\ds1_331_A_-22.9898536845753_-47.1220139589065.jpg,-22.9898536845753,-47.1220139589065,1,1,1,1,1,1
my_images/1\ds1_333_A_-22.9893507049185_-47.1219978980151.jpg,-22.9893507049185,-47.1219978980151,1,3,3,2,2,1
my_images/1\ds1_340_A_-22.9890574276067_-47.1205765577865.jpg,-22.9890574276067,-47.1205765577865,1,1,1,1,1,1
my_images/1\ds1_34_A_-22.9912808531377_-47.1179731119873.jpg,-22.9912808531377,-47.1179731119873,1,0,0,1,1,1
my_images/1\ds1_351_A_-22.9892250830924_-47.1203080575835.jpg,-22.9892250830924,-47.1203080575835,1,1,1,1,1,1
my_images/1\ds1_352_A_-22.9907355195663_-47.1207366970521.jpg,-22.9907355195663,-47.1207366970521,1,0,0,0,1,0
my_images/1\ds1_354_A_-22.990660130438_-47.1215586430038.jpg,-22.990660130438,-47.1215586430038,1,1,1,1,1,1
my_images/1\ds1_358_A_-22.9908280515269_-47.1205154902374.jpg,-22.9908280515269,-47.1205154902374,1,1,1,1,1,1
my_images/1\ds1_364_A_-22.9902734138209_-47.1225353667241.jpg,-22.9902734138209,-47.1225353667241,1,1,1,2,2,2
my_images/1\ds1_366_A_-22.9902164115359_-47.122665452452.jpg,-22.9902164115359,-47.122665452452,1,1,1,2,1,3
my_images/1\ds1_36_A_-22.9926281262927_-47.1215855263631.jpg,-22.9926281262927,-47.1215855263631,1,0,0,1,2,1
my_images/1\ds1_370_A_-22.9901360973116_-47.1229920785485.jpg,-22.9901360973116,-47.1229920785485,1,2,3,3,3,1
my_images/1\ds1_372_A_-22.9901491393724_-47.1232449729768.jpg,-22.9901491393724,-47.1232449729768,1,1,1,1,3,3
my_images/1\ds1_376_A_-22.9907981311385_-47.1205854367749.jpg,-22.9907981311385,-47.1205854367749,1,0,1,1,1,1
my_images/1\ds1_377_A_-22.9901184696557_-47.1223537864849.jpg,-22.9901184696557,-47.1223537864849,1,1,1,2,2,2
my_images/1\ds1_379_A_-22.9907709177182_-47.1212486805984.jpg,-22.9907709177182,-47.1212486805984,1,0,1,1,2,1
my_images/1\ds1_381_A_-22.9936812190913_-47.1223248841434.jpg,-22.9936812190913,-47.1223248841434,1,1,1,1,1,1
my_images/1\ds1_382_A_-22.9897540051624_-47.1205040629816.jpg,-22.9897540051624,-47.1205040629816,1,1,1,1,1,1
my_images/1\ds1_383_A_-22.9937378594453_-47.1222352638115.jpg,-22.9937378594453,-47.1222352638115,1,1,1,3,3,1
my_images/1\ds1_384_A_-22.9927426467407_-47.123401730237.jpg,-22.9927426467407,-47.123401730237,1,0,1,1,1,1
my_images/1\ds1_389_A_-22.9928231638691_-47.1232822511092.jpg,-22.9928231638691,-47.1232822511092,1,1,1,1,1,1
my_images/1\ds1_391_A_-22.9928832718534_-47.1232168730314.jpg,-22.9928832718534,-47.1232168730314,1,0,0,1,1,0
my_images/1\ds1_392_A_-22.9929161909265_-47.1231725254441.jpg,-22.9929161909265,-47.1231725254441,1,1,1,1,1,1
my_images/1\ds1_395_A_-22.9900104975768_-47.1200744713565.jpg,-22.9900104975768,-47.1200744713565,1,1,1,1,1,1
my_images/1\ds1_397_A_-22.9931084422134_-47.1229487818932.jpg,-22.9931084422134,-47.1229487818932,1,0,0,1,1,1
my_images/1\ds1_398_A_-22.9932758611596_-47.1231224675554.jpg,-22.9932758611596,-47.1231224675554,1,1,0,1,1,1
my_images/1\ds1_399_A_-22.9899406381614_-47.1206119187698.jpg,-22.9899406381614,-47.1206119187698,1,1,3,2,3,3
my_images/1\ds1_39_A_-22.9922685864347_-47.121524798805.jpg,-22.9922685864347,-47.121524798805,1,1,2,1,1,1
my_images/1\ds1_3_A_-22.9896793652938_-47.1193518704694.jpg,-22.9896793652938,-47.1193518704694,1,2,3,2,3,2
my_images/1\ds1_402_A_-22.9900232747802_-47.1204756012708.jpg,-22.9900232747802,-47.1204756012708,1,3,3,2,3,3
my_images/1\ds1_403_A_-22.9934810316432_-47.1227298110112.jpg,-22.9934810316432,-47.1227298110112,1,1,1,1,1,1
my_images/1\ds1_405_A_-22.993325323321_-47.1230362465016.jpg,-22.993325323321,-47.1230362465016,1,0,0,1,1,1
my_images/1\ds1_414_A_-22.9895555197695_-47.1207957806701.jpg,-22.9895555197695,-47.1207957806701,1,1,1,1,1,1
my_images/1\ds1_415_A_-22.9934642287896_-47.1222253251184.jpg,-22.9934642287896,-47.1222253251184,1,3,1,1,3,1
my_images/1\ds1_417_A_-22.9935103924995_-47.1221561194831.jpg,-22.9935103924995,-47.1221561194831,1,3,3,2,3,1
my_images/1\ds1_418_A_-22.9904445456891_-47.1197562973031.jpg,-22.9904445456891,-47.1197562973031,1,0,1,1,2,1
my_images/1\ds1_423_A_-22.9938449053329_-47.122009209011.jpg,-22.9938449053329,-47.122009209011,1,1,0,1,1,1
my_images/1\ds1_426_A_-22.9938507279661_-47.1213928198182.jpg,-22.9938507279661,-47.1213928198182,1,1,1,1,1,1
my_images/1\ds1_427_A_-22.994128617748_-47.1214285712308.jpg,-22.994128617748,-47.1214285712308,1,1,1,1,2,1
my_images/1\ds1_428_A_-22.9939571847043_-47.1211365208649.jpg,-22.9939571847043,-47.1211365208649,1,1,1,1,1,1
my_images/1\ds1_432_A_-22.9943821605415_-47.1202892010276.jpg,-22.9943821605415,-47.1202892010276,1,1,0,1,1,0
my_images/1\ds1_434_A_-22.9936980891173_-47.1222855514688.jpg,-22.9936980891173,-47.1222855514688,1,1,1,3,3,1
my_images/1\ds1_444_A_-22.9906269236535_-47.1175914346146.jpg,-22.9906269236535,-47.1175914346146,1,1,0,1,1,0
my_images/1\ds1_447_A_-22.9911910077479_-47.1176388338401.jpg,-22.9911910077479,-47.1176388338401,1,1,1,2,2,1
my_images/1\ds1_449_A_-22.989303551029_-47.1222510845226.jpg,-22.989303551029,-47.1222510845226,1,1,1,1,1,1
my_images/1\ds1_452_A_-22.9909690209137_-47.1212753803398.jpg,-22.9909690209137,-47.1212753803398,1,1,1,1,1,1
my_images/1\ds1_454_A_-22.9912190259835_-47.1208853787134.jpg,-22.9912190259835,-47.1208853787134,1,1,1,1,1,1
my_images/1\ds1_45_A_-22.9927779295491_-47.1216117641987.jpg,-22.9927779295491,-47.1216117641987,1,3,3,2,3,3
my_images/1\ds1_462_A_-22.9912790446214_-47.1226054264993.jpg,-22.9912790446214,-47.1226054264993,1,1,1,1,1,1
my_images/1\ds1_466_A_-22.991288960284_-47.1231453936513.jpg,-22.991288960284,-47.1231453936513,1,0,0,1,1,0
my_images/1\ds1_473_A_-22.9916490262143_-47.1201953672227.jpg,-22.9916490262143,-47.1201953672227,1,1,0,1,2,0
my_images/1\ds1_474_A_-22.9904189789549_-47.1233154174352.jpg,-22.9904189789549,-47.1233154174352,1,2,1,2,2,1
my_images/1\ds1_478_A_-22.9922190097159_-47.1224953993803.jpg,-22.9922190097159,-47.1224953993803,1,3,3,2,3,3
my_images/1\ds1_479_A_-22.9921624508948_-47.1196695270717.jpg,-22.9921624508948,-47.1196695270717,1,1,1,1,1,1
my_images/1\ds1_480_A_-22.9917857791282_-47.1196200208263.jpg,-22.9917857791282,-47.1196200208263,1,1,1,2,4,1
my_images/1\ds1_484_A_-22.9929590089501_-47.1207053406689.jpg,-22.9929590089501,-47.1207053406689,1,2,3,2,2,1
my_images/1\ds1_485_A_-22.9926289783354_-47.1218453543655.jpg,-22.9926289783354,-47.1218453543655,1,0,0,1,1,1
my_images/1\ds1_489_A_-22.9906989937812_-47.1200053584885.jpg,-22.9906989937812,-47.1200053584885,1,0,0,1,1,1
my_images/1\ds1_492_A_-22.9906490018688_-47.1226853884826.jpg,-22.9906490018688,-47.1226853884826,1,1,1,1,1,1
my_images/1\ds1_495_A_-22.9892160388538_-47.1214293869031.jpg,-22.9892160388538,-47.1214293869031,1,1,0,2,2,1
my_images/1\ds1_49_A_-22.9913355650441_-47.1218106852204.jpg,-22.9913355650441,-47.1218106852204,1,1,3,1,1,1
my_images/1\ds1_50_A_-22.991375_-47.121879.jpg,-22.991375,-47.121879,1,1,1,1,1,1
my_images/1\ds1_514_A_-22.9895890307506_-47.1224053832065.jpg,-22.9895890307506,-47.1224053832065,1,1,1,1,1,1
my_images/1\ds1_525_A_-22.9897366437968_-47.1196731384091.jpg,-22.9897366437968,-47.1196731384091,1,1,0,1,3,1
my_images/1\ds1_527_A_-22.9929690307602_-47.1222754102304.jpg,-22.9929690307602,-47.1222754102304,1,1,3,2,3,1
my_images/1\ds1_52_A_-22.9908519264426_-47.1200136979946.jpg,-22.9908519264426,-47.1200136979946,1,0,1,0,1,1
my_images/1\ds1_530_A_-22.9933290303089_-47.1213653484285.jpg,-22.9933290303089,-47.1213653484285,1,1,2,1,1,1
my_images/1\ds1_531_A_-22.9934489665523_-47.1212553591556.jpg,-22.9934489665523,-47.1212553591556,1,1,1,2,1,1
my_images/1\ds1_533_A_-22.992172925367694_-47.12323913617706.jpg,-22.992172925367694,-47.12323913617706,1,1,1,1,1,1
my_images/1\ds1_534_A_-22.9935789917493_-47.1209853852816.jpg,-22.9935789917493,-47.1209853852816,1,1,0,1,1,1
my_images/1\ds1_53_A_-22.99151951102_-47.1214653907003.jpg,-22.99151951102,-47.1214653907003,1,1,0,1,1,1
my_images/1\ds1_552_B_-22.9694633484741_-47.1433621175914.jpg,-22.9694633484741,-47.1433621175914,1,1,3,1,1,1
my_images/1\ds1_55_A_-22.9912942610117_-47.1216722333233.jpg,-22.9912942610117,-47.1216722333233,1,1,3,1,1,1
my_images/1\ds1_570_B_-22.967459_-47.143902.jpg,-22.967459,-47.143902,1,1,1,1,1,1
my_images/1\ds1_57_A_-22.9916234072938_-47.121945972383.jpg,-22.9916234072938,-47.121945972383,1,0,0,0,1,1
my_images/1\ds1_58_A_-22.9917859608868_-47.1236543668178.jpg,-22.9917859608868,-47.1236543668178,1,1,3,2,3,1
my_images/1\ds1_600_B_-22.9697810193856_-47.147027966639.jpg,-22.9697810193856,-47.147027966639,1,2,3,2,2,2
my_images/1\ds1_60_A_-22.9916819700991_-47.1232956912035.jpg,-22.9916819700991,-47.1232956912035,1,1,2,2,2,1
my_images/1\ds1_633_B_-22.9695803269543_-47.1433315910117.jpg,-22.9695803269543,-47.1433315910117,1,0,3,1,1,1
my_images/1\ds1_634_B_-22.9695461137003_-47.142977283351.jpg,-22.9695461137003,-47.142977283351,1,1,1,2,1,2
my_images/1\ds1_63_A_-22.9906294280372_-47.1238016631531.jpg,-22.9906294280372,-47.1238016631531,1,1,1,1,2,1
my_images/1\ds1_666_B_-22.966871800769_-47.146218567646.jpg,-22.966871800769,-47.146218567646,1,2,3,3,3,3
my_images/1\ds1_668_B_-22.9669216912265_-47.145961544328.jpg,-22.9669216912265,-47.145961544328,1,1,1,2,3,3
my_images/1\ds1_672_B_-22.9666351070836_-47.1462616300815.jpg,-22.9666351070836,-47.1462616300815,1,2,3,2,2,2
my_images/1\ds1_68_A_-22.9929279935203_-47.1205536868198.jpg,-22.9929279935203,-47.1205536868198,1,1,1,1,1,1
my_images/1\ds1_699_B_-22.964851544829873_-47.14340239948567.jpg,-22.964851544829873,-47.14340239948567,1,0,0,1,1,0
my_images/1\ds1_69_A_-22.9922067674382_-47.1223444299779.jpg,-22.9922067674382,-47.1223444299779,1,1,1,1,1,1
my_images/1\ds1_702_B_-22.9650173313259_-47.1447437146725.jpg,-22.9650173313259,-47.1447437146725,1,1,1,2,1,1
my_images/1\ds1_70_A_-22.9909655863883_-47.1216058450617.jpg,-22.9909655863883,-47.1216058450617,1,1,1,1,1,1
my_images/1\ds1_71_A_-22.9925788075004_-47.1215937274271.jpg,-22.9925788075004,-47.1215937274271,1,1,0,1,1,1
my_images/1\ds1_728_B_-22.968298940007_-47.1463783232383.jpg,-22.968298940007,-47.1463783232383,1,0,1,1,1,1
my_images/1\ds1_742_B_-22.9666563038441_-47.1468631025067.jpg,-22.9666563038441,-47.1468631025067,1,1,1,1,3,1
my_images/1\ds1_746_B_-22.9667149714341_-47.1468513540966.jpg,-22.9667149714341,-47.1468513540966,1,1,1,1,3,1
my_images/1\ds1_750_B_-22.965744099167_-47.1467562421964.jpg,-22.965744099167,-47.1467562421964,1,1,2,2,3,2
my_images/1\ds1_777_B_-22.9686724438237_-47.1452003643269.jpg,-22.9686724438237,-47.1452003643269,1,1,1,1,3,1
my_images/1\ds1_77_A_-22.9902206468657_-47.1189112430422.jpg,-22.9902206468657,-47.1189112430422,1,1,1,1,1,1
my_images/1\ds1_786_B_-22.9696808449444_-47.1453112736341.jpg,-22.9696808449444,-47.1453112736341,1,1,2,1,1,1
my_images/1\ds1_78_A_-22.9902288212375_-47.1189886116537.jpg,-22.9902288212375,-47.1189886116537,1,1,1,1,1,1
my_images/1\ds1_79_A_-22.9937081017145_-47.1209454671175.jpg,-22.9937081017145,-47.1209454671175,1,1,0,0,1,1
my_images/1\ds1_85_A_-22.993038585116_-47.120831226268.jpg,-22.993038585116,-47.120831226268,1,3,3,2,3,3
my_images/1\ds1_864_B_-22.9667715492363_-47.1443399495509.jpg,-22.9667715492363,-47.1443399495509,1,2,3,2,2,2
my_images/1\ds1_86_A_-22.9931472581718_-47.1208542844408.jpg,-22.9931472581718,-47.1208542844408,1,1,1,1,1,1
my_images/1\ds1_89_A_-22.9934719705833_-47.1192409709167.jpg,-22.9934719705833,-47.1192409709167,1,1,1,2,3,1
my_images/1\ds1_902_B_-22.9689298339698_-47.1456292815425.jpg,-22.9689298339698,-47.1456292815425,1,3,3,2,3,2
my_images/1\ds1_904_B_-22.9688870344344_-47.1459094331817.jpg,-22.9688870344344,-47.1459094331817,1,1,3,3,4,3
my_images/1\ds1_96_A_-22.9913362226107_-47.1207911471127.jpg,-22.9913362226107,-47.1207911471127,1,1,1,1,1,1
my_images/1\ds1_982_B_-22.9653566053925_-47.1450267740569.jpg,-22.9653566053925,-47.1450267740569,1,1,1,1,2,1
my_images/1\ds1_985_B_-22.9653055188826_-47.1447586023438.jpg,-22.9653055188826,-47.1447586023438,1,1,1,1,1,2
my_images/1\ds1_98_A_-22.9926637262245_-47.1207816716689.jpg,-22.9926637262245,-47.1207816716689,1,1,0,1,1,1
my_images/1\ds2_01_04_2022_19D7.tmp.jpg,2022.0,,1,0,1,3,3,3
my_images/1\ds2_01_04_2022_1B8.tmp.jpg,2022.0,,1,0,1,0,0,0
my_images/1\ds2_01_04_2022_1B91.tmp.jpg,2022.0,,1,1,1,1,1,1
my_images/1\ds2_01_04_2022_1C9.tmp.jpg,2022.0,,1,1,1,1,1,1
my_images/1\ds2_01_04_2022_5CBD.tmp.jpg,2022.0,,1,1,1,1,1,1
my_images/1\ds2_01_04_2022_5E84.tmp.jpg,2022.0,,1,1,1,1,1,1
my_images/1\ds2_01_04_2022_83BD.tmp.jpg,2022.0,,1,2,1,1,0,1
my_images/1\ds2_01_04_2022_85CE.tmp.jpg,2022.0,,1,1,1,1,0,1
my_images/1\ds2_01_04_2022_EAF0.tmp.jpg,2022.0,,1,2,1,1,2,1
my_images/1\ds2_01_04_2022_EB30.tmp.jpg,2022.0,,1,1,1,1,1,1
my_images/1\ds2_01_04_2022_EC8A.tmp.jpg,2022.0,,1,1,1,1,1,1
my_images/1\ds2_01_04_2022_EF42.tmp.jpg,2022.0,,1,2,2,1,2,1
my_images/1\ds2_01_04_2022_F02E.tmp.jpg,2022.0,,1,1,2,1,1,1
my_images/1\ds2_01_04_2022_F04F.tmp.jpg,2022.0,,1,1,1,1,1,2
my_images/1\ds2_01_04_2022_F209.tmp.jpg,2022.0,,1,1,2,2,2,2
my_images/1\ds2_01_04_2022_F2F5.tmp.jpg,2022.0,,1,1,2,1,2,1
my_images/1\ds2_01_04_2022_F366.tmp.jpg,2022.0,,1,1,1,1,1,3
my_images/1\ds2_01_04_2022_F4C2.tmp.jpg,2022.0,,1,1,1,2,1,1
my_images/1\ds2_01_04_2022_F503.tmp.jpg,2022.0,,1,1,1,2,2,1
my_images/1\ds2_01_04_2022_F766.tmp.jpg,2022.0,,1,0,1,1,2,2
my_images/1\ds2_01_04_2022_F893.tmp.jpg,2022.0,,1,1,1,1,1,1
my_images/1\ds2_01_04_2022_F943.tmp.jpg,2022.0,,1,1,1,1,2,1
my_images/1\ds2_01_04_2022_FB1C.tmp.jpg,2022.0,,1,0,1,1,1,0
my_images/1\ds2_01_04_2022_FBFA.tmp.jpg,2022.0,,1,1,1,1,1,2
my_images/1\ds2_01_04_2022_FD1A.tmp.jpg,2022.0,,1,1,1,1,1,1
my_images/1\ds2_01_04_2022_FDEB.tmp.jpg,2022.0,,1,1,0,1,1,0
my_images/1\ds2_01_10_2021_3F0C.tmp.jpg,2021.0,,1,1,2,2,1,1
my_images/1\ds2_01_10_2021_3F7E.tmp.jpg,2021.0,,1,1,1,1,1,1
my_images/1\ds2_01_10_2021_3F8F.tmp.jpg,2021.0,,1,1,1,1,2,1
my_images/1\ds2_01_10_2021_404F.tmp.jpg,2021.0,,1,1,1,1,1,1
my_images/1\ds2_01_10_2021_418A.tmp.jpg,2021.0,,1,1,1,1,1,1
my_images/1\ds2_01_10_2021_41AB.tmp.jpg,2021.0,,1,1,1,1,1,1
my_images/1\ds2_01_10_2021_41BC.tmp.jpg,2021.0,,1,1,1,1,1,1
my_images/1\ds2_01_10_2021_420D.tmp.jpg,2021.0,,1,1,1,1,1,2
my_images/1\ds2_01_10_2021_422E.tmp.jpg,2021.0,,1,1,1,1,1,1
my_images/1\ds2_01_10_2021_4260.tmp.jpg,2021.0,,1,1,1,1,1,1
my_images/1\ds2_01_10_2021_42C2.tmp.jpg,2021.0,,1,1,1,1,1,1
my_images/1\ds2_01_10_2021_42C3.tmp.jpg,2021.0,,1,1,1,0,1,1
my_images/1\ds2_01_10_2021_A078.tmp.jpg,2021.0,,1,1,1,1,1,1
my_images/1\ds2_03_05_2022_3C6C.tmp.jpg,2022.0,,1,1,4,3,1,1
my_images/1\ds2_03_05_2022_3CD1.tmp.jpg,2022.0,,1,1,1,2,2,1
my_images/1\ds2_03_05_2022_4140.tmp.jpg,2022.0,,1,1,2,2,2,2
my_images/1\ds2_03_05_2022_918C.tmp.jpg,2022.0,,1,1,1,0,0,1
my_images/1\ds2_03_05_2022_93E2.tmp.jpg,2022.0,,1,1,1,1,1,1
my_images/1\ds2_03_05_2022_C99C.tmp.jpg,2022.0,,1,1,2,2,2,1
my_images/1\ds2_03_05_2022_CC9B.tmp.jpg,2022.0,,1,2,1,1,2,1
my_images/1\ds2_03_05_2022_CCCF.tmp.jpg,2022.0,,1,1,1,2,2,1
my_images/1\ds2_03_05_2022_CD12.tmp.jpg,2022.0,,1,1,1,4,3,4
my_images/1\ds2_03_05_2022_CD24.tmp.jpg,2022.0,,1,3,1,0,3,1
my_images/1\ds2_03_05_2022_CD89.tmp.jpg,2022.0,,1,3,1,1,3,1
my_images/1\ds2_03_05_2022_D7FF.tmp.jpg,2022.0,,1,4,1,2,3,1
my_images/1\ds2_03_11_2021_18C2.tmp.jpg,2021.0,,1,1,1,1,1,1
my_images/1\ds2_03_11_2021_1962.tmp.jpg,2021.0,,1,3,2,3,3,1
my_images/1\ds2_03_11_2021_1AE4.tmp.jpg,2021.0,,1,0,3,3,3,2
my_images/1\ds2_03_11_2021_1BCC.tmp.jpg,2021.0,,1,2,1,1,2,1
my_images/1\ds2_03_11_2021_1C97.tmp.jpg,2021.0,,1,1,1,1,2,1
my_images/1\ds2_03_11_2021_1F2A.tmp.jpg,2021.0,,1,1,1,1,0,1
my_images/1\ds2_03_11_2021_1F6D.tmp.jpg,2021.0,,1,1,1,1,1,1
my_images/1\ds2_03_11_2021_60A2.tmp.jpg,2021.0,,1,1,1,1,1,2
my_images/1\ds2_03_11_2021_C458.tmp.jpg,2021.0,,1,1,1,1,2,1
my_images/1\ds2_03_11_2021_C46A.tmp.jpg,2021.0,,1,1,1,1,2,1
my_images/1\ds2_03_11_2021_C53A.tmp.jpg,2021.0,,1,1,1,1,1,1
my_images/1\ds2_04_04_2022_2895.tmp.jpg,2022.0,,1,0,0,0,0,0
my_images/1\ds2_04_04_2022_28E8.tmp.jpg,2022.0,,1,1,1,0,0,0
my_images/1\ds2_04_04_2022_292B.tmp.jpg,2022.0,,1,1,1,2,2,1
my_images/1\ds2_04_04_2022_85E4.tmp.jpg,2022.0,,1,1,1,1,1,1
my_images/1\ds2_04_04_2022_87BB.tmp.jpg,2022.0,,1,1,1,2,3,1
my_images/1\ds2_04_04_2022_8852.tmp.jpg,2022.0,,1,1,1,2,2,1
my_images/1\ds2_04_04_2022_88A5.tmp.jpg,2022.0,,1,1,1,1,2,1
my_images/1\ds2_04_04_2022_BFC4.tmp.jpg,2022.0,,1,1,1,0,0,1
my_images/1\ds2_04_04_2022_C279.tmp.jpg,2022.0,,1,3,1,2,3,1
my_images/1\ds2_04_04_2022_C29B.tmp.jpg,2022.0,,1,1,1,1,1,1
my_images/1\ds2_04_10_2021_2F1B.tmp.jpg,2021.0,,1,1,1,1,1,1
my_images/1\ds2_04_10_2021_2FE0.tmp.jpg,2021.0,,1,1,1,1,1,1
my_images/1\ds2_04_10_2021_3001.tmp.jpg,2021.0,,1,1,1,1,1,1
my_images/1\ds2_04_10_2021_3087.tmp.jpg,2021.0,,1,1,1,1,0,1
my_images/1\ds2_04_10_2021_30A9.tmp.jpg,2021.0,,1,1,1,1,1,1
my_images/1\ds2_04_10_2021_317A.tmp.jpg,2021.0,,1,1,1,0,1,1
my_images/1\ds2_04_10_2021_349E.tmp.jpg,2021.0,,1,1,1,1,0,0
my_images/1\ds2_04_10_2021_35B9.tmp.jpg,2021.0,,1,1,1,1,1,3
my_images/1\ds2_04_10_2021_B1C8.tmp.jpg,2021.0,,1,1,0,0,0,1
my_images/1\ds2_04_11_2021_4F16.tmp.jpg,2021.0,,1,1,3,2,2,1
my_images/1\ds2_04_11_2021_50C2.tmp.jpg,2021.0,,1,1,2,1,1,1
my_images/1\ds2_04_11_2021_5185.tmp.jpg,2021.0,,1,2,1,1,2,1
my_images/1\ds2_04_11_2021_9933.tmp.jpg,2021.0,,1,1,1,2,2,1
my_images/1\ds2_04_11_2021_A812.tmp.jpg,2021.0,,1,1,1,2,2,1
my_images/1\ds2_04_11_2021_B9E8.tmp.jpg,2021.0,,1,1,1,1,1,1
my_images/1\ds2_04_11_2021_C8E7.tmp.jpg,2021.0,,1,2,1,1,1,1
my_images/1\ds2_04_11_2021_CF2B.tmp.jpg,2021.0,,1,0,1,0,1,1
my_images/1\ds2_04_11_2021_D1BC.tmp.jpg,2021.0,,1,1,3,1,1,1
my_images/1\ds2_04_11_2021_D2A2.tmp.jpg,2021.0,,1,2,1,2,3,2
my_images/1\ds2_05_04_2022_164B.tmp.jpg,2022.0,,1,1,1,2,1,1
my_images/1\ds2_05_04_2022_1C27.tmp.jpg,2022.0,,1,1,1,1,1,1
my_images/1\ds2_05_04_2022_1F56.tmp.jpg,2022.0,,1,1,1,1,2,2
my_images/1\ds2_05_04_2022_3D78.tmp.jpg,2022.0,,1,1,1,2,2,1
my_images/1\ds2_05_04_2022_3DEB.tmp.jpg,2022.0,,1,1,1,1,2,1
my_images/1\ds2_05_04_2022_F6DA.tmp.jpg,2022.0,,1,1,3,0,0,3
my_images/1\ds2_05_10_2021_529F.tmp.jpg,2021.0,,1,1,1,0,0,1
my_images/1\ds2_05_10_2021_782E.tmp.jpg,2021.0,,1,1,1,1,1,1
my_images/1\ds2_05_10_2021_7D13.tmp.jpg,2021.0,,1,1,1,0,0,1
my_images/1\ds2_05_11_2021_25E9.tmp.jpg,2021.0,,1,2,1,1,2,1
my_images/1\ds2_05_11_2021_8DB7.tmp.jpg,2021.0,,1,0,1,2,2,1
my_images/1\ds2_05_11_2021_92A7.tmp.jpg,2021.0,,1,1,1,1,1,0
my_images/1\ds2_05_11_2021_A375.tmp.jpg,2021.0,,1,1,1,2,1,1
my_images/1\ds2_05_11_2021_A415.tmp.jpg,2021.0,,1,1,1,2,1,1
my_images/1\ds2_05_11_2021_A466.tmp.jpg,2021.0,,1,1,0,1,1,1
my_images/1\ds2_06_01_2022_8D51.tmp.jpg,2022.0,,1,1,1,1,1,1
my_images/1\ds2_06_10_2021_6E3B.tmp.jpg,2021.0,,1,1,1,1,1,1
my_images/1\ds2_06_10_2021_6F8F.tmp.jpg,2021.0,,1,3,1,1,2,1
my_images/1\ds2_06_10_2021_6FF3.tmp.jpg,2021.0,,1,1,1,1,2,1
my_images/1\ds2_06_10_2021_DDD6.tmp.jpg,2021.0,,1,0,1,1,0,1
my_images/1\ds2_06_10_2021_DED4.tmp.jpg,2021.0,,1,1,1,1,1,1
my_images/1\ds2_06_10_2021_E18A.tmp.jpg,2021.0,,1,1,1,1,1,1
my_images/1\ds2_06_10_2021_E3F5.tmp.jpg,2021.0,,1,1,1,1,1,1
my_images/1\ds2_06_10_2021_E58D.tmp.jpg,2021.0,,1,1,1,1,0,1
my_images/1\ds2_07_04_2022_6D7B.tmp.jpg,2022.0,,1,1,1,3,3,1
my_images/1\ds2_07_04_2022_70F9.tmp.jpg,2022.0,,1,2,1,2,2,1
my_images/1\ds2_07_04_2022_7109.tmp.jpg,2022.0,,1,2,1,2,2,1
my_images/1\ds2_07_04_2022_7432.tmp.jpg,2022.0,,1,1,1,2,2,3
my_images/1\ds2_07_04_2022_75AD.tmp.jpg,2022.0,,1,2,2,3,3,1
my_images/1\ds2_07_04_2022_766B.tmp.jpg,2022.0,,1,1,3,1,2,1
my_images/1\ds2_07_04_2022_7876.tmp.jpg,2022.0,,1,1,1,1,3,3
my_images/1\ds2_07_04_2022_7D53.tmp.jpg,2022.0,,1,1,1,0,1,1
my_images/1\ds2_07_04_2022_8045.tmp.jpg,2022.0,,1,1,1,1,1,1
my_images/1\ds2_07_04_2022_D823.tmp.jpg,2022.0,,1,1,1,1,3,1
my_images/1\ds2_07_04_2022_D877.tmp.jpg,2022.0,,1,1,1,0,2,1
my_images/1\ds2_07_04_2022_DA7C.tmp.jpg,2022.0,,1,3,2,2,2,1
my_images/1\ds2_07_04_2022_DAB0.tmp.jpg,2022.0,,1,1,1,1,0,1
my_images/1\ds2_07_04_2022_DD08.tmp.jpg,2022.0,,1,0,1,1,0,3
my_images/1\ds2_07_10_2021_3B8C.tmp.jpg,2021.0,,1,1,1,1,1,1
my_images/1\ds2_07_10_2021_3BAC.tmp.jpg,2021.0,,1,1,1,1,1,1
my_images/1\ds2_07_10_2021_3CA8.tmp.jpg,2021.0,,1,1,1,1,2,1
my_images/1\ds2_07_10_2021_3EC5.tmp.jpg,2021.0,,1,2,1,1,2,1
my_images/1\ds2_07_10_2021_449B.tmp.jpg,2021.0,,1,1,1,1,1,1
my_images/1\ds2_08_10_2021_7B4C.tmp.jpg,2021.0,,1,0,1,1,1,1
my_images/1\ds2_08_10_2021_F7BD.tmp.jpg,2021.0,,1,1,1,1,2,1
my_images/1\ds2_08_10_2021_F899.tmp.jpg,2021.0,,1,1,1,1,1,1
my_images/1\ds2_08_10_2021_FA88.tmp.jpg,2021.0,,1,1,1,1,1,1
my_images/1\ds2_08_10_2021_FAB9.tmp.jpg,2021.0,,1,1,1,1,1,1
my_images/1\ds2_08_10_2021_FBB6.tmp.jpg,2021.0,,1,1,1,1,1,1
my_images/1\ds2_08_10_2021_FBC6.tmp.jpg,2021.0,,1,1,1,1,1,1
my_images/1\ds2_08_11_2021_1C16.tmp.jpg,2021.0,,1,1,1,1,3,1
my_images/1\ds2_08_11_2021_1E7D.tmp.jpg,2021.0,,1,1,1,2,3,1
my_images/1\ds2_08_11_2021_238B.tmp.jpg,2021.0,,1,1,4,1,3,1
my_images/1\ds2_08_11_2021_273E.tmp.jpg,2021.0,,1,1,1,1,1,1
my_images/1\ds2_08_11_2021_8063.tmp.jpg,2021.0,,1,1,1,1,1,1
my_images/1\ds2_08_11_2021_82E9.tmp.jpg,2021.0,,1,1,1,1,1,1
my_images/1\ds2_08_11_2021_8AF4.tmp.jpg,2021.0,,1,1,1,2,1,1
my_images/1\ds2_08_11_2021_8C7E.tmp.jpg,2021.0,,1,1,0,1,0,1
my_images/1\ds2_08_11_2021_8CF3.tmp.jpg,2021.0,,1,1,1,1,0,1
my_images/1\ds2_09_05_2022_10C.tmp.jpg,2022.0,,1,1,1,1,0,1
my_images/1\ds2_09_05_2022_30B5.tmp.jpg,2022.0,,1,1,1,0,0,1
my_images/1\ds2_09_05_2022_32D9.tmp.jpg,2022.0,,1,1,1,1,2,1
my_images/1\ds2_09_05_2022_3707.tmp.jpg,2022.0,,1,1,1,1,1,1
my_images/1\ds2_09_05_2022_37AA.tmp.jpg,2022.0,,1,1,1,3,3,1
my_images/1\ds2_09_05_2022_3829.tmp.jpg,2022.0,,1,1,1,1,1,1
my_images/1\ds2_09_05_2022_3A2D.tmp.jpg,2022.0,,1,1,1,2,2,1
my_images/1\ds2_09_05_2022_8BA2.tmp.jpg,2022.0,,1,1,3,3,3,1
my_images/1\ds2_09_05_2022_8E5B.tmp.jpg,2022.0,,1,1,1,3,4,3
my_images/1\ds2_09_05_2022_C493.tmp.jpg,2022.0,,1,1,4,3,0,1
my_images/1\ds2_09_05_2022_CB4B.tmp.jpg,2022.0,,1,1,1,0,1,2
my_images/1\ds2_09_05_2022_CC5B.tmp.jpg,2022.0,,1,1,1,1,1,1
my_images/1\ds2_09_05_2022_CD39.tmp.jpg,2022.0,,1,1,1,1,0,1
my_images/1\ds2_09_05_2022_CD5B.tmp.jpg,2022.0,,1,1,1,0,1,0
my_images/1\ds2_09_05_2022_CDBE.tmp.jpg,2022.0,,1,3,1,1,2,1
my_images/1\ds2_09_05_2022_D418.tmp.jpg,2022.0,,1,0,1,0,0,0
my_images/1\ds2_09_05_2022_D5E1.tmp.jpg,2022.0,,1,0,0,0,0,1
my_images/1\ds2_09_11_2021_17EB.tmp.jpg,2021.0,,1,1,1,1,1,1
my_images/1\ds2_09_11_2021_1979.tmp.jpg,2021.0,,1,1,1,1,1,1
my_images/1\ds2_09_11_2021_1AA6.tmp.jpg,2021.0,,1,1,1,1,1,1
my_images/1\ds2_09_11_2021_1B68.tmp.jpg,2021.0,,1,1,1,2,2,1
my_images/1\ds2_09_11_2021_1B99.tmp.jpg,2021.0,,1,1,1,1,2,1
my_images/1\ds2_09_11_2021_1BCC.tmp.jpg,2021.0,,1,2,1,1,2,1
my_images/1\ds2_09_11_2021_1C8B.tmp.jpg,2021.0,,1,0,1,0,0,1
my_images/1\ds2_09_11_2021_1C8E.tmp.jpg,2021.0,,1,0,1,2,3,1
my_images/1\ds2_09_11_2021_2249.tmp.jpg,2021.0,,1,1,1,1,1,1
my_images/1\ds2_09_11_2021_226C.tmp.jpg,2021.0,,1,0,1,2,3,3
my_images/1\ds2_09_11_2021_70EB.tmp.jpg,2021.0,,1,1,2,2,3,2
my_images/1\ds2_09_11_2021_7189.tmp.jpg,2021.0,,1,1,1,1,1,1
my_images/1\ds2_09_11_2021_7266.tmp.jpg,2021.0,,1,1,1,1,1,1
my_images/1\ds2_09_11_2021_73EE.tmp.jpg,2021.0,,1,1,1,1,1,1
my_images/1\ds2_09_11_2021_7432.tmp.jpg,2021.0,,1,1,1,1,1,1
my_images/1\ds2_09_11_2021_7483.tmp.jpg,2021.0,,1,1,1,2,1,1
my_images/1\ds2_09_11_2021_74A4.tmp.jpg,2021.0,,1,1,1,2,1,1
my_images/1\ds2_09_11_2021_7558.tmp.jpg,2021.0,,1,1,1,1,1,1
my_images/1\ds2_09_11_2021_75A9.tmp.jpg,2021.0,,1,1,0,3,3,2
my_images/1\ds2_09_11_2021_764E.tmp.jpg,2021.0,,1,1,1,2,1,1
my_images/1\ds2_09_11_2021_A33E.tmp.jpg,2021.0,,1,1,1,2,2,1
my_images/1\ds2_09_11_2021_A50C.tmp.jpg,2021.0,,1,1,1,1,1,1
my_images/1\ds2_09_11_2021_A583.tmp.jpg,2021.0,,1,3,1,1,1,1
my_images/1\ds2_09_11_2021_A5C5.tmp.jpg,2021.0,,1,1,1,1,1,1
my_images/1\ds2_09_11_2021_A62B.tmp.jpg,2021.0,,1,1,1,1,1,1
my_images/1\ds2_09_11_2021_A66E.tmp.jpg,2021.0,,1,1,1,1,1,1
my_images/1\ds2_10_11_2021_1B6.tmp.jpg,2021.0,,1,2,1,1,3,1
my_images/1\ds2_10_11_2021_AB67.tmp.jpg,2021.0,,1,1,1,0,0,1
my_images/1\ds2_10_11_2021_AC0C.tmp.jpg,2021.0,,1,1,1,1,1,1
my_images/1\ds2_10_11_2021_AFBC.tmp.jpg,2021.0,,1,1,1,1,0,0
my_images/1\ds2_10_11_2021_B08D.tmp.jpg,2021.0,,1,1,1,1,2,1
my_images/1\ds2_10_11_2021_B270.tmp.jpg,2021.0,,1,3,1,1,3,1
my_images/1\ds2_10_11_2021_F3E9.tmp.jpg,2021.0,,1,1,1,1,1,2
my_images/1\ds2_10_11_2021_F646.tmp.jpg,2021.0,,1,1,1,2,2,3
my_images/1\ds2_10_11_2021_F77B.tmp.jpg,2021.0,,1,1,1,1,1,1
my_images/1\ds2_10_11_2021_F8C8.tmp.jpg,2021.0,,1,1,1,1,1,1
my_images/1\ds2_10_11_2021_F94B.tmp.jpg,2021.0,,1,1,1,1,1,1
my_images/1\ds2_10_11_2021_F99D.tmp.jpg,2021.0,,1,1,1,1,1,1
my_images/1\ds2_10_11_2021_F9EE.tmp.jpg,2021.0,,1,1,1,2,2,2
my_images/1\ds2_10_11_2021_FB61.tmp.jpg,2021.0,,1,1,1,1,1,2
my_images/1\ds2_11_04_2022_832F.tmp.jpg,2022.0,,1,1,1,2,1,1
my_images/1\ds2_11_04_2022_842B.tmp.jpg,2022.0,,1,1,0,3,0,0
my_images/1\ds2_11_04_2022_866B.tmp.jpg,2022.0,,1,2,1,1,3,2
my_images/1\ds2_11_04_2022_868D.tmp.jpg,2022.0,,1,1,1,1,2,1
my_images/1\ds2_11_04_2022_869E.tmp.jpg,2022.0,,1,1,1,1,2,1
my_images/1\ds2_11_04_2022_86AE.tmp.jpg,2022.0,,1,1,1,1,1,1
my_images/1\ds2_11_04_2022_86FF.tmp.jpg,2022.0,,1,0,0,0,1,0
my_images/1\ds2_11_04_2022_87D3.tmp.jpg,2022.0,,1,2,1,2,2,1
my_images/1\ds2_11_04_2022_8983.tmp.jpg,2022.0,,1,1,1,0,1,1
my_images/1\ds2_11_04_2022_89A5.tmp.jpg,2022.0,,1,1,1,2,3,0
my_images/1\ds2_11_04_2022_8CCB.tmp.jpg,2022.0,,1,1,1,2,3,1
my_images/1\ds2_11_04_2022_8DD7.tmp.jpg,2022.0,,1,1,3,1,2,1
my_images/1\ds2_11_04_2022_8EEE.tmp.jpg,2022.0,,1,2,1,2,2,1
my_images/1\ds2_11_04_2022_9024.tmp.jpg,2022.0,,1,1,1,1,1,1
my_images/1\ds2_11_04_2022_977B.tmp.jpg,2022.0,,1,2,2,2,2,2
my_images/1\ds2_11_04_2022_97FA.tmp.jpg,2022.0,,1,1,2,1,2,1
my_images/1\ds2_11_04_2022_9F8D.tmp.jpg,2022.0,,1,0,1,0,0,0
my_images/1\ds2_11_04_2022_9FCE.tmp.jpg,2022.0,,1,1,1,1,0,0
my_images/1\ds2_11_04_2022_9FCF.tmp.jpg,2022.0,,1,0,0,0,0,0
my_images/1\ds2_11_04_2022_A1E1.tmp.jpg,2022.0,,1,1,1,1,2,1
my_images/1\ds2_11_04_2022_A321.tmp.jpg,2022.0,,1,1,1,1,2,1
my_images/1\ds2_11_04_2022_E02F.tmp.jpg,2022.0,,1,1,1,2,2,2
my_images/1\ds2_12_04_2022_58F0.tmp.jpg,2022.0,,1,3,2,2,3,1
my_images/1\ds2_12_04_2022_5BDD.tmp.jpg,2022.0,,1,1,1,2,1,1
my_images/1\ds2_12_04_2022_5C1F.tmp.jpg,2022.0,,1,1,1,1,1,1
my_images/1\ds2_12_04_2022_5C42.tmp.jpg,2022.0,,1,1,0,2,1,0
my_images/1\ds2_12_04_2022_5C44.tmp.jpg,2022.0,,1,1,1,2,2,1
my_images/1\ds2_12_04_2022_5C45.tmp.jpg,2022.0,,1,4,1,4,4,1
my_images/1\ds2_12_04_2022_5C87.tmp.jpg,2022.0,,1,1,1,1,1,1
my_images/1\ds2_12_04_2022_8975.tmp.jpg,2022.0,,1,1,1,2,1,1
my_images/1\ds2_12_05_2022_890B.tmp.jpg,2022.0,,1,1,1,1,2,1
my_images/1\ds2_12_05_2022_896D.tmp.jpg,2022.0,,1,2,1,1,1,1
my_images/1\ds2_12_05_2022_8C0E.tmp.jpg,2022.0,,1,1,1,2,2,1
my_images/1\ds2_12_05_2022_8C8E.tmp.jpg,2022.0,,1,1,1,0,0,0
my_images/1\ds2_12_05_2022_8CAF.tmp.jpg,2022.0,,1,1,1,1,1,1
my_images/1\ds2_12_05_2022_8E2A.tmp.jpg,2022.0,,1,1,1,1,1,1
my_images/1\ds2_12_05_2022_8E6B.tmp.jpg,2022.0,,1,1,1,2,1,1
my_images/1\ds2_12_05_2022_9059.tmp.jpg,2022.0,,1,1,2,1,2,1
my_images/1\ds2_12_05_2022_A8EF.tmp.jpg,2022.0,,1,1,2,1,1,1
my_images/1\ds2_12_05_2022_AA00.tmp.jpg,2022.0,,1,1,1,1,0,2
my_images/1\ds2_13_10_2021_53CE.tmp.jpg,2021.0,,1,2,1,1,2,1
my_images/1\ds2_13_10_2021_55C3.tmp.jpg,2021.0,,1,1,1,1,2,1
my_images/1\ds2_13_10_2021_5648.tmp.jpg,2021.0,,1,2,1,1,1,1
my_images/1\ds2_13_12_2021_E3BD.tmp.jpg,2021.0,,1,1,1,1,0,1
my_images/1\ds2_14_10_2021_3105.tmp.jpg,2021.0,,1,1,1,1,3,1
my_images/1\ds2_14_10_2021_54DA.tmp.jpg,2021.0,,1,1,1,1,1,2
my_images/1\ds2_14_10_2021_54DB.tmp.jpg,2021.0,,1,1,1,2,2,1
my_images/1\ds2_14_10_2021_552C.tmp.jpg,2021.0,,1,1,2,2,1,1
my_images/1\ds2_14_10_2021_55F1.tmp.jpg,2021.0,,1,1,1,1,1,1
my_images/1\ds2_14_10_2021_5644.tmp.jpg,2021.0,,1,1,1,1,1,1
my_images/1\ds2_15_10_2021_1BA8.tmp.jpg,2021.0,,1,1,1,1,1,1
my_images/1\ds2_15_10_2021_1BA9.tmp.jpg,2021.0,,1,1,1,1,1,1
my_images/1\ds2_16_11_2021_23AE.tmp.jpg,2021.0,,1,1,1,1,2,1
my_images/1\ds2_16_11_2021_2DB0.tmp.jpg,2021.0,,1,1,1,1,1,3
my_images/1\ds2_16_11_2021_659B.tmp.jpg,2021.0,,1,1,1,2,1,1
my_images/1\ds2_16_11_2021_76B.tmp.jpg,2021.0,,1,1,1,1,1,1
my_images/1\ds2_16_11_2021_7AE.tmp.jpg,2021.0,,1,1,1,1,1,1
my_images/1\ds2_16_11_2021_7C89.tmp.jpg,2021.0,,1,1,1,1,1,1
my_images/1\ds2_16_11_2021_8A77.tmp.jpg,2021.0,,1,1,1,1,1,1
my_images/1\ds2_16_11_2021_986B.tmp.jpg,2021.0,,1,1,2,3,3,2
my_images/1\ds2_16_11_2021_BC0F.tmp.jpg,2021.0,,1,1,1,1,1,1
my_images/1\ds2_16_11_2021_DFA6.tmp.jpg,2021.0,,1,2,1,2,3,1
my_images/1\ds2_17_05_2022_1E92.tmp.jpg,2022.0,,1,1,1,1,0,1
my_images/1\ds2_17_05_2022_21A5.tmp.jpg,2022.0,,1,1,2,1,2,1
my_images/1\ds2_17_05_2022_23C0.tmp.jpg,2022.0,,1,1,1,1,2,1
my_images/1\ds2_17_05_2022_2647.tmp.jpg,2022.0,,1,1,1,1,0,1
my_images/1\ds2_17_05_2022_2841.tmp.jpg,2022.0,,1,1,1,1,2,1
my_images/1\ds2_17_05_2022_2905.tmp.jpg,2022.0,,1,0,0,0,0,4
my_images/1\ds2_17_05_2022_518C.tmp.jpg,2022.0,,1,1,1,1,1,1
my_images/1\ds2_17_05_2022_51DD.tmp.jpg,2022.0,,1,1,1,1,1,1
my_images/1\ds2_17_05_2022_532B.tmp.jpg,2022.0,,1,1,1,3,3,1
my_images/1\ds2_17_05_2022_5853.tmp.jpg,2022.0,,1,1,1,3,3,1
my_images/1\ds2_17_05_2022_8F48.tmp.jpg,2022.0,,1,1,1,1,1,1
my_images/1\ds2_17_05_2022_940B.tmp.jpg,2022.0,,1,1,0,1,3,1
my_images/1\ds2_17_05_2022_F465.tmp.jpg,2022.0,,1,1,1,2,1,1
my_images/1\ds2_17_05_2022_F6D8.tmp.jpg,2022.0,,1,1,1,1,1,1
my_images/1\ds2_17_11_2021_4BD1.tmp.jpg,2021.0,,1,2,2,2,2,2
my_images/1\ds2_17_11_2021_4BE3.tmp.jpg,2021.0,,1,0,1,1,0,0
my_images/1\ds2_17_11_2021_A140.tmp.jpg,2021.0,,1,2,1,1,1,1
my_images/1\ds2_18_03_2022_1410.tmp.jpg,2022.0,,1,1,4,1,4,4
my_images/1\ds2_18_03_2022_409E.tmp.jpg,2022.0,,1,1,1,1,1,2
my_images/1\ds2_18_03_2022_42F2.tmp.jpg,2022.0,,1,1,1,1,1,1
my_images/1\ds2_18_03_2022_43D4.tmp.jpg,2022.0,,1,1,2,2,3,1
my_images/1\ds2_18_03_2022_46A2.tmp.jpg,2022.0,,1,1,1,1,1,1
my_images/1\ds2_18_03_2022_471.tmp.jpg,2022.0,,1,1,1,1,1,1
my_images/1\ds2_18_03_2022_4758.tmp.jpg,2022.0,,1,1,1,1,1,1
my_images/1\ds2_18_03_2022_4B44.tmp.jpg,2022.0,,1,0,1,1,1,1
my_images/1\ds2_18_03_2022_4D7D.tmp.jpg,2022.0,,1,1,1,1,2,1
my_images/1\ds2_18_03_2022_5071.tmp.jpg,2022.0,,1,1,1,1,1,0
my_images/1\ds2_18_03_2022_604.tmp.jpg,2022.0,,1,2,1,0,0,1
my_images/1\ds2_18_03_2022_91D.tmp.jpg,2022.0,,1,1,1,1,0,1
my_images/1\ds2_18_03_2022_B27.tmp.jpg,2022.0,,1,1,2,1,2,2
my_images/1\ds2_19_04_2022_185F.tmp.jpg,2022.0,,1,1,1,1,0,1
my_images/1\ds2_19_04_2022_1A9F.tmp.jpg,2022.0,,1,0,3,1,3,1
my_images/1\ds2_19_04_2022_1E72.tmp.jpg,2022.0,,1,1,1,1,1,1
my_images/1\ds2_19_04_2022_27D8.tmp.jpg,2022.0,,1,1,1,1,0,1
my_images/1\ds2_19_04_2022_2983.tmp.jpg,2022.0,,1,1,1,2,2,2
my_images/1\ds2_19_04_2022_2B5B.tmp.jpg,2022.0,,1,1,1,1,0,1
my_images/1\ds2_19_04_2022_2CD6.tmp.jpg,2022.0,,1,0,1,1,2,1
my_images/1\ds2_19_04_2022_2D81.tmp.jpg,2022.0,,1,1,1,3,2,2
my_images/1\ds2_19_04_2022_2DB3.tmp.jpg,2022.0,,1,1,1,2,2,1
my_images/1\ds2_19_04_2022_2F1E.tmp.jpg,2022.0,,1,1,2,2,0,1
my_images/1\ds2_19_04_2022_2F32.tmp.jpg,2022.0,,1,1,0,0,0,0
my_images/1\ds2_19_04_2022_2FC5.tmp.jpg,2022.0,,1,2,1,1,1,1
my_images/1\ds2_19_04_2022_3171.tmp.jpg,2022.0,,1,1,1,1,2,1
my_images/1\ds2_19_04_2022_32D0.tmp.jpg,2022.0,,1,3,2,3,3,2
my_images/1\ds2_19_04_2022_39D9.tmp.jpg,2022.0,,1,1,1,2,2,2
my_images/1\ds2_19_04_2022_46A1.tmp.jpg,2022.0,,1,1,1,0,1,1
my_images/1\ds2_19_04_2022_8883.tmp.jpg,2022.0,,1,2,1,1,2,1
my_images/1\ds2_19_04_2022_A59F.tmp.jpg,2022.0,,1,0,0,0,0,0
my_images/1\ds2_19_04_2022_A796.tmp.jpg,2022.0,,1,2,1,1,1,1
my_images/1\ds2_19_04_2022_A8C4.tmp.jpg,2022.0,,1,1,1,0,1,1
my_images/1\ds2_19_04_2022_A8D4.tmp.jpg,2022.0,,1,1,2,1,1,1
my_images/1\ds2_19_04_2022_AD24.tmp.jpg,2022.0,,1,1,1,1,2,1
my_images/1\ds2_19_04_2022_AD95.tmp.jpg,2022.0,,1,1,2,2,3,1
my_images/1\ds2_19_04_2022_AEB3.tmp.jpg,2022.0,,1,1,1,1,1,1
my_images/1\ds2_19_04_2022_B081.tmp.jpg,2022.0,,1,1,1,1,1,1
my_images/1\ds2_19_04_2022_B114.tmp.jpg,2022.0,,1,0,1,0,0,1
my_images/1\ds2_19_04_2022_B2B5.tmp.jpg,2022.0,,1,1,0,1,0,1
my_images/1\ds2_19_04_2022_B2E6.tmp.jpg,2022.0,,1,1,1,1,2,1
my_images/1\ds2_19_04_2022_B2F7.tmp.jpg,2022.0,,1,1,1,1,1,1
my_images/1\ds2_19_04_2022_B366.tmp.jpg,2022.0,,1,1,1,1,1,1
my_images/1\ds2_19_04_2022_B3C7.tmp.jpg,2022.0,,1,1,1,2,1,1
my_images/1\ds2_19_04_2022_B3C8.tmp.jpg,2022.0,,1,1,1,1,1,2
my_images/1\ds2_19_04_2022_B41B.tmp.jpg,2022.0,,1,1,1,3,2,1
my_images/1\ds2_19_04_2022_B70E.tmp.jpg,2022.0,,1,1,1,1,1,1
my_images/1\ds2_19_04_2022_BA20.tmp.jpg,2022.0,,1,1,3,2,2,3
my_images/1\ds2_19_04_2022_BCB8.tmp.jpg,2022.0,,1,1,1,1,1,1
my_images/1\ds2_19_04_2022_BDE6.tmp.jpg,2022.0,,1,1,1,2,2,1
my_images/1\ds2_19_04_2022_BE37.tmp.jpg,2022.0,,1,1,1,2,3,3
my_images/1\ds2_19_04_2022_BF0F.tmp.jpg,2022.0,,1,1,2,1,2,1
my_images/1\ds2_19_04_2022_BF2F.tmp.jpg,2022.0,,1,1,3,1,2,1
my_images/1\ds2_19_04_2022_BF40.tmp.jpg,2022.0,,1,1,1,2,2,1
my_images/1\ds2_19_04_2022_C85B.tmp.jpg,2022.0,,1,2,2,2,3,2
my_images/1\ds2_19_04_2022_D4D0.tmp.jpg,2022.0,,1,1,1,1,1,1
my_images/1\ds2_19_04_2022_D7A4.tmp.jpg,2022.0,,1,1,1,2,1,1
my_images/1\ds2_19_10_2021_4BEC.tmp.jpg,2021.0,,1,1,1,1,1,1
my_images/1\ds2_19_10_2021_4C4F.tmp.jpg,2021.0,,1,1,1,2,2,2
my_images/1\ds2_19_10_2021_4C6F.tmp.jpg,2021.0,,1,1,1,1,1,1
my_images/1\ds2_19_10_2021_4C80.tmp.jpg,2021.0,,1,1,2,1,1,1
my_images/1\ds2_19_10_2021_4D04.tmp.jpg,2021.0,,1,0,1,1,2,1
my_images/1\ds2_19_10_2021_4D25.tmp.jpg,2021.0,,1,1,1,1,1,1
my_images/1\ds2_19_10_2021_4D65.tmp.jpg,2021.0,,1,1,1,1,1,1
my_images/1\ds2_19_10_2021_E39D.tmp.jpg,2021.0,,1,1,1,1,1,0
my_images/1\ds2_19_10_2021_EBC5.tmp.jpg,2021.0,,1,1,1,1,1,1
my_images/1\ds2_19_10_2021_EE1C.tmp.jpg,2021.0,,1,1,3,2,3,0
my_images/1\ds2_19_10_2021_EE9C.tmp.jpg,2021.0,,1,1,1,1,2,1
my_images/1\ds2_19_10_2021_F28D.tmp.jpg,2021.0,,1,1,1,2,2,1
my_images/1\ds2_20_05_2022_82AB.tmp.jpg,2022.0,,1,2,1,1,2,1
my_images/1\ds2_20_09_2021_3D83.tmp.jpg,2021.0,,1,1,3,1,2,1
my_images/1\ds2_20_09_2021_584D.tmp.jpg,2021.0,,1,1,1,1,1,1
my_images/1\ds2_20_10_2021_4CA9.tmp.jpg,2021.0,,1,1,1,1,1,1
my_images/1\ds2_20_10_2021_7F24.tmp.jpg,2021.0,,1,1,1,1,1,1
my_images/1\ds2_20_10_2021_80F7.tmp.jpg,2021.0,,1,1,1,1,1,1
my_images/1\ds2_21_09_2021_62DE.tmp.jpg,2021.0,,1,1,1,1,0,0
my_images/1\ds2_21_09_2021_63DE.tmp.jpg,2021.0,,1,1,1,1,3,1
my_images/1\ds2_21_09_2021_64AD.tmp.jpg,2021.0,,1,4,1,1,1,1
my_images/1\ds2_21_09_2021_AAEF.tmp.jpg,2021.0,,1,1,1,1,2,1
my_images/1\ds2_21_10_2021_3DFF.tmp.jpg,2021.0,,1,1,1,1,1,1
my_images/1\ds2_21_10_2021_67DE.tmp.jpg,2021.0,,1,1,0,0,1,1
my_images/1\ds2_22_03_2022_6BB7.tmp.jpg,2022.0,,1,1,1,1,1,1
my_images/1\ds2_22_03_2022_967A.tmp.jpg,2022.0,,1,2,1,1,1,1
my_images/1\ds2_22_03_2022_9B50.tmp.jpg,2022.0,,1,1,1,1,1,1
my_images/1\ds2_22_03_2022_9D58.tmp.jpg,2022.0,,1,1,1,1,1,1
my_images/1\ds2_22_03_2022_A157.tmp.jpg,2022.0,,1,1,1,2,3,1
my_images/1\ds2_22_03_2022_A32E.tmp.jpg,2022.0,,1,1,1,2,1,1
my_images/1\ds2_22_03_2022_A4F9.tmp.jpg,2022.0,,1,1,1,1,1,1
my_images/1\ds2_22_03_2022_A69A.tmp.jpg,2022.0,,1,1,1,1,1,1
my_images/1\ds2_22_03_2022_A93F.tmp.jpg,2022.0,,1,1,1,1,1,1
my_images/1\ds2_22_03_2022_AF3D.tmp.jpg,2022.0,,1,1,1,1,2,1
my_images/1\ds2_22_03_2022_C189.tmp.jpg,2022.0,,1,1,0,0,0,0
my_images/1\ds2_22_03_2022_E479.tmp.jpg,2022.0,,1,1,1,1,0,1
my_images/1\ds2_22_09_2021_8B8A.tmp.jpg,2021.0,,1,1,1,1,1,1
my_images/1\ds2_22_09_2021_8C09.tmp.jpg,2021.0,,1,1,1,2,2,2
my_images/1\ds2_22_09_2021_8EF9.tmp.jpg,2021.0,,1,1,1,3,3,1
my_images/1\ds2_22_09_2021_904A.tmp.jpg,2021.0,,1,1,2,1,1,1
my_images/1\ds2_22_09_2021_919D.tmp.jpg,2021.0,,1,2,1,2,1,2
my_images/1\ds2_22_10_2021_472C.tmp.jpg,2021.0,,1,1,2,1,1,1
my_images/1\ds2_22_10_2021_4C4C.tmp.jpg,2021.0,,1,1,1,1,1,1
my_images/1\ds2_22_10_2021_4CE2.tmp.jpg,2021.0,,1,1,1,2,2,1
my_images/1\ds2_22_10_2021_4D33.tmp.jpg,2021.0,,1,1,1,1,1,1
my_images/1\ds2_22_10_2021_4DB4.tmp.jpg,2021.0,,1,1,1,1,1,1
my_images/1\ds2_22_10_2021_4E26.tmp.jpg,2021.0,,1,1,1,0,0,1
my_images/1\ds2_22_10_2021_5532.tmp.jpg,2021.0,,1,1,1,1,1,2
my_images/1\ds2_23_03_2022_34EA.tmp.jpg,2022.0,,1,1,1,1,0,2
my_images/1\ds2_23_03_2022_350B.tmp.jpg,2022.0,,1,0,0,0,0,0
my_images/1\ds2_23_03_2022_353E.tmp.jpg,2022.0,,1,1,1,1,1,1
my_images/1\ds2_23_03_2022_353F.tmp.jpg,2022.0,,1,0,0,0,1,1
my_images/1\ds2_23_03_2022_37B1.tmp.jpg,2022.0,,1,0,1,1,2,1
my_images/1\ds2_23_03_2022_B805.tmp.jpg,2022.0,,1,1,1,0,1,1
my_images/1\ds2_23_03_2022_B946.tmp.jpg,2022.0,,1,1,1,2,1,1
my_images/1\ds2_23_03_2022_D8BC.tmp.jpg,2022.0,,1,1,0,0,1,0
my_images/1\ds2_23_03_2022_D920.tmp.jpg,2022.0,,1,1,1,1,2,1
my_images/1\ds2_23_03_2022_DA0A.tmp.jpg,2022.0,,1,1,1,1,1,1
my_images/1\ds2_23_09_2021_1074.tmp.jpg,2021.0,,1,1,1,1,1,1
my_images/1\ds2_23_09_2021_1E.tmp.jpg,2021.0,,1,1,1,1,1,1
my_images/1\ds2_23_09_2021_5A0.tmp.jpg,2021.0,,1,1,1,1,1,1
my_images/1\ds2_23_09_2021_CD0.tmp.jpg,2021.0,,1,1,1,1,2,1
my_images/1\ds2_23_09_2021_EFF0.tmp.jpg,2021.0,,1,1,1,1,1,1
my_images/1\ds2_24_01_2022_9872.tmp.jpg,2022.0,,1,2,1,2,1,1
my_images/1\ds2_24_01_2022_9AB1.tmp.jpg,2022.0,,1,1,1,2,2,3
my_images/1\ds2_24_03_2022_5CA3.tmp.jpg,2022.0,,1,1,1,1,2,1
my_images/1\ds2_24_03_2022_76D0.tmp.jpg,2022.0,,1,1,1,0,1,1
my_images/1\ds2_24_06_2022_33EB.tmp.jpg,2022.0,,1,1,1,1,2,1
my_images/1\ds2_24_06_2022_3610.tmp.jpg,2022.0,,1,1,1,1,1,1
my_images/1\ds2_24_06_2022_36D2.tmp.jpg,2022.0,,1,1,1,1,2,1
my_images/1\ds2_24_06_2022_36D4.tmp.jpg,2022.0,,1,1,1,1,1,1
my_images/1\ds2_24_06_2022_39EC.tmp.jpg,2022.0,,1,2,2,2,3,1
my_images/1\ds2_24_06_2022_3B40.tmp.jpg,2022.0,,1,1,1,1,1,1
my_images/1\ds2_24_06_2022_3BB6.tmp.jpg,2022.0,,1,2,2,2,2,1
my_images/1\ds2_24_06_2022_3BE8.tmp.jpg,2022.0,,1,1,1,1,1,1
my_images/1\ds2_24_06_2022_3C94.tmp.jpg,2022.0,,1,1,1,1,1,1
my_images/1\ds2_24_06_2022_3DC5.tmp.jpg,2022.0,,1,1,1,1,1,1
my_images/1\ds2_24_06_2022_3E37.tmp.jpg,2022.0,,1,1,1,1,2,1
my_images/1\ds2_24_06_2022_3E58.tmp.jpg,2022.0,,1,1,1,1,1,1
my_images/1\ds2_24_06_2022_3E66.tmp.jpg,2022.0,,1,1,1,1,1,1
my_images/1\ds2_24_06_2022_3F98.tmp.jpg,2022.0,,1,1,1,1,1,1
my_images/1\ds2_24_06_2022_3FFE.tmp.jpg,2022.0,,1,1,1,1,1,1
my_images/1\ds2_24_06_2022_412B.tmp.jpg,2022.0,,1,1,1,1,1,1
my_images/1\ds2_24_06_2022_4211.tmp.jpg,2022.0,,1,2,1,2,2,1
my_images/1\ds2_24_06_2022_4283.tmp.jpg,2022.0,,1,0,1,1,1,1
my_images/1\ds2_24_06_2022_450F.tmp.jpg,2022.0,,1,2,2,2,3,2
my_images/1\ds2_24_06_2022_4826.tmp.jpg,2022.0,,1,1,1,1,2,1
my_images/1\ds2_24_06_2022_48E8.tmp.jpg,2022.0,,1,0,0,0,0,0
my_images/1\ds2_24_06_2022_498A.tmp.jpg,2022.0,,1,1,1,1,1,1
my_images/1\ds2_24_06_2022_4994.tmp.jpg,2022.0,,1,3,1,1,2,1
my_images/1\ds2_24_06_2022_4B60.tmp.jpg,2022.0,,1,0,1,1,1,1
my_images/1\ds2_24_06_2022_4CCA.tmp.jpg,2022.0,,1,1,1,1,0,1
my_images/1\ds2_24_06_2022_4D98.tmp.jpg,2022.0,,1,1,1,0,0,1
my_images/1\ds2_24_06_2022_4F1B.tmp.jpg,2022.0,,1,1,1,1,1,1
my_images/1\ds2_24_06_2022_4F5F.tmp.jpg,2022.0,,1,1,1,1,1,1
my_images/1\ds2_24_06_2022_50AC.tmp.jpg,2022.0,,1,1,2,3,3,2
my_images/1\ds2_24_06_2022_50BC.tmp.jpg,2022.0,,1,1,1,1,1,2
my_images/1\ds2_24_06_2022_50ED.tmp.jpg,2022.0,,1,1,1,1,1,2
my_images/1\ds2_24_06_2022_525.tmp.jpg,2022.0,,1,1,1,1,1,1
my_images/1\ds2_24_06_2022_52BC.tmp.jpg,2022.0,,1,1,1,2,3,1
my_images/1\ds2_24_06_2022_538A.tmp.jpg,2022.0,,1,1,1,2,1,1
my_images/1\ds2_24_06_2022_561E.tmp.jpg,2022.0,,1,1,1,1,1,1
my_images/1\ds2_24_06_2022_567F.tmp.jpg,2022.0,,1,0,1,3,3,2
my_images/1\ds2_24_06_2022_602A.tmp.jpg,2022.0,,1,1,1,1,1,1
my_images/1\ds2_24_06_2022_6117.tmp.jpg,2022.0,,1,1,1,2,2,2
my_images/1\ds2_24_06_2022_61B8.tmp.jpg,2022.0,,1,2,1,2,2,1
my_images/1\ds2_24_06_2022_6276.tmp.jpg,2022.0,,1,0,0,0,0,0
my_images/1\ds2_24_06_2022_6367.tmp.jpg,2022.0,,1,1,1,1,0,1
my_images/1\ds2_24_06_2022_63E6.tmp.jpg,2022.0,,1,1,1,1,2,2
my_images/1\ds2_24_06_2022_6419.tmp.jpg,2022.0,,1,1,1,2,3,1
my_images/1\ds2_24_06_2022_6436.tmp.jpg,2022.0,,1,1,2,2,3,4
my_images/1\ds2_24_06_2022_644B.tmp.jpg,2022.0,,1,0,0,0,0,1
my_images/1\ds2_24_06_2022_654A.tmp.jpg,2022.0,,1,1,1,1,1,1
my_images/1\ds2_24_06_2022_655E.tmp.jpg,2022.0,,1,1,1,1,2,1
my_images/1\ds2_24_06_2022_6739.tmp.jpg,2022.0,,1,1,2,1,0,1
my_images/1\ds2_24_06_2022_67F9.tmp.jpg,2022.0,,1,1,1,1,0,1
my_images/1\ds2_24_06_2022_687C.tmp.jpg,2022.0,,1,1,1,2,3,2
my_images/1\ds2_24_06_2022_689D.tmp.jpg,2022.0,,1,1,1,1,1,2
my_images/1\ds2_24_06_2022_68CE.tmp.jpg,2022.0,,1,1,1,1,0,1
my_images/1\ds2_24_06_2022_68E0.tmp.jpg,2022.0,,1,1,1,0,1,0
my_images/1\ds2_24_06_2022_6930.tmp.jpg,2022.0,,1,0,0,0,3,1
my_images/1\ds2_24_06_2022_6AAA.tmp.jpg,2022.0,,1,1,1,3,2,1
my_images/1\ds2_24_06_2022_6ACA.tmp.jpg,2022.0,,1,4,2,2,3,2
my_images/1\ds2_24_06_2022_6ACB.tmp.jpg,2022.0,,1,2,2,3,3,1
my_images/1\ds2_24_06_2022_6ACD.tmp.jpg,2022.0,,1,1,1,2,2,1
my_images/1\ds2_24_06_2022_6ADE.tmp.jpg,2022.0,,1,0,0,0,0,1
my_images/1\ds2_24_06_2022_6BB2.tmp.jpg,2022.0,,1,1,0,0,0,0
my_images/1\ds2_24_06_2022_6D77.tmp.jpg,2022.0,,1,1,1,2,3,1
my_images/1\ds2_24_06_2022_6DD3.tmp.jpg,2022.0,,1,0,1,0,0,1
my_images/1\ds2_24_06_2022_6FFD.tmp.jpg,2022.0,,1,1,1,1,2,0
my_images/1\ds2_24_06_2022_736B.tmp.jpg,2022.0,,1,0,1,1,1,1
my_images/1\ds2_24_06_2022_74FC.tmp.jpg,2022.0,,1,0,1,1,0,1
my_images/1\ds2_24_06_2022_7612.tmp.jpg,2022.0,,1,1,1,1,1,2
my_images/1\ds2_24_06_2022_7619.tmp.jpg,2022.0,,1,1,1,2,2,1
my_images/1\ds2_24_06_2022_764C.tmp.jpg,2022.0,,1,2,1,1,2,1
my_images/1\ds2_24_06_2022_768D.tmp.jpg,2022.0,,1,1,3,3,3,1
my_images/1\ds2_24_06_2022_7763.tmp.jpg,2022.0,,1,1,1,1,1,1
my_images/1\ds2_24_06_2022_7981.tmp.jpg,2022.0,,1,1,1,0,1,0
my_images/1\ds2_24_06_2022_7ABF.tmp.jpg,2022.0,,1,2,1,1,1,1
my_images/1\ds2_24_06_2022_7B01.tmp.jpg,2022.0,,1,0,1,1,0,1
my_images/1\ds2_24_06_2022_7B02.tmp.jpg,2022.0,,1,1,1,1,1,1
my_images/1\ds2_24_06_2022_7C3C.tmp.jpg,2022.0,,1,1,4,3,4,4
my_images/1\ds2_24_06_2022_7D75.tmp.jpg,2022.0,,1,1,1,3,3,1
my_images/1\ds2_24_06_2022_8132.tmp.jpg,2022.0,,1,2,1,3,4,3
my_images/1\ds2_24_06_2022_81D2.tmp.jpg,2022.0,,1,1,1,2,2,1
my_images/1\ds2_24_06_2022_81FC.tmp.jpg,2022.0,,1,0,1,3,2,1
my_images/1\ds2_24_06_2022_8280.tmp.jpg,2022.0,,1,1,1,1,0,1
my_images/1\ds2_24_06_2022_842B.tmp.jpg,2022.0,,1,2,1,1,2,1
my_images/1\ds2_24_06_2022_8648.tmp.jpg,2022.0,,1,2,1,1,1,1
my_images/1\ds2_24_06_2022_86DD.tmp.jpg,2022.0,,1,1,2,1,2,1
my_images/1\ds2_24_06_2022_8720.tmp.jpg,2022.0,,1,2,1,2,2,1
my_images/1\ds2_24_06_2022_8A5.tmp.jpg,2022.0,,1,1,1,1,1,1
my_images/1\ds2_24_06_2022_8B5.tmp.jpg,2022.0,,1,1,1,1,1,1
my_images/1\ds2_24_06_2022_8C9D.tmp.jpg,2022.0,,1,1,1,1,3,2
my_images/1\ds2_24_06_2022_8E3E.tmp.jpg,2022.0,,1,1,1,1,1,1
my_images/1\ds2_24_06_2022_8E61.tmp.jpg,2022.0,,1,1,3,2,3,1
my_images/1\ds2_24_06_2022_9324.tmp.jpg,2022.0,,1,1,1,1,1,1
my_images/1\ds2_24_06_2022_93A3.tmp.jpg,2022.0,,1,1,1,1,1,1
my_images/1\ds2_24_06_2022_96BA.tmp.jpg,2022.0,,1,1,0,0,0,0
my_images/1\ds2_24_06_2022_981E.tmp.jpg,2022.0,,1,1,1,1,3,3
my_images/1\ds2_24_06_2022_987E.tmp.jpg,2022.0,,1,1,1,1,1,1
my_images/1\ds2_24_06_2022_9A2C.tmp.jpg,2022.0,,1,1,1,1,1,0
my_images/1\ds2_24_06_2022_9ADE.tmp.jpg,2022.0,,1,1,1,1,2,2
my_images/1\ds2_24_06_2022_9E82.tmp.jpg,2022.0,,1,1,2,1,1,1
my_images/1\ds2_24_06_2022_9F03.tmp.jpg,2022.0,,1,1,1,1,1,1
my_images/1\ds2_24_06_2022_A004.tmp.jpg,2022.0,,1,1,1,1,1,1
my_images/1\ds2_24_06_2022_A045.tmp.jpg,2022.0,,1,2,1,1,2,1
my_images/1\ds2_24_06_2022_A123.tmp.jpg,2022.0,,1,1,2,1,1,1
my_images/1\ds2_24_06_2022_A167.tmp.jpg,2022.0,,1,1,2,3,3,1
my_images/1\ds2_24_06_2022_A188.tmp.jpg,2022.0,,1,1,1,1,1,1
my_images/1\ds2_24_06_2022_A1DA.tmp.jpg,2022.0,,1,1,1,2,1,1
my_images/1\ds2_24_06_2022_ACFE.tmp.jpg,2022.0,,1,1,1,1,2,1
my_images/1\ds2_24_06_2022_AE4A.tmp.jpg,2022.0,,1,1,1,2,3,2
my_images/1\ds2_24_06_2022_B013.tmp.jpg,2022.0,,1,1,1,1,1,1
my_images/1\ds2_24_06_2022_B425.tmp.jpg,2022.0,,1,1,0,0,1,1
my_images/1\ds2_24_06_2022_B781.tmp.jpg,2022.0,,1,1,1,2,2,1
my_images/1\ds2_24_06_2022_B99C.tmp.jpg,2022.0,,1,0,0,0,0,1
my_images/1\ds2_24_06_2022_B9AE.tmp.jpg,2022.0,,1,1,1,1,1,1
my_images/1\ds2_24_06_2022_BA00.tmp.jpg,2022.0,,1,1,1,1,2,1
my_images/1\ds2_24_06_2022_BCE2.tmp.jpg,2022.0,,1,1,1,1,1,1
my_images/1\ds2_24_06_2022_C810.tmp.jpg,2022.0,,1,1,1,1,1,1
my_images/1\ds2_24_06_2022_C854.tmp.jpg,2022.0,,1,1,1,1,1,1
my_images/1\ds2_24_06_2022_D36C.tmp.jpg,2022.0,,1,1,1,0,1,0
my_images/1\ds2_24_06_2022_D4B4.tmp.jpg,2022.0,,1,1,1,1,1,1
my_images/1\ds2_24_06_2022_D866.tmp.jpg,2022.0,,1,1,1,0,1,1
my_images/1\ds2_24_06_2022_D993.tmp.jpg,2022.0,,1,1,1,1,1,1
my_images/1\ds2_24_06_2022_DA07.tmp.jpg,2022.0,,1,2,1,1,1,1
my_images/1\ds2_24_06_2022_DA18.tmp.jpg,2022.0,,1,1,1,1,0,1
my_images/1\ds2_24_06_2022_DB14.tmp.jpg,2022.0,,1,1,1,1,0,1
my_images/1\ds2_24_06_2022_DB66.tmp.jpg,2022.0,,1,1,1,1,1,1
my_images/1\ds2_24_06_2022_DC56.tmp.jpg,2022.0,,1,2,1,1,1,1
my_images/1\ds2_24_06_2022_E589.tmp.jpg,2022.0,,1,1,1,1,1,1
my_images/1\ds2_24_06_2022_E790.tmp.jpg,2022.0,,1,1,1,1,1,1
my_images/1\ds2_24_06_2022_E7CA.tmp.jpg,2022.0,,1,1,1,1,1,1
my_images/1\ds2_24_06_2022_E86F.tmp.jpg,2022.0,,1,1,1,1,1,1
my_images/1\ds2_24_06_2022_ECB8.tmp.jpg,2022.0,,1,1,0,0,1,1
my_images/1\ds2_24_06_2022_EDD9.tmp.jpg,2022.0,,1,1,1,1,1,2
my_images/1\ds2_24_06_2022_F5C7.tmp.jpg,2022.0,,1,1,1,1,1,1
my_images/1\ds2_24_09_2021_105.tmp.jpg,2021.0,,1,1,1,2,2,1
my_images/1\ds2_24_09_2021_164.tmp.jpg,2021.0,,1,1,1,1,1,2
my_images/1\ds2_24_09_2021_2FF.tmp.jpg,2021.0,,1,2,1,1,2,1
my_images/1\ds2_24_09_2021_33F.tmp.jpg,2021.0,,1,1,1,1,1,1
my_images/1\ds2_24_09_2021_70B.tmp.jpg,2021.0,,1,1,1,1,1,1
my_images/1\ds2_24_09_2021_818.tmp.jpg,2021.0,,1,1,2,1,1,1
my_images/1\ds2_24_09_2021_838.tmp.jpg,2021.0,,1,3,1,3,2,2
my_images/1\ds2_24_09_2021_FBCD.tmp.jpg,2021.0,,1,1,1,1,2,1
my_images/1\ds2_24_09_2021_FE5F.tmp.jpg,2021.0,,1,1,2,1,1,1
my_images/1\ds2_24_09_2021_FF99.tmp.jpg,2021.0,,1,1,1,1,1,1
my_images/1\ds2_24_09_2021_FFDA.tmp.jpg,2021.0,,1,1,1,2,1,1
my_images/1\ds2_25_03_2022_3182.tmp.jpg,2022.0,,1,1,2,2,2,1
my_images/1\ds2_25_03_2022_3231.tmp.jpg,2022.0,,1,1,1,1,1,1
my_images/1\ds2_25_03_2022_33B0.tmp.jpg,2022.0,,1,2,1,1,1,1
my_images/1\ds2_25_03_2022_3433.tmp.jpg,2022.0,,1,2,1,1,1,1
my_images/1\ds2_25_03_2022_34C3.tmp.jpg,2022.0,,1,2,1,1,1,1
my_images/1\ds2_25_03_2022_34C4.tmp.jpg,2022.0,,1,0,1,1,1,3
my_images/1\ds2_25_03_2022_3669.tmp.jpg,2022.0,,1,1,1,1,1,1
my_images/1\ds2_25_03_2022_369D.tmp.jpg,2022.0,,1,1,1,1,0,1
my_images/1\ds2_25_03_2022_377E.tmp.jpg,2022.0,,1,1,1,1,2,2
my_images/1\ds2_25_03_2022_3A91.tmp.jpg,2022.0,,1,1,1,2,1,1
my_images/1\ds2_25_03_2022_99B5.tmp.jpg,2022.0,,1,1,1,1,2,1
my_images/1\ds2_25_03_2022_BCC0.tmp.jpg,2022.0,,1,1,1,1,1,1
my_images/1\ds2_25_03_2022_BE3F.tmp.jpg,2022.0,,1,2,2,1,2,2
my_images/1\ds2_25_03_2022_BE61.tmp.jpg,2022.0,,1,1,1,1,1,1
my_images/1\ds2_25_03_2022_BEB8.tmp.jpg,2022.0,,1,0,0,0,0,0
my_images/1\ds2_25_04_2022_2176.tmp.jpg,2022.0,,1,2,1,1,1,1
my_images/1\ds2_25_04_2022_25AE.tmp.jpg,2022.0,,1,1,1,1,1,1
my_images/1\ds2_25_04_2022_31F1.tmp.jpg,2022.0,,1,1,2,1,1,1
my_images/1\ds2_25_04_2022_7D0E.tmp.jpg,2022.0,,1,1,1,1,1,1
my_images/1\ds2_25_04_2022_8054.tmp.jpg,2022.0,,1,1,2,2,3,1
my_images/1\ds2_25_04_2022_80A4.tmp.jpg,2022.0,,1,1,1,1,1,1
my_images/1\ds2_25_04_2022_867A.tmp.jpg,2022.0,,1,1,2,1,1,1
my_images/1\ds2_25_04_2022_89A3.tmp.jpg,2022.0,,1,1,1,1,1,1
my_images/1\ds2_25_04_2022_8A90.tmp.jpg,2022.0,,1,1,2,1,2,1
my_images/1\ds2_25_04_2022_8BBD.tmp.jpg,2022.0,,1,1,1,1,1,1
my_images/1\ds2_25_04_2022_8BED.tmp.jpg,2022.0,,1,1,1,1,2,1
my_images/1\ds2_25_04_2022_8D6E.tmp.jpg,2022.0,,1,1,1,1,2,1
my_images/1\ds2_25_04_2022_9A6F.tmp.jpg,2022.0,,1,1,1,1,1,1
my_images/1\ds2_25_10_2021_3AAB.tmp.jpg,2021.0,,1,1,1,1,1,1
my_images/1\ds2_25_10_2021_3BC1.tmp.jpg,2021.0,,1,1,1,1,1,1
my_images/1\ds2_25_10_2021_3BE3.tmp.jpg,2021.0,,1,1,1,1,3,1
my_images/1\ds2_25_10_2021_421.tmp.jpg,2021.0,,1,1,1,1,1,1
my_images/1\ds2_25_10_2021_742.tmp.jpg,2021.0,,1,1,2,2,2,1
my_images/1\ds2_25_10_2021_821.tmp.jpg,2021.0,,1,1,1,1,1,1
my_images/1\ds2_25_10_2021_8B0.tmp.jpg,2021.0,,1,1,1,1,1,1
my_images/1\ds2_25_10_2021_913.tmp.jpg,2021.0,,1,1,1,1,1,1
my_images/1\ds2_25_10_2021_D4E4.tmp.jpg,2021.0,,1,1,1,1,1,1
my_images/1\ds2_25_10_2021_D67F.tmp.jpg,2021.0,,1,1,1,1,0,1
my_images/1\ds2_25_10_2021_D680.tmp.jpg,2021.0,,1,1,1,1,0,1
my_images/1\ds2_26_10_2021_3A7F.tmp.jpg,2021.0,,1,2,1,1,1,1
my_images/1\ds2_26_10_2021_3AB0.tmp.jpg,2021.0,,1,1,1,1,2,2
my_images/1\ds2_26_10_2021_3B40.tmp.jpg,2021.0,,1,1,2,1,1,1
my_images/1\ds2_26_10_2021_3C8C.tmp.jpg,2021.0,,1,1,1,1,1,1
my_images/1\ds2_26_10_2021_3E34.tmp.jpg,2021.0,,1,1,1,1,2,2
my_images/1\ds2_26_10_2021_3E84.tmp.jpg,2021.0,,1,0,1,0,1,0
my_images/1\ds2_26_10_2021_4219.tmp.jpg,2021.0,,1,2,1,1,1,1
my_images/1\ds2_26_10_2021_4229.tmp.jpg,2021.0,,1,1,2,2,2,1
my_images/1\ds2_26_10_2021_422A.tmp.jpg,2021.0,,1,1,2,1,2,1
my_images/1\ds2_26_10_2021_4411.tmp.jpg,2021.0,,1,1,1,1,0,1
my_images/1\ds2_26_10_2021_48C8.tmp.jpg,2021.0,,1,1,1,1,1,1
my_images/1\ds2_26_10_2021_5464.tmp.jpg,2021.0,,1,1,1,2,1,1
my_images/1\ds2_26_10_2021_B7E9.tmp.jpg,2021.0,,1,1,1,1,1,1
my_images/1\ds2_26_10_2021_CB7E.tmp.jpg,2021.0,,1,0,0,1,1,1
my_images/1\ds2_26_10_2021_CEEA.tmp.jpg,2021.0,,1,1,1,1,1,1
my_images/1\ds2_26_10_2021_D21C.tmp.jpg,2021.0,,1,1,2,2,1,1
my_images/1\ds2_27_04_2022_8CD4.tmp.jpg,2022.0,,1,2,0,2,3,0
my_images/1\ds2_27_04_2022_A41.tmp.jpg,2022.0,,1,1,1,2,0,1
my_images/1\ds2_27_04_2022_C4DF.tmp.jpg,2022.0,,1,0,1,3,3,4
my_images/1\ds2_27_09_2021_3675.tmp.jpg,2021.0,,1,1,1,1,1,1
my_images/1\ds2_27_09_2021_3723.tmp.jpg,2021.0,,1,1,1,1,1,2
my_images/1\ds2_27_09_2021_39DD.tmp.jpg,2021.0,,1,0,1,0,1,1
my_images/1\ds2_27_09_2021_39DE.tmp.jpg,2021.0,,1,1,1,1,1,1
my_images/1\ds2_27_09_2021_3A20.tmp.jpg,2021.0,,1,1,1,1,1,1
my_images/1\ds2_27_09_2021_3A71.tmp.jpg,2021.0,,1,1,1,1,2,1
my_images/1\ds2_27_09_2021_4963.tmp.jpg,2021.0,,1,1,1,2,2,1
my_images/1\ds2_27_09_2021_49A4.tmp.jpg,2021.0,,1,2,1,1,1,1
my_images/1\ds2_27_09_2021_4BD7.tmp.jpg,2021.0,,1,1,1,2,1,1
my_images/1\ds2_27_10_2021_4A80.tmp.jpg,2021.0,,1,1,1,1,1,1
my_images/1\ds2_27_10_2021_4CB5.tmp.jpg,2021.0,,1,1,1,1,1,1
my_images/1\ds2_27_10_2021_4EDA.tmp.jpg,2021.0,,1,1,2,1,1,1
my_images/1\ds2_27_10_2021_5374.tmp.jpg,2021.0,,1,1,1,1,1,1
my_images/1\ds2_27_10_2021_5481.tmp.jpg,2021.0,,1,1,2,1,1,1
my_images/1\ds2_27_10_2021_55DF.tmp.jpg,2021.0,,1,1,1,1,1,2
my_images/1\ds2_27_10_2021_56CB.tmp.jpg,2021.0,,1,1,1,1,1,1
my_images/1\ds2_27_10_2021_57BC.tmp.jpg,2021.0,,1,1,1,1,1,1
my_images/1\ds2_27_10_2021_581C.tmp.jpg,2021.0,,1,1,1,1,1,2
my_images/1\ds2_27_10_2021_588D.tmp.jpg,2021.0,,1,0,1,1,1,0
my_images/1\ds2_27_10_2021_594E.tmp.jpg,2021.0,,1,1,3,1,2,1
my_images/1\ds2_27_10_2021_5C16.tmp.jpg,2021.0,,1,1,1,1,1,1
my_images/1\ds2_27_10_2021_5C7A.tmp.jpg,2021.0,,1,1,1,1,1,1
my_images/1\ds2_27_10_2021_82A9.tmp.jpg,2021.0,,1,1,1,1,1,1
my_images/1\ds2_27_10_2021_84B1.tmp.jpg,2021.0,,1,1,1,0,1,1
my_images/1\ds2_27_10_2021_84E2.tmp.jpg,2021.0,,1,1,1,1,1,1
my_images/1\ds2_27_10_2021_D953.tmp.jpg,2021.0,,1,0,1,1,1,1
my_images/1\ds2_27_10_2021_DCD9.tmp.jpg,2021.0,,1,1,1,2,1,1
my_images/1\ds2_28_03_2022_22F0.tmp.jpg,2022.0,,1,1,1,1,1,1
my_images/1\ds2_28_03_2022_2436.tmp.jpg,2022.0,,1,1,1,1,1,1
my_images/1\ds2_28_03_2022_246A.tmp.jpg,2022.0,,1,1,1,1,1,1
my_images/1\ds2_28_03_2022_2501.tmp.jpg,2022.0,,1,1,1,1,1,1
my_images/1\ds2_28_03_2022_AFB8.tmp.jpg,2022.0,,1,1,1,0,1,1
my_images/1\ds2_28_03_2022_B05B.tmp.jpg,2022.0,,1,1,1,0,0,0
my_images/1\ds2_28_03_2022_B113.tmp.jpg,2022.0,,1,0,0,0,0,0
my_images/1\ds2_28_09_2021_430F.tmp.jpg,2021.0,,1,1,1,1,1,1
my_images/1\ds2_28_09_2021_43AF.tmp.jpg,2021.0,,1,1,1,1,1,1
my_images/1\ds2_28_09_2021_4567.tmp.jpg,2021.0,,1,1,1,1,1,1
my_images/1\ds2_28_09_2021_99B9.tmp.jpg,2021.0,,1,1,1,2,2,1
my_images/1\ds2_28_09_2021_9B13.tmp.jpg,2021.0,,1,2,1,2,2,2
my_images/1\ds2_28_09_2021_9B54.tmp.jpg,2021.0,,1,1,0,1,1,1
my_images/1\ds2_28_09_2021_9B55.tmp.jpg,2021.0,,1,1,1,1,1,1
my_images/1\ds2_28_09_2021_9BE7.tmp.jpg,2021.0,,1,1,1,1,1,1
my_images/1\ds2_28_09_2021_9C59.tmp.jpg,2021.0,,1,1,2,1,1,1
my_images/1\ds2_28_09_2021_9CDA.tmp.jpg,2021.0,,1,2,2,1,1,1
my_images/1\ds2_28_10_2021_108A.tmp.jpg,2021.0,,1,0,1,1,1,1
my_images/1\ds2_28_10_2021_84D7.tmp.jpg,2021.0,,1,1,1,1,1,1
my_images/1\ds2_28_10_2021_85D5.tmp.jpg,2021.0,,1,0,1,0,0,1
my_images/1\ds2_28_10_2021_869D.tmp.jpg,2021.0,,1,1,1,1,0,1
my_images/1\ds2_28_10_2021_87B6.tmp.jpg,2021.0,,1,1,1,1,1,1
my_images/1\ds2_28_10_2021_A5D9.tmp.jpg,2021.0,,1,1,1,0,1,1
my_images/1\ds2_28_10_2021_A8B8.tmp.jpg,2021.0,,1,1,1,1,1,1
my_images/1\ds2_28_10_2021_A91A.tmp.jpg,2021.0,,1,0,1,0,1,0
my_images/1\ds2_28_10_2021_FB7.tmp.jpg,2021.0,,1,1,1,1,1,1
my_images/1\ds2_29_03_2022_5383.tmp.jpg,2022.0,,1,0,1,0,0,0
my_images/1\ds2_29_03_2022_55DF.tmp.jpg,2022.0,,1,1,1,1,1,1
my_images/1\ds2_29_03_2022_F764.tmp.jpg,2022.0,,1,1,1,1,1,1
my_images/1\ds2_29_04_2022_42B5.tmp.jpg,2022.0,,1,1,1,1,2,1
my_images/1\ds2_29_04_2022_E4DF.tmp.jpg,2022.0,,1,0,1,3,0,1
my_images/1\ds2_29_09_2021_2A3A.tmp.jpg,2021.0,,1,1,2,2,3,2
my_images/1\ds2_29_09_2021_2A4B.tmp.jpg,2021.0,,1,1,1,1,1,1
my_images/1\ds2_29_09_2021_2A5D.tmp.jpg,2021.0,,1,1,1,1,1,1
my_images/1\ds2_30_03_2022_7EAA.tmp.jpg,2022.0,,1,2,1,2,2,1
my_images/1\ds2_30_03_2022_841F.tmp.jpg,2022.0,,1,1,1,1,1,1
my_images/1\ds2_30_03_2022_86DA.tmp.jpg,2022.0,,1,1,1,2,1,2
my_images/1\ds2_30_03_2022_CCCF.tmp.jpg,2022.0,,1,1,2,1,1,1
my_images/1\ds2_30_03_2022_CCE1.tmp.jpg,2022.0,,1,1,0,0,0,0
my_images/1\ds2_30_03_2022_CDB3.tmp.jpg,2022.0,,1,1,3,1,1,1
my_images/1\ds2_30_09_2021_1E9B.tmp.jpg,2021.0,,1,1,1,1,1,1
my_images/1\ds2_30_09_2021_5497.tmp.jpg,2021.0,,1,1,1,1,2,1
my_images/1\ds2_30_09_2021_54F7.tmp.jpg,2021.0,,1,1,1,1,2,1
my_images/1\ds2_30_09_2021_553B.tmp.jpg,2021.0,,1,1,2,1,2,1
my_images/1\ds2_30_09_2021_5E49.tmp.jpg,2021.0,,1,1,1,1,1,1
my_images/1\ds2_30_09_2021_5ECB.tmp.jpg,2021.0,,1,0,1,0,1,1
my_images/1\ds2_30_09_2021_5F35.tmp.jpg,2021.0,,1,1,3,1,2,1
my_images/1\ds2_30_09_2021_5F46.tmp.jpg,2021.0,,1,1,1,2,2,1
my_images/1\ds2_30_09_2021_5F6A.tmp.jpg,2021.0,,1,2,1,1,1,1
my_images/1\ds2_30_09_2021_5F9A.tmp.jpg,2021.0,,1,1,1,1,0,1
my_images/1\ds2_30_09_2021_5FB9.tmp.jpg,2021.0,,1,1,1,1,1,1
my_images/1\ds2_30_09_2021_5FEB.tmp.jpg,2021.0,,1,1,1,1,1,1
my_images/2\ds1_1007_B_-22.9676797622997_-47.1474085635446.jpg,-22.9676797622997,-47.1474085635446,2,1,2,2,2,1
my_images/2\ds1_101_A_-22.9933587428911_-47.1192141366942.jpg,-22.9933587428911,-47.1192141366942,2,1,1,2,2,1
my_images/2\ds1_1022_B_-22.9675904509662_-47.1471297385874.jpg,-22.9675904509662,-47.1471297385874,2,3,3,3,3,3
my_images/2\ds1_1042_B_-22.967676_-47.145007.jpg,-22.967676,-47.145007,2,0,0,0,3,0
my_images/2\ds1_1045_B_-22.9677982397712_-47.1453921490937.jpg,-22.9677982397712,-47.1453921490937,2,3,1,1,3,3
my_images/2\ds1_1046_B_-22.967784_-47.145387.jpg,-22.967784,-47.145387,2,3,1,1,3,1
my_images/2\ds1_104_A_-22.9913036466582_-47.1207088124949.jpg,-22.9913036466582,-47.1207088124949,2,3,3,3,3,3
my_images/2\ds1_1055_B_-22.9663070805785_-47.143039366109.jpg,-22.9663070805785,-47.143039366109,2,4,4,3,3,3
my_images/2\ds1_1058_B_-22.9657270536273_-47.1431193335306.jpg,-22.9657270536273,-47.1431193335306,2,1,1,2,3,3
my_images/2\ds1_1059_B_-22.9656730336343_-47.1431234864126.jpg,-22.9656730336343,-47.1431234864126,2,3,3,2,3,1
my_images/2\ds1_1066_B_-22.969531185946_-47.1433929100279.jpg,-22.969531185946,-47.1433929100279,2,1,1,1,1,1
my_images/2\ds1_1068_B_-22.9690249987884_-47.1426853220372.jpg,-22.9690249987884,-47.1426853220372,2,4,4,3,4,4
my_images/2\ds1_1070_B_-22.9687359915427_-47.142497272987.jpg,-22.9687359915427,-47.142497272987,2,3,3,3,3,3
my_images/2\ds1_1073_B_-22.968946542991_-47.1477260578444.jpg,-22.968946542991,-47.1477260578444,2,2,2,2,2,3
my_images/2\ds1_1082_B_-22.9677412340583_-47.1460890871758.jpg,-22.9677412340583,-47.1460890871758,2,3,1,1,3,1
my_images/2\ds1_108_A_-22.9922908970375_-47.1221103144838.jpg,-22.9922908970375,-47.1221103144838,2,2,1,2,3,3
my_images/2\ds1_1091_B_-22.9673610177251_-47.146132546567.jpg,-22.9673610177251,-47.146132546567,2,1,1,2,2,1
my_images/2\ds1_1093_B_-22.9670496049749_-47.1461892006813.jpg,-22.9670496049749,-47.1461892006813,2,2,3,2,3,2
my_images/2\ds1_1095_B_-22.9690747780328_-47.1470497848448.jpg,-22.9690747780328,-47.1470497848448,2,3,3,3,3,3
my_images/2\ds1_1104_B_-22.9697144935892_-47.1473223400679.jpg,-22.9697144935892,-47.1473223400679,2,1,1,1,1,2
my_images/2\ds1_1105_B_-22.9696421260652_-47.1473087617732.jpg,-22.9696421260652,-47.1473087617732,2,2,3,2,3,3
my_images/2\ds1_1106_B_-22.9684440841066_-47.1467957253466.jpg,-22.9684440841066,-47.1467957253466,2,3,3,3,3,3
my_images/2\ds1_1114_B_-22.9686447171053_-47.1465075173507.jpg,-22.9686447171053,-47.1465075173507,2,3,3,3,3,3
my_images/2\ds1_1125_B_-22.9695001120682_-47.1465274571767.jpg,-22.9695001120682,-47.1465274571767,2,2,3,2,3,2
my_images/2\ds1_1129_B_-22.9697070513726_-47.1468695127094.jpg,-22.9697070513726,-47.1468695127094,2,2,2,2,2,2
my_images/2\ds1_1131_B_-22.9688370117255_-47.1465494761587.jpg,-22.9688370117255,-47.1465494761587,2,4,3,3,4,3
my_images/2\ds1_1154_B_-22.9685354749828_-47.145141432442.jpg,-22.9685354749828,-47.145141432442,2,3,2,3,3,3
my_images/2\ds1_1156_B_-22.9658862842937_-47.1450791013167.jpg,-22.9658862842937,-47.1450791013167,2,3,3,3,3,3
my_images/2\ds1_1157_B_-22.9660341908578_-47.1465966461882.jpg,-22.9660341908578,-47.1465966461882,2,3,3,3,4,3
my_images/2\ds1_1161_B_-22.9655398301194_-47.1457594013707.jpg,-22.9655398301194,-47.1457594013707,2,3,3,3,3,3
my_images/2\ds1_1162_B_-22.9654632502719_-47.145772894444.jpg,-22.9654632502719,-47.145772894444,2,2,3,3,2,1
my_images/2\ds1_1164_B_-22.9659070294871_-47.1451993796364.jpg,-22.9659070294871,-47.1451993796364,2,2,3,3,3,3
my_images/2\ds1_1167_B_-22.9688870729058_-47.1445994875905.jpg,-22.9688870729058,-47.1445994875905,2,4,4,4,4,4
my_images/2\ds1_1169_B_-22.9690416539598_-47.1447223015199.jpg,-22.9690416539598,-47.1447223015199,2,1,2,1,2,2
my_images/2\ds1_1177_B_-22.9654899729995_-47.1443865597073.jpg,-22.9654899729995,-47.1443865597073,2,2,2,3,3,1
my_images/2\ds1_1182_B_-22.9670638257944_-47.1440651751527.jpg,-22.9670638257944,-47.1440651751527,2,3,3,3,3,3
my_images/2\ds1_1188_B_-22.9658461975019_-47.1437486755506.jpg,-22.9658461975019,-47.1437486755506,2,1,3,2,3,3
my_images/2\ds1_1201_B_-22.968318092192_-47.1453872160095.jpg,-22.968318092192,-47.1453872160095,2,3,3,3,3,3
my_images/2\ds1_1202_B_-22.9686870404193_-47.1458494239056.jpg,-22.9686870404193,-47.1458494239056,2,2,3,2,3,3
my_images/2\ds1_1205_B_-22.9664799601646_-47.1456172095088.jpg,-22.9664799601646,-47.1456172095088,2,3,2,2,3,2
my_images/2\ds1_1208_B_-22.9652823424132_-47.1455235699137.jpg,-22.9652823424132,-47.1455235699137,2,3,3,2,2,3
my_images/2\ds1_1211_B_-22.9674869732801_-47.1479295257138.jpg,-22.9674869732801,-47.1479295257138,2,3,3,2,3,3
my_images/2\ds1_1230_C_-22.9424218361407_-47.1001664379964.jpg,-22.9424218361407,-47.1001664379964,2,3,3,3,3,3
my_images/2\ds1_1231_C_-22.9427616289868_-47.100076241089.jpg,-22.9427616289868,-47.100076241089,2,3,3,1,1,1
my_images/2\ds1_1238_C_-22.9450763585387_-47.0995117225393.jpg,-22.9450763585387,-47.0995117225393,2,1,3,2,3,1
my_images/2\ds1_1240_C_-22.9383288888256_-47.0978032495332.jpg,-22.9383288888256,-47.0978032495332,2,2,3,2,1,3
my_images/2\ds1_1241_C_-22.9385385222612_-47.0978599076845.jpg,-22.9385385222612,-47.0978599076845,2,3,3,3,3,3
my_images/2\ds1_1242_C_-22.9384430696158_-47.0978335753373.jpg,-22.9384430696158,-47.0978335753373,2,3,3,3,3,3
my_images/2\ds1_1243_C_-22.9387651542075_-47.0978806594807.jpg,-22.9387651542075,-47.0978806594807,2,2,3,3,3,3
my_images/2\ds1_1246_C_-22.9394451239401_-47.0980806706794.jpg,-22.9394451239401,-47.0980806706794,2,3,3,3,3,3
my_images/2\ds1_1249_C_-22.9399151441015_-47.0982206074442.jpg,-22.9399151441015,-47.0982206074442,2,2,3,2,1,2
my_images/2\ds1_1250_C_-22.940592192543704_-47.09830347713831.jpg,-22.940592192543704,-47.09830347713831,2,2,3,2,3,2
my_images/2\ds1_1255_C_-22.9446486882246_-47.098095936472.jpg,-22.9446486882246,-47.098095936472,2,1,0,1,1,1
my_images/2\ds1_1257_C_-22.9449687707982_-47.0980827421961.jpg,-22.9449687707982,-47.0980827421961,2,2,3,2,3,3
my_images/2\ds1_1261_C_-22.9397811844739_-47.0994529676287.jpg,-22.9397811844739,-47.0994529676287,2,2,3,2,3,2
my_images/2\ds1_1263_C_-22.9403216248285_-47.0994024269394.jpg,-22.9403216248285,-47.0994024269394,2,3,3,3,3,3
my_images/2\ds1_1270_C_-22.9431460048197_-47.098752546902.jpg,-22.9431460048197,-47.098752546902,2,3,3,2,2,3
my_images/2\ds1_1306_C_-22.9418551705345_-47.0984806249344.jpg,-22.9418551705345,-47.0984806249344,2,2,2,2,2,2
my_images/2\ds1_1336_C_-22.9434257602809_-47.0996991584385.jpg,-22.9434257602809,-47.0996991584385,2,3,3,2,3,3
my_images/2\ds1_133_A_-22.9924742447261_-47.120758422866.jpg,-22.9924742447261,-47.120758422866,2,1,1,1,1,1
my_images/2\ds1_1348_C_-22.9449783287845_-47.0998369124602.jpg,-22.9449783287845,-47.0998369124602,2,3,3,3,3,3
my_images/2\ds1_1349_C_-22.9451044217506_-47.099819946117.jpg,-22.9451044217506,-47.099819946117,2,1,1,1,1,1
my_images/2\ds1_1383_C_-22.9453361685134_-47.099877147679.jpg,-22.9453361685134,-47.099877147679,2,1,2,2,2,1
my_images/2\ds1_139_A_-22.9923512530092_-47.1215480356965.jpg,-22.9923512530092,-47.1215480356965,2,2,2,1,3,3
my_images/2\ds1_1424_C_-22.9403330601254_-47.0985997643997.jpg,-22.9403330601254,-47.0985997643997,2,1,2,2,3,2
my_images/2\ds1_1440_C_-22.9397123808454_-47.0988731035212.jpg,-22.9397123808454,-47.0988731035212,2,3,3,3,3,3
my_images/2\ds1_1447_C_-22.9387863860425_-47.099767970199.jpg,-22.9387863860425,-47.099767970199,2,2,4,3,3,3
my_images/2\ds1_1450_C_-22.939190853608_-47.1010346013868.jpg,-22.939190853608,-47.1010346013868,2,3,3,2,3,2
my_images/2\ds1_1451_C_-22.9393309086513_-47.1012314533296.jpg,-22.9393309086513,-47.1012314533296,2,2,3,3,3,2
my_images/2\ds1_1452_C_-22.9394842548346_-47.1014746240113.jpg,-22.9394842548346,-47.1014746240113,2,1,2,2,2,3
my_images/2\ds1_1453_C_-22.9380391099045_-47.0978122331295.jpg,-22.9380391099045,-47.0978122331295,2,3,3,3,3,3
my_images/2\ds1_1462_C_-22.9396725905083_-47.0996887027295.jpg,-22.9396725905083,-47.0996887027295,2,4,3,3,4,4
my_images/2\ds1_1469_C_-22.939029261019762_-47.09804788263414.jpg,-22.939029261019762,-47.09804788263414,2,2,3,2,2,1
my_images/2\ds1_1471_C_-22.9400206284809_-47.0982645695662.jpg,-22.9400206284809,-47.0982645695662,2,3,3,3,3,3
my_images/2\ds1_1472_C_-22.9405751493608_-47.0982506796086.jpg,-22.9405751493608,-47.0982506796086,2,1,2,1,3,2
my_images/2\ds1_1478_C_-22.9445507051575_-47.0980810932445.jpg,-22.9445507051575,-47.0980810932445,2,3,3,3,3,3
my_images/2\ds1_1479_C_-22.9452388966109_-47.0978227305704.jpg,-22.9452388966109,-47.0978227305704,2,1,3,2,3,3
my_images/2\ds1_1481_C_-22.9404757644807_-47.0975631327991.jpg,-22.9404757644807,-47.0975631327991,2,2,3,3,3,2
my_images/2\ds1_1482_C_-22.9406818594074_-47.0975147225983.jpg,-22.9406818594074,-47.0975147225983,2,3,3,0,3,3
my_images/2\ds1_1483_C_-22.9402173949464_-47.0975901008649.jpg,-22.9402173949464,-47.0975901008649,2,3,3,3,3,2
my_images/2\ds1_1487_C_-22.9401965717623_-47.0994300068171.jpg,-22.9401965717623,-47.0994300068171,2,2,3,3,3,3
my_images/2\ds1_1488_C_-22.9407049627986_-47.0993548125841.jpg,-22.9407049627986,-47.0993548125841,2,4,4,3,3,3
my_images/2\ds1_1489_C_-22.9416871259517_-47.0988875964661.jpg,-22.9416871259517,-47.0988875964661,2,3,3,3,3,3
my_images/2\ds1_1490_C_-22.9420551548867_-47.0988706584799.jpg,-22.9420551548867,-47.0988706584799,2,2,3,2,2,3
my_images/2\ds1_1491_C_-22.9430359978738_-47.0987548052167.jpg,-22.9430359978738,-47.0987548052167,2,3,3,1,1,3
my_images/2\ds1_1496_C_-22.944020503085_-47.0988983960006.jpg,-22.944020503085,-47.0988983960006,2,4,3,3,3,3
my_images/2\ds1_1497_C_-22.9442912559812_-47.0985591022789.jpg,-22.9442912559812,-47.0985591022789,2,3,3,3,2,3
my_images/2\ds1_14_A_-22.9905680042495_-47.1176352662927.jpg,-22.9905680042495,-47.1176352662927,2,1,1,1,1,1
my_images/2\ds1_1503_C_-22.9427950909299_-47.099410686862.jpg,-22.9427950909299,-47.099410686862,2,2,3,3,3,3
my_images/2\ds1_1508_C_-22.9434259038414_-47.1016165422941.jpg,-22.9434259038414,-47.1016165422941,2,2,2,2,2,2
my_images/2\ds1_1509_C_-22.9429550711477_-47.0984220187666.jpg,-22.9429550711477,-47.0984220187666,2,3,3,3,3,3
my_images/2\ds1_1511_C_-22.9439451835708_-47.0983070854983.jpg,-22.9439451835708,-47.0983070854983,2,2,3,3,4,3
my_images/2\ds1_1514_C_-22.9401428402775_-47.1018138899854.jpg,-22.9401428402775,-47.1018138899854,2,1,3,2,3,3
my_images/2\ds1_1517_C_-22.9431851053118_-47.1019707352769.jpg,-22.9431851053118,-47.1019707352769,2,2,3,3,3,3
my_images/2\ds1_1527_C_-22.943692512405_-47.0996937002084.jpg,-22.943692512405,-47.0996937002084,2,1,3,3,3,1
my_images/2\ds1_1535_C_-22.9447223935804_-47.0998742656293.jpg,-22.9447223935804,-47.0998742656293,2,3,2,2,3,1
my_images/2\ds1_1537_C_-22.9447572120221_-47.0995384539628.jpg,-22.9447572120221,-47.0995384539628,2,3,3,2,3,3
my_images/2\ds1_1538_C_-22.9452184690084_-47.0994785701016.jpg,-22.9452184690084,-47.0994785701016,2,3,3,3,3,3
my_images/2\ds1_1539_C_-22.9451464307058_-47.0995131975365.jpg,-22.9451464307058,-47.0995131975365,2,1,1,2,3,1
my_images/2\ds1_1542_C_-22.9421151011659_-47.1010806626473.jpg,-22.9421151011659,-47.1010806626473,2,3,3,3,4,3
my_images/2\ds1_1545_C_-22.9425081467338_-47.100976650867.jpg,-22.9425081467338,-47.100976650867,2,3,3,3,4,3
my_images/2\ds1_1546_C_-22.9431865912571_-47.1008576209383.jpg,-22.9431865912571,-47.1008576209383,2,2,3,3,3,2
my_images/2\ds1_1550_C_-22.9407228610679_-47.10008369298.jpg,-22.9407228610679,-47.10008369298,2,1,3,3,3,3
my_images/2\ds1_1558_C_-22.9389990032961_-47.1003769133742.jpg,-22.9389990032961,-47.1003769133742,2,3,3,3,3,3
my_images/2\ds1_1565_C_-22.9435876382472_-47.1006466305392.jpg,-22.9435876382472,-47.1006466305392,2,2,2,2,2,1
my_images/2\ds1_1566_C_-22.9399421277598_-47.1007241999702.jpg,-22.9399421277598,-47.1007241999702,2,3,3,3,3,3
my_images/2\ds1_1569_C_-22.94014509604_-47.1011007226712.jpg,-22.94014509604,-47.1011007226712,2,1,3,3,3,3
my_images/2\ds1_1570_C_-22.9403320586633_-47.1009066135448.jpg,-22.9403320586633,-47.1009066135448,2,2,3,3,3,3
my_images/2\ds1_1572_C_-22.9405051889664_-47.1009977676847.jpg,-22.9405051889664,-47.1009977676847,2,1,1,1,3,1
my_images/2\ds1_1573_C_-22.9417080107905_-47.101354917552.jpg,-22.9417080107905,-47.101354917552,2,3,3,3,3,3
my_images/2\ds1_1577_C_-22.9423786736763_-47.1012828404178.jpg,-22.9423786736763,-47.1012828404178,2,2,3,1,3,2
my_images/2\ds1_1580_C_-22.9412151498553_-47.099280708845.jpg,-22.9412151498553,-47.099280708845,2,1,1,1,3,1
my_images/2\ds1_1583_C_-22.9415600767107_-47.0995207997327.jpg,-22.9415600767107,-47.0995207997327,2,1,2,1,2,1
my_images/2\ds1_1584_C_-22.9412284231715_-47.0998054376456.jpg,-22.9412284231715,-47.0998054376456,2,1,1,1,1,1
my_images/2\ds1_1585_C_-22.9402692774315_-47.098505781815.jpg,-22.9402692774315,-47.098505781815,2,1,2,1,3,1
my_images/2\ds1_1591_C_-22.9395403638834_-47.0985690420469.jpg,-22.9395403638834,-47.0985690420469,2,3,3,3,3,3
my_images/2\ds1_1598_C_-22.9387530048426_-47.0998916682734.jpg,-22.9387530048426,-47.0998916682734,2,2,3,2,3,1
my_images/2\ds1_1599_C_-22.9378795310147_-47.0976638384899.jpg,-22.9378795310147,-47.0976638384899,2,2,3,3,3,3
my_images/2\ds1_1622_M_-22.9694784807232_-47.1357112905657.jpg,-22.9694784807232,-47.1357112905657,2,1,3,2,3,3
my_images/2\ds1_162_A_-22.9907140769745_-47.122970111762.jpg,-22.9907140769745,-47.122970111762,2,3,3,3,4,3
my_images/2\ds1_1634_M_-22.9700001194092_-47.135183264532.jpg,-22.9700001194092,-47.135183264532,2,1,1,2,2,2
my_images/2\ds1_1676_M_-22.9708991827074_-47.1310996159554.jpg,-22.9708991827074,-47.1310996159554,2,3,2,2,2,3
my_images/2\ds1_1680_M_-22.9712316126727_-47.1322623021597.jpg,-22.9712316126727,-47.1322623021597,2,2,3,3,3,2
my_images/2\ds1_1689_M_-22.9709255869061_-47.1332166334113.jpg,-22.9709255869061,-47.1332166334113,2,3,2,2,3,1
my_images/2\ds1_168_A_-22.9932712673379_-47.1198266147543.jpg,-22.9932712673379,-47.1198266147543,2,1,3,2,3,1
my_images/2\ds1_1706_M_-22.9727039815214_-47.1345831283999.jpg,-22.9727039815214,-47.1345831283999,2,3,3,2,3,3
my_images/2\ds1_1710_M_-22.973050988002_-47.134816376032.jpg,-22.973050988002,-47.134816376032,2,3,3,1,2,1
my_images/2\ds1_171_A_-22.99195047049_-47.1212229487999.jpg,-22.99195047049,-47.1212229487999,2,1,3,2,3,1
my_images/2\ds1_1731_M_-22.9680279050089_-47.1335025271502.jpg,-22.9680279050089,-47.1335025271502,2,1,3,3,3,3
my_images/2\ds1_1732_M_-22.9681844892916_-47.133447456904.jpg,-22.9681844892916,-47.133447456904,2,1,2,1,2,1
my_images/2\ds1_1738_M_-22.972689864019_-47.1316147075364.jpg,-22.972689864019,-47.1316147075364,2,3,3,2,3,3
my_images/2\ds1_1742_M_-22.9707418450077_-47.1338337126227.jpg,-22.9707418450077,-47.1338337126227,2,2,3,2,3,2
my_images/2\ds1_1744_M_-22.9698216796231_-47.1339884312272.jpg,-22.9698216796231,-47.1339884312272,2,1,3,2,2,3
my_images/2\ds1_1752_M_-22.9700253690025_-47.1338549224405.jpg,-22.9700253690025,-47.1338549224405,2,3,3,3,3,3
my_images/2\ds1_1755_M_-22.9716187611417_-47.1327334190689.jpg,-22.9716187611417,-47.1327334190689,2,3,2,3,2,1
my_images/2\ds1_1756_M_-22.9715496094728_-47.132423999035.jpg,-22.9715496094728,-47.132423999035,2,3,3,3,3,3
my_images/2\ds1_1757_M_-22.971652231777067_-47.13240929944077.jpg,-22.971652231777067,-47.13240929944077,2,3,3,3,3,3
my_images/2\ds1_1761_M_-22.9714133538694_-47.1325720273855.jpg,-22.9714133538694,-47.1325720273855,2,1,3,2,1,1
my_images/2\ds1_1772_M_-22.9725155743046_-47.1331529674596.jpg,-22.9725155743046,-47.1331529674596,2,0,1,1,1,1
my_images/2\ds1_1790_M_-22.9727316613946_-47.1320782586027.jpg,-22.9727316613946,-47.1320782586027,2,3,3,2,3,1
my_images/2\ds1_1798_M_-22.9718840155492_-47.1341925448522.jpg,-22.9718840155492,-47.1341925448522,2,1,1,1,1,1
my_images/2\ds1_1805_M_-22.969770128883_-47.1303647969188.jpg,-22.969770128883,-47.1303647969188,2,0,0,0,1,0
my_images/2\ds1_1808_M_-22.9697906339753_-47.1306528737245.jpg,-22.9697906339753,-47.1306528737245,2,2,3,3,3,2
my_images/2\ds1_1810_M_-22.9698187318114_-47.1319557693157.jpg,-22.9698187318114,-47.1319557693157,2,2,2,2,3,2
my_images/2\ds1_1813_M_-22.9694625486175_-47.1303616282581.jpg,-22.9694625486175,-47.1303616282581,2,2,3,2,3,2
my_images/2\ds1_1816_M_-22.9732433827879_-47.1331886855485.jpg,-22.9732433827879,-47.1331886855485,2,3,3,3,3,3
my_images/2\ds1_1819_M_-22.9732400563083_-47.133567590731.jpg,-22.9732400563083,-47.133567590731,2,3,3,3,3,3
my_images/2\ds1_181_A_-22.9909290514869_-47.1237585667246.jpg,-22.9909290514869,-47.1237585667246,2,1,1,1,1,1
my_images/2\ds1_1823_M_-22.9734502670688_-47.1333878415362.jpg,-22.9734502670688,-47.1333878415362,2,3,2,2,3,3
my_images/2\ds1_1825_M_-22.973408817995_-47.1337346511263.jpg,-22.973408817995,-47.1337346511263,2,3,2,3,2,3
my_images/2\ds1_1831_M_-22.972672323794_-47.1328371971482.jpg,-22.972672323794,-47.1328371971482,2,2,3,2,3,2
my_images/2\ds1_1833_M_-22.9728744259746_-47.1328285245777.jpg,-22.9728744259746,-47.1328285245777,2,3,3,2,3,3
my_images/2\ds1_1834_M_-22.972989833789_-47.1329346770682.jpg,-22.972989833789,-47.1329346770682,2,3,2,2,3,3
my_images/2\ds1_1839_M_-22.9723139147756_-47.1304113463785.jpg,-22.9723139147756,-47.1304113463785,2,3,3,3,3,3
my_images/2\ds1_1840_M_-22.9723238134519_-47.1305481172594.jpg,-22.9723238134519,-47.1305481172594,2,3,3,3,3,3
my_images/2\ds1_1842_M_-22.9726645495059_-47.1308251366136.jpg,-22.9726645495059,-47.1308251366136,2,3,3,2,3,3
my_images/2\ds1_1843_M_-22.9723109710003_-47.1313216801035.jpg,-22.9723109710003,-47.1313216801035,2,3,3,3,3,3
my_images/2\ds1_1846_M_-22.9706964697129_-47.1318251383572.jpg,-22.9706964697129,-47.1318251383572,2,3,3,3,3,3
my_images/2\ds1_1849_M_-22.9705284210985_-47.1315444941678.jpg,-22.9705284210985,-47.1315444941678,2,3,3,0,3,3
my_images/2\ds1_1851_M_-22.9714829264064_-47.1318170108316.jpg,-22.9714829264064,-47.1318170108316,2,4,3,3,4,3
my_images/2\ds1_1852_M_-22.9705416261126_-47.131323928266.jpg,-22.9705416261126,-47.131323928266,2,2,3,3,3,3
my_images/2\ds1_1859_M_-22.9714167789605_-47.1315190475536.jpg,-22.9714167789605,-47.1315190475536,2,1,0,0,1,3
my_images/2\ds1_1861_M_-22.9717000812987_-47.1318099871401.jpg,-22.9717000812987,-47.1318099871401,2,2,3,2,3,2
my_images/2\ds1_1862_M_-22.9712792138029_-47.1315362925091.jpg,-22.9712792138029,-47.1315362925091,2,3,0,0,1,3
my_images/2\ds1_1863_M_-22.9714002112537_-47.1318042054774.jpg,-22.9714002112537,-47.1318042054774,2,3,3,3,3,3
my_images/2\ds1_1864_M_-22.9720426898376_-47.1316188794985.jpg,-22.9720426898376,-47.1316188794985,2,3,3,3,3,3
my_images/2\ds1_1865_M_-22.9719400409309_-47.1320205794938.jpg,-22.9719400409309,-47.1320205794938,2,3,3,3,3,2
my_images/2\ds1_1866_M_-22.9715271075535_-47.1300963204997.jpg,-22.9715271075535,-47.1300963204997,2,3,3,2,3,3
my_images/2\ds1_1869_M_-22.9699850131826_-47.1300767078597.jpg,-22.9699850131826,-47.1300767078597,2,1,2,2,3,1
my_images/2\ds1_1870_M_-22.9700953039207_-47.1300733676842.jpg,-22.9700953039207,-47.1300733676842,2,3,3,3,3,3
my_images/2\ds1_1871_M_-22.9697672971643_-47.1301791890066.jpg,-22.9697672971643,-47.1301791890066,2,2,2,2,3,2
my_images/2\ds1_1876_M_-22.9716213448324_-47.1305616654982.jpg,-22.9716213448324,-47.1305616654982,2,3,3,3,3,3
my_images/2\ds1_1878_M_-22.9719280736672_-47.1306885651959.jpg,-22.9719280736672,-47.1306885651959,2,1,1,3,3,2
my_images/2\ds1_187_A_-22.991724684689_-47.1211800164258.jpg,-22.991724684689,-47.1211800164258,2,3,3,3,3,3
my_images/2\ds1_1884_M_-22.9718750506259_-47.131415176375.jpg,-22.9718750506259,-47.131415176375,2,2,3,2,3,3
my_images/2\ds1_1885_M_-22.9705566608926_-47.1303939943053.jpg,-22.9705566608926,-47.1303939943053,2,3,3,3,3,3
my_images/2\ds1_1888_M_-22.9702130368931_-47.1308796834104.jpg,-22.9702130368931,-47.1308796834104,2,1,2,2,3,2
my_images/2\ds1_1889_M_-22.9702131152061_-47.1309745631527.jpg,-22.9702131152061,-47.1309745631527,2,3,2,2,3,3
my_images/2\ds1_1892_M_-22.9705417506515_-47.1312341220912.jpg,-22.9705417506515,-47.1312341220912,2,2,3,2,3,2
my_images/2\ds1_1893_M_-22.9705451348363_-47.1321133381443.jpg,-22.9705451348363,-47.1321133381443,2,1,3,3,3,3
my_images/2\ds1_1894_M_-22.9705550865042_-47.1322661974624.jpg,-22.9705550865042,-47.1322661974624,2,4,3,3,3,3
my_images/2\ds1_1897_M_-22.9705722627516_-47.1328848770949.jpg,-22.9705722627516,-47.1328848770949,2,1,3,2,3,3
my_images/2\ds1_189_A_-22.9919980843707_-47.120445520685.jpg,-22.9919980843707,-47.120445520685,2,1,1,1,1,1
my_images/2\ds1_1903_M_-22.9694637734898_-47.1337196243152.jpg,-22.9694637734898,-47.1337196243152,2,3,3,2,3,3
my_images/2\ds1_1910_M_-22.9699377903935_-47.1335797350412.jpg,-22.9699377903935,-47.1335797350412,2,3,3,3,3,3
my_images/2\ds1_1912_M_-22.968386_-47.133879.jpg,-22.968386,-47.133879,2,1,1,2,1,1
my_images/2\ds1_1917_M_-22.9687659219951_-47.1339401460262.jpg,-22.9687659219951,-47.1339401460262,2,1,1,1,1,1
my_images/2\ds1_1918_M_-22.9685939090961_-47.1337127793873.jpg,-22.9685939090961,-47.1337127793873,2,1,0,2,1,1
my_images/2\ds1_1922_M_-22.9691191795573_-47.1338568663716.jpg,-22.9691191795573,-47.1338568663716,2,1,3,2,2,3
my_images/2\ds1_1923_M_-22.9692080627994_-47.1338206243119.jpg,-22.9692080627994,-47.1338206243119,2,2,3,3,3,3
my_images/2\ds1_1924_M_-22.9692673781406_-47.1337942536171.jpg,-22.9692673781406,-47.1337942536171,2,2,3,3,3,2
my_images/2\ds1_1932_M_-22.9740596158034_-47.1333429083719.jpg,-22.9740596158034,-47.1333429083719,2,2,3,3,3,3
my_images/2\ds1_193_A_-22.9919673449209_-47.1206777409464.jpg,-22.9919673449209,-47.1206777409464,2,1,2,1,1,1
my_images/2\ds1_1942_M_-22.9734499776544_-47.1325978794878.jpg,-22.9734499776544,-47.1325978794878,2,1,3,2,2,1
my_images/2\ds1_1944_M_-22.9735865911406_-47.1327787684131.jpg,-22.9735865911406,-47.1327787684131,2,2,1,2,2,2
my_images/2\ds1_1946_M_-22.9724484864529_-47.13482221009.jpg,-22.9724484864529,-47.13482221009,2,2,2,1,2,1
my_images/2\ds1_1970_M_-22.9685480935875_-47.1310587135508.jpg,-22.9685480935875,-47.1310587135508,2,2,2,2,2,2
my_images/2\ds1_1975_M_-22.9691925164309_-47.1313665281536.jpg,-22.9691925164309,-47.1313665281536,2,1,1,2,3,1
my_images/2\ds1_197_A_-22.9916719079751_-47.1211834822199.jpg,-22.9916719079751,-47.1211834822199,2,3,3,3,3,3
my_images/2\ds1_1980_M_-22.969058090453_-47.1310228387087.jpg,-22.969058090453,-47.1310228387087,2,1,2,1,1,2
my_images/2\ds1_1983_M_-22.9703880859639_-47.1361184969064.jpg,-22.9703880859639,-47.1361184969064,2,3,3,3,3,3
my_images/2\ds1_1984_M_-22.9699890647737_-47.1361203118807.jpg,-22.9699890647737,-47.1361203118807,2,1,3,2,2,3
my_images/2\ds1_1988_M_-22.9694297847624_-47.1360947402358.jpg,-22.9694297847624,-47.1360947402358,2,2,3,3,3,3
my_images/2\ds1_1989_M_-22.9708198676659_-47.1361646856276.jpg,-22.9708198676659,-47.1361646856276,2,2,3,2,3,3
my_images/2\ds1_1990_M_-22.9707198690355_-47.136154726125.jpg,-22.9707198690355,-47.136154726125,2,2,2,3,3,2
my_images/2\ds1_1995_M_-22.9721381554564_-47.1326791222799.jpg,-22.9721381554564,-47.1326791222799,2,1,3,2,3,2
my_images/2\ds1_2002_M_-22.9721341287516_-47.1344869669769.jpg,-22.9721341287516,-47.1344869669769,2,3,3,1,3,3
my_images/2\ds1_2008_M_-22.9731318276171_-47.1336524814303.jpg,-22.9731318276171,-47.1336524814303,2,2,3,2,3,3
my_images/2\ds1_2009_M_-22.9728112114234_-47.1335602448163.jpg,-22.9728112114234,-47.1335602448163,2,2,3,3,3,1
my_images/2\ds1_2012_M_-22.9730707340755_-47.1337371377854.jpg,-22.9730707340755,-47.1337371377854,2,3,3,3,3,3
my_images/2\ds1_2013_M_-22.9730431551041_-47.1337937495199.jpg,-22.9730431551041,-47.1337937495199,2,3,3,3,3,3
my_images/2\ds1_2014_M_-22.9730054915645_-47.1338549808495.jpg,-22.9730054915645,-47.1338549808495,2,1,3,1,3,1
my_images/2\ds1_2015_M_-22.9728817358187_-47.1340200754073.jpg,-22.9728817358187,-47.1340200754073,2,3,3,3,3,3
my_images/2\ds1_2018_M_-22.9726470544349_-47.1338088580751.jpg,-22.9726470544349,-47.1338088580751,2,1,3,3,3,3
my_images/2\ds1_2021_M_-22.9679898541592_-47.132834671016.jpg,-22.9679898541592,-47.132834671016,2,1,2,3,3,3
my_images/2\ds1_2025_M_-22.9674855707972_-47.132996123166.jpg,-22.9674855707972,-47.132996123166,2,2,3,2,2,3
my_images/2\ds1_2026_M_-22.967429882491_-47.1330146526747.jpg,-22.967429882491,-47.1330146526747,2,4,3,3,4,4
my_images/2\ds1_2031_M_-22.9687336722933_-47.1354535965649.jpg,-22.9687336722933,-47.1354535965649,2,3,3,3,3,3
my_images/2\ds1_2036_M_-22.9698010420227_-47.1354665907767.jpg,-22.9698010420227,-47.1354665907767,2,1,3,0,3,3
my_images/2\ds1_2037_M_-22.9699918196995_-47.1357021065971.jpg,-22.9699918196995,-47.1357021065971,2,3,3,3,3,3
my_images/2\ds1_2039_M_-22.9701217939745_-47.1357121471817.jpg,-22.9701217939745,-47.1357121471817,2,3,3,3,3,3
my_images/2\ds1_2043_M_-22.9708724429438_-47.1352115936564.jpg,-22.9708724429438,-47.1352115936564,2,1,2,2,3,2
my_images/2\ds1_2044_M_-22.96982097657_-47.135166570952.jpg,-22.96982097657,-47.135166570952,2,3,3,3,3,1
my_images/2\ds1_2045_M_-22.9705502575074_-47.1358269323467.jpg,-22.9705502575074,-47.1358269323467,2,3,1,1,2,3
my_images/2\ds1_2051_M_-22.969281_-47.135256.jpg,-22.969281,-47.135256,2,2,2,2,3,2
my_images/2\ds1_2052_M_-22.9713233328798_-47.1326653743498.jpg,-22.9713233328798,-47.1326653743498,2,3,3,2,2,3
my_images/2\ds1_2056_M_-22.9712365435876_-47.1322101294549.jpg,-22.9712365435876,-47.1322101294549,2,3,3,2,3,3
my_images/2\ds1_2058_M_-22.9714670414414_-47.1331760970232.jpg,-22.9714670414414,-47.1331760970232,2,1,1,1,1,1
my_images/2\ds1_2059_M_-22.9713198488894_-47.1334746900451.jpg,-22.9713198488894,-47.1334746900451,2,3,3,1,2,1
my_images/2\ds1_2062_M_-22.9720911760151_-47.1341136091735.jpg,-22.9720911760151,-47.1341136091735,2,2,2,2,2,3
my_images/2\ds1_2063_M_-22.9724041361978_-47.1338995760535.jpg,-22.9724041361978,-47.1338995760535,2,2,3,2,2,2
my_images/2\ds1_2064_M_-22.9686298609041_-47.1330946430646.jpg,-22.9686298609041,-47.1330946430646,2,3,3,3,3,3
my_images/2\ds1_2066_M_-22.9690146446241_-47.133200307552.jpg,-22.9690146446241,-47.133200307552,2,3,4,3,4,3
my_images/2\ds1_2067_M_-22.9691146837294_-47.1331603399307.jpg,-22.9691146837294,-47.1331603399307,2,3,2,3,3,2
my_images/2\ds1_2068_M_-22.9692134232578_-47.1331190842008.jpg,-22.9692134232578,-47.1331190842008,2,2,2,2,2,1
my_images/2\ds1_2069_M_-22.9690989065379_-47.1329110968887.jpg,-22.9690989065379,-47.1329110968887,2,3,3,3,3,3
my_images/2\ds1_2070_M_-22.969281303042372_-47.13311948014512.jpg,-22.969281303042372,-47.13311948014512,2,3,3,3,3,3
my_images/2\ds1_2071_M_-22.969470570139208_-47.13309753989805.jpg,-22.969470570139208,-47.13309753989805,2,1,2,2,2,1
my_images/2\ds1_2075_M_-22.9679161188158_-47.1333361183208.jpg,-22.9679161188158,-47.1333361183208,2,0,0,1,3,3
my_images/2\ds1_2078_M_-22.9682698804588_-47.1332346671542.jpg,-22.9682698804588,-47.1332346671542,2,3,3,3,3,3
my_images/2\ds1_2080_M_-22.9727571193011_-47.1315946075412.jpg,-22.9727571193011,-47.1315946075412,2,3,3,3,3,3
my_images/2\ds1_2082_M_-22.9726502111646_-47.1316672621954.jpg,-22.9726502111646,-47.1316672621954,2,3,1,3,3,1
my_images/2\ds1_2086_M_-22.9705683407919_-47.1340299579021.jpg,-22.9705683407919,-47.1340299579021,2,1,0,0,3,1
my_images/2\ds1_2088_M_-22.96969870861662_-47.13411822496976.jpg,-22.96969870861662,-47.13411822496976,2,3,3,3,3,3
my_images/2\ds1_2089_M_-22.9691598185638_-47.1341646629069.jpg,-22.9691598185638,-47.1341646629069,2,1,2,2,1,3
my_images/2\ds1_208_A_-22.9903090536807_-47.1233857685196.jpg,-22.9903090536807,-47.1233857685196,2,1,1,1,1,1
my_images/2\ds1_2090_M_-22.9692798569224_-47.1341146742447.jpg,-22.9692798569224,-47.1341146742447,2,3,3,2,1,3
my_images/2\ds1_2091_M_-22.969360396535347_-47.1341788639943.jpg,-22.969360396535347,-47.1341788639943,2,3,3,3,3,3
my_images/2\ds1_2092_M_-22.9695698261953_-47.1341047032128.jpg,-22.9695698261953,-47.1341047032128,2,1,1,1,1,1
my_images/2\ds1_2094_M_-22.9693998082717_-47.1341046634747.jpg,-22.9693998082717,-47.1341046634747,2,2,2,2,2,2
my_images/2\ds1_2097_M_-22.9720022810657_-47.1320776429137.jpg,-22.9720022810657,-47.1320776429137,2,3,3,3,3,3
my_images/2\ds1_2099_M_-22.972499835478_-47.1325447272367.jpg,-22.972499835478,-47.1325447272367,2,2,2,2,2,2
my_images/2\ds1_209_A_-22.9915816556606_-47.1211535927379.jpg,-22.9915816556606,-47.1211535927379,2,1,3,1,3,1
my_images/2\ds1_2100_M_-22.9730996187358_-47.1322416969791.jpg,-22.9730996187358,-47.1322416969791,2,1,3,1,1,1
my_images/2\ds1_2101_M_-22.9728859114917_-47.1323408546824.jpg,-22.9728859114917,-47.1323408546824,2,2,1,2,2,1
my_images/2\ds1_2105_M_-22.9717611090179_-47.134481839289.jpg,-22.9717611090179,-47.134481839289,2,1,0,1,2,0
my_images/2\ds1_2106_M_-22.9725434524027_-47.1323063837502.jpg,-22.9725434524027,-47.1323063837502,2,2,3,2,3,3
my_images/2\ds1_2109_M_-22.969075418371_-47.1310883088661.jpg,-22.969075418371,-47.1310883088661,2,1,2,2,1,1
my_images/2\ds1_2111_M_-22.9698088665083_-47.1308575798135.jpg,-22.9698088665083,-47.1308575798135,2,1,1,1,2,3
my_images/2\ds1_2116_M_-22.9698163621034_-47.1318838826136.jpg,-22.9698163621034,-47.1318838826136,2,3,3,3,3,3
my_images/2\ds1_2119_M_-22.9696096694927_-47.1311738622026.jpg,-22.9696096694927,-47.1311738622026,2,3,3,3,3,3
my_images/2\ds1_2121_M_-22.9737713105349_-47.1337243527218.jpg,-22.9737713105349,-47.1337243527218,2,3,2,2,3,3
my_images/2\ds1_2122_M_-22.9727698200923_-47.132704697089.jpg,-22.9727698200923,-47.132704697089,2,2,2,2,2,2
my_images/2\ds1_2123_M_-22.9727902680274_-47.1329955467224.jpg,-22.9727902680274,-47.1329955467224,2,1,3,2,3,1
my_images/2\ds1_2126_M_-22.9727142945908_-47.1326342857971.jpg,-22.9727142945908,-47.1326342857971,2,2,2,2,1,3
my_images/2\ds1_2128_M_-22.9724198164621_-47.1312646862712.jpg,-22.9724198164621,-47.1312646862712,2,3,3,3,2,1
my_images/2\ds1_2137_M_-22.969867_-47.131796.jpg,-22.969867,-47.131796,2,3,3,3,3,3
my_images/2\ds1_2139_M_-22.9718730105135_-47.1318050482125.jpg,-22.9718730105135,-47.1318050482125,2,3,3,2,1,1
my_images/2\ds1_2141_M_-22.9721187058691_-47.1316524359922.jpg,-22.9721187058691,-47.1316524359922,2,3,3,3,3,3
my_images/2\ds1_2142_M_-22.9719469668239_-47.1320594331802.jpg,-22.9719469668239,-47.1320594331802,2,2,3,2,3,2
my_images/2\ds1_2143_M_-22.9719698761552_-47.1301096065537.jpg,-22.9719698761552,-47.1301096065537,2,1,3,2,3,2
my_images/2\ds1_2144_M_-22.9714500107931_-47.1301151376338.jpg,-22.9714500107931,-47.1301151376338,2,3,3,3,3,3
my_images/2\ds1_2148_M_-22.9709498945374_-47.1300746846714.jpg,-22.9709498945374,-47.1300746846714,2,3,3,1,3,1
my_images/2\ds1_2149_M_-22.9707135760017_-47.1300943077031.jpg,-22.9707135760017,-47.1300943077031,2,2,3,3,3,3
my_images/2\ds1_2153_M_-22.9716522519696_-47.1306183481611.jpg,-22.9716522519696,-47.1306183481611,2,3,3,3,3,3
my_images/2\ds1_2156_M_-22.9716875216424_-47.1313857575955.jpg,-22.9716875216424,-47.1313857575955,2,1,3,1,3,2
my_images/2\ds1_2157_M_-22.9716688641171_-47.1315121028682.jpg,-22.9716688641171,-47.1315121028682,2,2,3,2,3,3
my_images/2\ds1_2159_M_-22.9702598492414_-47.1305946123619.jpg,-22.9702598492414,-47.1305946123619,2,1,3,1,2,3
my_images/2\ds1_2161_M_-22.9702121447927_-47.1307898980629.jpg,-22.9702121447927,-47.1307898980629,2,1,3,2,3,3
my_images/2\ds1_2162_M_-22.9702216144842_-47.1311101684977.jpg,-22.9702216144842,-47.1311101684977,2,2,3,3,3,3
my_images/2\ds1_2163_M_-22.970224835601_-47.1310482992484.jpg,-22.970224835601,-47.1310482992484,2,2,2,2,2,2
my_images/2\ds1_2169_M_-22.9702289578358_-47.1309294935268.jpg,-22.9702289578358,-47.1309294935268,2,2,3,2,2,2
my_images/2\ds1_2170_M_-22.9690883237979_-47.1335553098186.jpg,-22.9690883237979,-47.1335553098186,2,3,4,3,3,3
my_images/2\ds1_2176_M_-22.9695568346864_-47.1334004876064.jpg,-22.9695568346864,-47.1334004876064,2,3,3,3,3,3
my_images/2\ds1_2177_M_-22.9684205891717_-47.1337863933564.jpg,-22.9684205891717,-47.1337863933564,2,2,2,2,2,2
my_images/2\ds1_2178_M_-22.9683627799182_-47.1338216041783.jpg,-22.9683627799182,-47.1338216041783,2,3,3,1,3,3
my_images/2\ds1_217_A_-22.9904880623258_-47.1237455175147.jpg,-22.9904880623258,-47.1237455175147,2,3,4,3,3,3
my_images/2\ds1_2180_M_-22.9686300341274_-47.1336978955781.jpg,-22.9686300341274,-47.1336978955781,2,2,2,1,3,1
my_images/2\ds1_2183_M_-22.9688367344775_-47.1339095805586.jpg,-22.9688367344775,-47.1339095805586,2,2,3,2,2,1
my_images/2\ds1_2184_M_-22.96899982608_-47.1336146275831.jpg,-22.96899982608,-47.1336146275831,2,3,3,3,3,3
my_images/2\ds1_2185_M_-22.9737898219564_-47.1330347175105.jpg,-22.9737898219564,-47.1330347175105,2,3,3,2,3,2
my_images/2\ds1_2188_M_-22.9744397466764_-47.1337660327705.jpg,-22.9744397466764,-47.1337660327705,2,2,2,2,1,2
my_images/2\ds1_218_A_-22.9914875911254_-47.1206061641563.jpg,-22.9914875911254,-47.1206061641563,2,1,1,1,1,1
my_images/2\ds1_2192_M_-22.9724831935426_-47.1348430547862.jpg,-22.9724831935426,-47.1348430547862,2,2,2,2,3,3
my_images/2\ds1_2195_M_-22.9721509084698_-47.1347996366709.jpg,-22.9721509084698,-47.1347996366709,2,1,2,1,3,1
my_images/2\ds1_2200_M_-22.9692508879484_-47.131471280927.jpg,-22.9692508879484,-47.131471280927,2,2,2,2,2,3
my_images/2\ds1_2204_M_-22.9690686189888_-47.1311194859068.jpg,-22.9690686189888,-47.1311194859068,2,3,3,2,2,2
my_images/2\ds1_2205_M_-22.9690686657876_-47.1311294327102.jpg,-22.9690686657876,-47.1311294327102,2,3,3,2,2,3
my_images/2\ds1_2213_M_-22.9701797052233_-47.1361155063942.jpg,-22.9701797052233,-47.1361155063942,2,4,3,3,3,3
my_images/2\ds1_2217_M_-22.9712298201572_-47.1339647353198.jpg,-22.9712298201572,-47.1339647353198,2,3,3,2,3,3
my_images/2\ds1_2218_M_-22.9711698728313_-47.134044727845.jpg,-22.9711698728313,-47.134044727845,2,2,3,2,3,3
my_images/2\ds1_2219_M_-22.9721197388053_-47.1347307170862.jpg,-22.9721197388053,-47.1347307170862,2,1,1,1,1,1
my_images/2\ds1_2223_M_-22.968955_-47.132409.jpg,-22.968955,-47.132409,2,4,0,2,3,3
my_images/2\ds1_226_A_-22.9925421365049_-47.1233054517247.jpg,-22.9925421365049,-47.1233054517247,2,2,2,2,2,1
my_images/2\ds1_22_A_-22.9913182441573_-47.117715833822.jpg,-22.9913182441573,-47.117715833822,2,1,3,2,3,3
my_images/2\ds1_236_A_-22.9925149296662_-47.119722823927.jpg,-22.9925149296662,-47.119722823927,2,3,3,3,2,3
my_images/2\ds1_247_A_-22.9921484424277_-47.1189871005282.jpg,-22.9921484424277,-47.1189871005282,2,2,2,2,1,2
my_images/2\ds1_270_A_-22.9904215554714_-47.1193153131864.jpg,-22.9904215554714,-47.1193153131864,2,1,1,1,1,1
my_images/2\ds1_279_A_-22.9932930349811_-47.1212889081831.jpg,-22.9932930349811,-47.1212889081831,2,1,1,1,1,1
my_images/2\ds1_27_A_-22.9915081461749_-47.1177954554135.jpg,-22.9915081461749,-47.1177954554135,2,2,3,2,3,3
my_images/2\ds1_286_A_-22.991115_-47.118878.jpg,-22.991115,-47.118878,2,1,3,2,2,1
my_images/2\ds1_296_A_-22.9935160168067_-47.1204020563858.jpg,-22.9935160168067,-47.1204020563858,2,3,3,3,3,3
my_images/2\ds1_298_A_-22.9934380875632_-47.1215955639166.jpg,-22.9934380875632,-47.1215955639166,2,1,3,2,3,3
my_images/2\ds1_30_A_-22.9916981366263_-47.1178954618839.jpg,-22.9916981366263,-47.1178954618839,2,3,3,2,3,1
my_images/2\ds1_336_A_-22.9900688529736_-47.1224919848699.jpg,-22.9900688529736,-47.1224919848699,2,1,2,2,2,1
my_images/2\ds1_343_A_-22.9894164220439_-47.1204083791755.jpg,-22.9894164220439,-47.1204083791755,2,3,3,2,3,3
my_images/2\ds1_348_A_-22.9896898169834_-47.1197885843198.jpg,-22.9896898169834,-47.1197885843198,2,1,2,2,3,1
my_images/2\ds1_388_A_-22.9938863497672_-47.1219283233236.jpg,-22.9938863497672,-47.1219283233236,2,1,2,1,1,1
my_images/2\ds1_394_A_-22.9929622296786_-47.1231395989693.jpg,-22.9929622296786,-47.1231395989693,2,1,1,1,1,1
my_images/2\ds1_413_A_-22.9902895945848_-47.1200268521433.jpg,-22.9902895945848,-47.1200268521433,2,3,3,2,3,3
my_images/2\ds1_431_A_-22.9941481026218_-47.1207155477354.jpg,-22.9941481026218,-47.1207155477354,2,3,3,2,3,2
my_images/2\ds1_440_A_-22.9891192776493_-47.1198635406856.jpg,-22.9891192776493,-47.1198635406856,2,2,2,2,2,2
my_images/2\ds1_442_A_-22.9889992399314_-47.1201834987923.jpg,-22.9889992399314,-47.1201834987923,2,3,3,3,3,3
my_images/2\ds1_450_A_-22.9926090130042_-47.1211453759444.jpg,-22.9926090130042,-47.1211453759444,2,2,1,1,1,1
my_images/2\ds1_455_A_-22.9908690482755_-47.1211353287726.jpg,-22.9908690482755,-47.1211353287726,2,1,3,1,3,3
my_images/2\ds1_459_A_-22.9909189736374_-47.1217153212053.jpg,-22.9909189736374,-47.1217153212053,2,2,2,2,3,3
my_images/2\ds1_465_A_-22.9910489872435_-47.1213653804793.jpg,-22.9910489872435,-47.1213653804793,2,1,0,1,1,1
my_images/2\ds1_470_A_-22.9935290286036_-47.1198754094955.jpg,-22.9935290286036,-47.1198754094955,2,1,3,2,3,1
my_images/2\ds1_471_A_-22.9917590510926_-47.1202253701331.jpg,-22.9917590510926,-47.1202253701331,2,1,1,2,2,1
my_images/2\ds1_472_A_-22.9901390158265_-47.1222153282.jpg,-22.9901390158265,-47.1222153282,2,2,2,2,3,3
my_images/2\ds1_47_A_-22.9908265735101_-47.1198976349385.jpg,-22.9908265735101,-47.1198976349385,2,3,3,1,3,3
my_images/2\ds1_482_A_-22.9909852938427_-47.11943908183.jpg,-22.9909852938427,-47.11943908183,2,3,3,3,3,3
my_images/2\ds1_48_A_-22.990733875571_-47.1196457374616.jpg,-22.990733875571,-47.1196457374616,2,2,3,3,3,3
my_images/2\ds1_491_A_-22.9921889929531_-47.1218853815621.jpg,-22.9921889929531,-47.1218853815621,2,1,1,1,1,1
my_images/2\ds1_496_A_-22.9889273868417_-47.1200694470411.jpg,-22.9889273868417,-47.1200694470411,2,1,3,2,3,3
my_images/2\ds1_497_A_-22.989636093046_-47.1198257130427.jpg,-22.989636093046,-47.1198257130427,2,3,3,3,3,3
my_images/2\ds1_4_A_-22.9895641765682_-47.1193703560968.jpg,-22.9895641765682,-47.1193703560968,2,1,3,3,3,3
my_images/2\ds1_524_A_-22.9890012570288_-47.1204806328159.jpg,-22.9890012570288,-47.1204806328159,2,3,3,3,3,3
my_images/2\ds1_546_B_-22.9688525841359_-47.1430043649244.jpg,-22.9688525841359,-47.1430043649244,2,1,2,1,3,1
my_images/2\ds1_547_B_-22.9680126603743_-47.1424930299669.jpg,-22.9680126603743,-47.1424930299669,2,1,3,1,3,2
my_images/2\ds1_553_B_-22.9681206131896_-47.1425624049845.jpg,-22.9681206131896,-47.1425624049845,2,3,4,3,4,3
my_images/2\ds1_555_B_-22.9682255092807_-47.1426241261457.jpg,-22.9682255092807,-47.1426241261457,2,2,3,3,3,3
my_images/2\ds1_557_B_-22.9685247872742_-47.1428070968258.jpg,-22.9685247872742,-47.1428070968258,2,2,3,3,3,3
my_images/2\ds1_562_B_-22.9678432331397_-47.1430903299556.jpg,-22.9678432331397,-47.1430903299556,2,3,3,3,3,3
my_images/2\ds1_566_B_-22.967453_-47.143343.jpg,-22.967453,-47.143343,2,2,0,1,1,3
my_images/2\ds1_568_B_-22.9675070127465_-47.1436893827031.jpg,-22.9675070127465,-47.1436893827031,2,0,3,1,1,3
my_images/2\ds1_571_B_-22.9675094446733_-47.1440368450536.jpg,-22.9675094446733,-47.1440368450536,2,4,3,2,3,3
my_images/2\ds1_573_B_-22.9679264536587_-47.1443003668439.jpg,-22.9679264536587,-47.1443003668439,2,3,3,3,4,3
my_images/2\ds1_576_B_-22.96761488716581_-47.14467010328483.jpg,-22.96761488716581,-47.14467010328483,2,1,3,1,2,1
my_images/2\ds1_578_B_-22.9675662565055_-47.14453483723674.jpg,-22.9675662565055,-47.14453483723674,2,4,1,1,1,1
my_images/2\ds1_583_B_-22.9680794991209_-47.1451206912203.jpg,-22.9680794991209,-47.1451206912203,2,3,2,3,3,1
my_images/2\ds1_590_B_-22.9679492515101_-47.1463244304051.jpg,-22.9679492515101,-47.1463244304051,2,1,0,1,2,1
my_images/2\ds1_593_B_-22.9679551191909_-47.1464178393171.jpg,-22.9679551191909,-47.1464178393171,2,2,3,2,3,3
my_images/2\ds1_598_B_-22.967434809141402_-47.14316400778597.jpg,-22.967434809141402,-47.14316400778597,2,3,4,1,3,4
my_images/2\ds1_599_B_-22.9697670523066_-47.1464594554876.jpg,-22.9697670523066,-47.1464594554876,2,2,2,3,3,3
my_images/2\ds1_601_B_-22.9680661767737_-47.1423413699378.jpg,-22.9680661767737,-47.1423413699378,2,1,1,1,2,1
my_images/2\ds1_602_B_-22.968156132985_-47.1422793107893.jpg,-22.968156132985,-47.1422793107893,2,2,1,2,1,1
my_images/2\ds1_609_B_-22.9655732760715_-47.1431335802005.jpg,-22.9655732760715,-47.1431335802005,2,2,3,2,3,3
my_images/2\ds1_610_B_-22.9653137640219_-47.1431481081682.jpg,-22.9653137640219,-47.1431481081682,2,2,3,3,3,1
my_images/2\ds1_61_A_-22.989812493014_-47.1195547809617.jpg,-22.989812493014,-47.1195547809617,2,2,3,3,3,2
my_images/2\ds1_624_B_-22.9667855457956_-47.1430917717277.jpg,-22.9667855457956,-47.1430917717277,2,3,3,3,3,3
my_images/2\ds1_626_B_-22.9667037207372_-47.1431000360237.jpg,-22.9667037207372,-47.1431000360237,2,1,2,1,3,0
my_images/2\ds1_627_B_-22.9666740826277_-47.1431017134009.jpg,-22.9666740826277,-47.1431017134009,2,2,2,3,3,2
my_images/2\ds1_62_A_-22.9904498861362_-47.1237307784366.jpg,-22.9904498861362,-47.1237307784366,2,2,2,3,3,3
my_images/2\ds1_631_B_-22.9695700814452_-47.1431878940204.jpg,-22.9695700814452,-47.1431878940204,2,2,3,2,3,3
my_images/2\ds1_635_B_-22.969108834835_-47.1427235830193.jpg,-22.969108834835,-47.1427235830193,2,3,3,3,3,3
my_images/2\ds1_636_B_-22.9683827076224_-47.1423034604223.jpg,-22.9683827076224,-47.1423034604223,2,1,1,2,3,3
my_images/2\ds1_637_B_-22.9692286750304_-47.1427885635076.jpg,-22.9692286750304,-47.1427885635076,2,3,4,3,3,3
my_images/2\ds1_640_B_-22.969278067261_-47.1428217164647.jpg,-22.969278067261,-47.1428217164647,2,2,2,3,3,2
my_images/2\ds1_644_B_-22.9686193310309_-47.1424458529819.jpg,-22.9686193310309,-47.1424458529819,2,3,3,2,3,3
my_images/2\ds1_646_B_-22.9686789411928_-47.1424778992684.jpg,-22.9686789411928,-47.1424778992684,2,2,3,2,2,2
my_images/2\ds1_647_B_-22.968875658596_-47.1425733454958.jpg,-22.968875658596,-47.1425733454958,2,2,3,2,3,3
my_images/2\ds1_650_B_-22.969549555677_-47.1479442166859.jpg,-22.969549555677,-47.1479442166859,2,3,3,3,2,3
my_images/2\ds1_662_B_-22.9678069917206_-47.1458349292532.jpg,-22.9678069917206,-47.1458349292532,2,3,3,3,3,3
my_images/2\ds1_677_B_-22.9675956396219_-47.1458668870198.jpg,-22.9675956396219,-47.1458668870198,2,2,1,2,3,2
my_images/2\ds1_67_A_-22.9940192090984_-47.1197752045632.jpg,-22.9940192090984,-47.1197752045632,2,1,3,1,3,1
my_images/2\ds1_685_B_-22.964979390004_-47.1462523274625.jpg,-22.964979390004,-47.1462523274625,2,3,3,3,3,3
my_images/2\ds1_688_B_-22.9646829773128_-47.1465247563304.jpg,-22.9646829773128,-47.1465247563304,2,2,1,2,3,2
my_images/2\ds1_689_B_-22.964528572752_-47.1465519575305.jpg,-22.964528572752,-47.1465519575305,2,3,1,2,3,1
my_images/2\ds1_692_B_-22.967373704632_-47.1459002375874.jpg,-22.967373704632,-47.1459002375874,2,2,2,3,3,3
my_images/2\ds1_694_B_-22.9673053793532_-47.1459117362996.jpg,-22.9673053793532,-47.1459117362996,2,2,2,2,2,1
my_images/2\ds1_697_B_-22.9649952970617_-47.1434826987635.jpg,-22.9649952970617,-47.1434826987635,2,3,3,3,3,3
my_images/2\ds1_698_B_-22.9650170501518_-47.1446043727549.jpg,-22.9650170501518,-47.1446043727549,2,2,3,2,2,3
my_images/2\ds1_700_B_-22.9649866755223_-47.1432456206157.jpg,-22.9649866755223,-47.1432456206157,2,1,3,2,3,1
my_images/2\ds1_708_B_-22.9687218694257_-47.1469176069738.jpg,-22.9687218694257,-47.1469176069738,2,3,3,3,3,3
my_images/2\ds1_711_B_-22.9645408264092_-47.147420251893.jpg,-22.9645408264092,-47.147420251893,2,2,3,2,3,2
my_images/2\ds1_717_B_-22.9689970517298_-47.1466194833674.jpg,-22.9689970517298,-47.1466194833674,2,2,3,2,3,3
my_images/2\ds1_721_B_-22.9693195535466_-47.1464607659245.jpg,-22.9693195535466,-47.1464607659245,2,3,3,3,3,3
my_images/2\ds1_724_B_-22.9695802013612_-47.1465556690437.jpg,-22.9695802013612,-47.1465556690437,2,2,1,2,2,2
my_images/2\ds1_727_B_-22.9697070513726_-47.1468695127094.jpg,-22.9697070513726,-47.1468695127094,2,2,2,2,2,2
my_images/2\ds1_736_B_-22.9689434491312_-47.1463173306758.jpg,-22.9689434491312,-47.1463173306758,2,2,2,2,2,2
my_images/2\ds1_743_B_-22.9665342622295_-47.1466341742063.jpg,-22.9665342622295,-47.1466341742063,2,1,2,2,3,2
my_images/2\ds1_745_B_-22.966348957732_-47.1470161080409.jpg,-22.966348957732,-47.1470161080409,2,2,3,2,2,2
my_images/2\ds1_753_B_-22.9655438067827_-47.1467915908911.jpg,-22.9655438067827,-47.1467915908911,2,2,3,2,3,2
my_images/2\ds1_765_B_-22.9676170036706_-47.1464894283511.jpg,-22.9676170036706,-47.1464894283511,2,3,3,3,4,3
my_images/2\ds1_781_B_-22.9691656386796_-47.1453851380141.jpg,-22.9691656386796,-47.1453851380141,2,3,3,2,2,3
my_images/2\ds1_785_B_-22.9695521278418_-47.1455618886067.jpg,-22.9695521278418,-47.1455618886067,2,3,3,2,3,3
my_images/2\ds1_789_B_-22.9681717431473_-47.1450030898779.jpg,-22.9681717431473,-47.1450030898779,2,2,1,2,2,2
my_images/2\ds1_793_B_-22.9684302839537_-47.1451136549529.jpg,-22.9684302839537,-47.1451136549529,2,3,3,3,3,3
my_images/2\ds1_814_B_-22.9689618112991_-47.1446678525006.jpg,-22.9689618112991,-47.1446678525006,2,3,3,3,4,3
my_images/2\ds1_819_B_-22.9678399790671_-47.1433042135508.jpg,-22.9678399790671,-47.1433042135508,2,0,3,3,3,3
my_images/2\ds1_81_A_-22.9923886827259_-47.1223730240805.jpg,-22.9923886827259,-47.1223730240805,2,1,3,2,3,1
my_images/2\ds1_820_B_-22.9697138578323_-47.144973629356.jpg,-22.9697138578323,-47.144973629356,2,1,2,2,2,1
my_images/2\ds1_845_B_-22.965752319697_-47.1443752396124.jpg,-22.965752319697,-47.1443752396124,2,3,3,3,3,1
my_images/2\ds1_846_B_-22.9656469425349_-47.1441155706987.jpg,-22.9656469425349,-47.1441155706987,2,2,3,2,2,3
my_images/2\ds1_867_B_-22.9663770677072_-47.1437394082605.jpg,-22.9663770677072,-47.1437394082605,2,3,3,3,4,3
my_images/2\ds1_877_B_-22.9659886744743_-47.1437232329235.jpg,-22.9659886744743,-47.1437232329235,2,1,1,2,3,1
my_images/2\ds1_87_A_-22.9904401534897_-47.1187622380936.jpg,-22.9904401534897,-47.1187622380936,2,3,3,2,3,3
my_images/2\ds1_883_B_-22.9656070761163_-47.1437587464949.jpg,-22.9656070761163,-47.1437587464949,2,3,3,2,3,3
my_images/2\ds1_894_B_-22.9668420927623_-47.1434370638221.jpg,-22.9668420927623,-47.1434370638221,2,3,3,3,3,3
my_images/2\ds1_900_B_-22.9665600452127_-47.143442167111.jpg,-22.9665600452127,-47.143442167111,2,0,3,0,3,3
my_images/2\ds1_906_B_-22.9690828346027_-47.1456990789741.jpg,-22.9690828346027,-47.1456990789741,2,3,3,2,3,3
my_images/2\ds1_907_B_-22.9690350882376_-47.1456711190914.jpg,-22.9690350882376,-47.1456711190914,2,3,3,3,2,3
my_images/2\ds1_931_B_-22.9658529427838_-47.1457130724873.jpg,-22.9658529427838,-47.1457130724873,2,2,3,3,3,3
my_images/2\ds1_935_B_-22.9655968086008_-47.1457515381162.jpg,-22.9655968086008,-47.1457515381162,2,3,3,3,4,3
my_images/2\ds1_941_B_-22.965376000934_-47.1457883192355.jpg,-22.965376000934,-47.1457883192355,2,3,1,2,3,1
my_images/2\ds1_966_B_-22.9672912911508_-47.1478778707273.jpg,-22.9672912911508,-47.1478778707273,2,2,2,2,2,3
my_images/2\ds1_969_B_-22.9675721030457_-47.1479505692624.jpg,-22.9675721030457,-47.1479505692624,2,1,2,1,1,1
my_images/2\ds1_971_B_-22.9672913115415_-47.1479496372974.jpg,-22.9672913115415,-47.1479496372974,2,2,1,2,3,3
my_images/2\ds1_973_B_-22.9664664905957_-47.1449845352595.jpg,-22.9664664905957,-47.1449845352595,2,3,3,3,3,3
my_images/2\ds1_981_B_-22.9654552912177_-47.1450335984136.jpg,-22.9654552912177,-47.1450335984136,2,1,1,1,2,1
my_images/2\ds1_984_B_-22.9654952100206_-47.1447459973895.jpg,-22.9654952100206,-47.1447459973895,2,0,0,0,1,0
my_images/2\ds1_987_B_-22.9652318644269_-47.1447635819117.jpg,-22.9652318644269,-47.1447635819117,2,3,3,2,3,3
my_images/2\ds1_990_B_-22.9650876513313_-47.145031788536.jpg,-22.9650876513313,-47.145031788536,2,2,3,2,3,3
my_images/2\ds1_991_B_-22.9651535173594_-47.1450285387144.jpg,-22.9651535173594,-47.1450285387144,2,2,3,3,3,3
my_images/2\ds1_9_A_-22.9889958648956_-47.1200801723264.jpg,-22.9889958648956,-47.1200801723264,2,2,2,2,2,2
my_images/2\ds2_01_04_2022_5115.tmp.jpg,2022.0,,2,2,1,2,1,2
my_images/2\ds2_01_04_2022_543E.tmp.jpg,2022.0,,2,2,1,2,2,2
my_images/2\ds2_01_04_2022_579E.tmp.jpg,2022.0,,2,2,2,1,2,2
my_images/2\ds2_01_04_2022_58DD.tmp.jpg,2022.0,,2,2,2,2,2,2
my_images/2\ds2_01_04_2022_5993.tmp.jpg,2022.0,,2,1,2,1,1,1
my_images/2\ds2_01_04_2022_5994.tmp.jpg,2022.0,,2,2,2,2,2,2
my_images/2\ds2_01_04_2022_5D4F.tmp.jpg,2022.0,,2,2,2,1,1,2
my_images/2\ds2_01_04_2022_5E44.tmp.jpg,2022.0,,2,2,2,2,1,2
my_images/2\ds2_01_04_2022_815D.tmp.jpg,2022.0,,2,2,2,2,2,2
my_images/2\ds2_01_04_2022_81BD.tmp.jpg,2022.0,,2,4,3,3,4,4
my_images/2\ds2_01_04_2022_826C.tmp.jpg,2022.0,,2,0,1,1,2,2
my_images/2\ds2_01_04_2022_838B.tmp.jpg,2022.0,,2,2,2,2,2,2
my_images/2\ds2_01_04_2022_839C.tmp.jpg,2022.0,,2,2,3,2,2,3
my_images/2\ds2_01_04_2022_84DC.tmp.jpg,2022.0,,2,2,2,2,3,2
my_images/2\ds2_01_04_2022_8CC2.tmp.jpg,2022.0,,2,2,2,2,2,2
my_images/2\ds2_01_04_2022_A3AC.tmp.jpg,2022.0,,2,2,1,1,1,2
my_images/2\ds2_01_04_2022_ECDA.tmp.jpg,2022.0,,2,2,2,2,3,3
my_images/2\ds2_01_04_2022_EDC9.tmp.jpg,2022.0,,2,2,2,2,3,2
my_images/2\ds2_01_04_2022_F942.tmp.jpg,2022.0,,2,2,2,2,2,2
my_images/2\ds2_01_04_2022_FCE9.tmp.jpg,2022.0,,2,2,2,2,2,2
my_images/2\ds2_01_10_2021_3E6C.tmp.jpg,2021.0,,2,3,3,2,3,2
my_images/2\ds2_01_10_2021_3EFC.tmp.jpg,2021.0,,2,2,2,1,2,1
my_images/2\ds2_01_10_2021_3F2D.tmp.jpg,2021.0,,2,2,2,2,2,2
my_images/2\ds2_01_10_2021_400E.tmp.jpg,2021.0,,2,2,2,2,2,2
my_images/2\ds2_01_10_2021_4250.tmp.jpg,2021.0,,2,4,2,2,3,2
my_images/2\ds2_01_10_2021_9F75.tmp.jpg,2021.0,,2,2,2,2,1,2
my_images/2\ds2_03_05_2022_3CD2.tmp.jpg,2022.0,,2,4,2,3,3,3
my_images/2\ds2_03_05_2022_3D55.tmp.jpg,2022.0,,2,2,3,2,3,2
my_images/2\ds2_03_05_2022_3EB5.tmp.jpg,2022.0,,2,4,2,3,3,2
my_images/2\ds2_03_05_2022_3FA6.tmp.jpg,2022.0,,2,2,4,2,4,2
my_images/2\ds2_03_05_2022_8EA6.tmp.jpg,2022.0,,2,2,2,1,1,2
my_images/2\ds2_03_05_2022_8F2A.tmp.jpg,2022.0,,2,2,2,3,2,2
my_images/2\ds2_03_05_2022_8FED.tmp.jpg,2022.0,,2,2,2,3,3,2
my_images/2\ds2_03_05_2022_903D.tmp.jpg,2022.0,,2,2,2,3,3,3
my_images/2\ds2_03_05_2022_908D.tmp.jpg,2022.0,,2,2,3,3,3,4
my_images/2\ds2_03_05_2022_91CE.tmp.jpg,2022.0,,2,2,2,1,2,2
my_images/2\ds2_03_05_2022_92AF.tmp.jpg,2022.0,,2,2,2,1,1,2
my_images/2\ds2_03_05_2022_9303.tmp.jpg,2022.0,,2,2,2,3,3,2
my_images/2\ds2_03_05_2022_9391.tmp.jpg,2022.0,,2,2,2,2,2,2
my_images/2\ds2_03_05_2022_966E.tmp.jpg,2022.0,,2,2,2,2,2,2
my_images/2\ds2_03_05_2022_968F.tmp.jpg,2022.0,,2,2,2,2,3,2
my_images/2\ds2_03_05_2022_96C2.tmp.jpg,2022.0,,2,2,3,2,2,2
my_images/2\ds2_03_05_2022_C72E.tmp.jpg,2022.0,,2,2,2,2,3,2
my_images/2\ds2_03_05_2022_C91C.tmp.jpg,2022.0,,2,2,2,2,2,2
my_images/2\ds2_03_05_2022_C9C0.tmp.jpg,2022.0,,2,2,2,2,2,2
my_images/2\ds2_03_05_2022_C9D1.tmp.jpg,2022.0,,2,3,2,3,3,3
my_images/2\ds2_03_05_2022_C9E3.tmp.jpg,2022.0,,2,2,2,3,2,2
my_images/2\ds2_03_05_2022_CB36.tmp.jpg,2022.0,,2,2,2,2,2,2
my_images/2\ds2_03_05_2022_CBC7.tmp.jpg,2022.0,,2,2,2,2,3,2
my_images/2\ds2_03_05_2022_CBD7.tmp.jpg,2022.0,,2,2,2,3,3,2
my_images/2\ds2_03_05_2022_CBE8.tmp.jpg,2022.0,,2,2,2,2,3,2
my_images/2\ds2_03_05_2022_CD02.tmp.jpg,2022.0,,2,4,2,3,3,2
my_images/2\ds2_03_05_2022_CD58.tmp.jpg,2022.0,,2,2,2,3,3,2
my_images/2\ds2_03_05_2022_CDBB.tmp.jpg,2022.0,,2,2,2,2,3,2
my_images/2\ds2_03_05_2022_CF1B.tmp.jpg,2022.0,,2,3,2,2,2,2
my_images/2\ds2_03_05_2022_D3C1.tmp.jpg,2022.0,,2,2,2,3,2,2
my_images/2\ds2_03_11_2021_18B1.tmp.jpg,2021.0,,2,2,1,2,2,2
my_images/2\ds2_03_11_2021_1C41.tmp.jpg,2021.0,,2,2,2,2,2,0
my_images/2\ds2_03_11_2021_1C71.tmp.jpg,2021.0,,2,4,4,3,3,4
my_images/2\ds2_03_11_2021_1CC3.tmp.jpg,2021.0,,2,2,2,2,2,2
my_images/2\ds2_03_11_2021_1CF4.tmp.jpg,2021.0,,2,2,2,1,2,2
my_images/2\ds2_03_11_2021_1F29.tmp.jpg,2021.0,,2,2,2,2,2,2
my_images/2\ds2_03_11_2021_1F5C.tmp.jpg,2021.0,,2,2,1,1,1,2
my_images/2\ds2_03_11_2021_1F9F.tmp.jpg,2021.0,,2,2,2,2,1,2
my_images/2\ds2_03_11_2021_2180.tmp.jpg,2021.0,,2,2,2,3,0,2
my_images/2\ds2_03_11_2021_21E2.tmp.jpg,2021.0,,2,2,2,2,2,2
my_images/2\ds2_03_11_2021_2409.tmp.jpg,2021.0,,2,2,2,2,3,2
my_images/2\ds2_03_11_2021_5D90.tmp.jpg,2021.0,,2,2,2,2,2,2
my_images/2\ds2_03_11_2021_5F78.tmp.jpg,2021.0,,2,2,1,1,2,1
my_images/2\ds2_03_11_2021_5FA8.tmp.jpg,2021.0,,2,2,2,2,2,2
my_images/2\ds2_03_11_2021_5FFB.tmp.jpg,2021.0,,2,2,3,2,2,2
my_images/2\ds2_03_11_2021_608F.tmp.jpg,2021.0,,2,2,2,2,2,3
my_images/2\ds2_03_11_2021_6091.tmp.jpg,2021.0,,2,2,1,2,1,2
my_images/2\ds2_03_11_2021_60B3.tmp.jpg,2021.0,,2,2,2,2,2,3
my_images/2\ds2_03_11_2021_661E.tmp.jpg,2021.0,,2,2,2,2,1,2
my_images/2\ds2_03_11_2021_6A4F.tmp.jpg,2021.0,,2,2,2,2,2,2
my_images/2\ds2_03_11_2021_6C29.tmp.jpg,2021.0,,2,2,2,2,2,2
my_images/2\ds2_03_11_2021_700A.tmp.jpg,2021.0,,2,2,1,2,2,2
my_images/2\ds2_03_11_2021_C163.tmp.jpg,2021.0,,2,3,2,2,3,2
my_images/2\ds2_03_11_2021_C194.tmp.jpg,2021.0,,2,2,2,2,2,2
my_images/2\ds2_03_11_2021_C234.tmp.jpg,2021.0,,2,2,2,2,2,2
my_images/2\ds2_03_11_2021_C275.tmp.jpg,2021.0,,2,2,2,2,3,3
my_images/2\ds2_03_11_2021_C2B5.tmp.jpg,2021.0,,2,2,2,2,2,1
my_images/2\ds2_03_11_2021_C3C6.tmp.jpg,2021.0,,2,2,2,2,2,2
my_images/2\ds2_03_11_2021_C3C7.tmp.jpg,2021.0,,2,2,2,2,3,2
my_images/2\ds2_03_11_2021_C447.tmp.jpg,2021.0,,2,2,2,2,2,2
my_images/2\ds2_03_11_2021_C8B6.tmp.jpg,2021.0,,2,1,2,1,1,2
my_images/2\ds2_03_11_2021_C973.tmp.jpg,2021.0,,2,2,2,2,2,2
my_images/2\ds2_03_11_2021_CB49.tmp.jpg,2021.0,,2,2,2,2,2,2
my_images/2\ds2_04_04_2022_2882.tmp.jpg,2022.0,,2,2,2,2,2,2
my_images/2\ds2_04_04_2022_837D.tmp.jpg,2022.0,,2,2,2,2,2,2
my_images/2\ds2_04_04_2022_8575.tmp.jpg,2022.0,,2,2,2,2,2,2
my_images/2\ds2_04_04_2022_8608.tmp.jpg,2022.0,,2,2,1,1,1,2
my_images/2\ds2_04_04_2022_8777.tmp.jpg,2022.0,,2,2,2,2,3,2
my_images/2\ds2_04_04_2022_8799.tmp.jpg,2022.0,,2,2,3,3,3,2
my_images/2\ds2_04_04_2022_87AB.tmp.jpg,2022.0,,2,2,2,2,2,2
my_images/2\ds2_04_04_2022_880E.tmp.jpg,2022.0,,2,2,2,2,2,2
my_images/2\ds2_04_04_2022_880F.tmp.jpg,2022.0,,2,2,2,1,2,2
my_images/2\ds2_04_04_2022_8820.tmp.jpg,2022.0,,2,2,2,2,2,2
my_images/2\ds2_04_04_2022_8831.tmp.jpg,2022.0,,2,2,1,2,2,2
my_images/2\ds2_04_10_2021_2DF0.tmp.jpg,2021.0,,2,2,2,2,2,2
my_images/2\ds2_04_10_2021_2F5D.tmp.jpg,2021.0,,2,3,2,2,3,2
my_images/2\ds2_04_10_2021_2FBF.tmp.jpg,2021.0,,2,2,2,2,3,2
my_images/2\ds2_04_10_2021_2FD0.tmp.jpg,2021.0,,2,2,2,2,2,2
my_images/2\ds2_04_10_2021_3023.tmp.jpg,2021.0,,2,2,2,2,2,2
my_images/2\ds2_04_10_2021_3098.tmp.jpg,2021.0,,2,2,4,2,2,2
my_images/2\ds2_04_10_2021_30AA.tmp.jpg,2021.0,,2,2,1,2,2,2
my_images/2\ds2_04_10_2021_30DB.tmp.jpg,2021.0,,2,4,2,3,3,2
my_images/2\ds2_04_10_2021_318B.tmp.jpg,2021.0,,2,2,4,3,2,2
my_images/2\ds2_04_10_2021_31AC.tmp.jpg,2021.0,,2,2,1,2,1,1
my_images/2\ds2_04_10_2021_321B.tmp.jpg,2021.0,,2,1,1,1,3,1
my_images/2\ds2_04_10_2021_B0B2.tmp.jpg,2021.0,,2,1,2,2,2,2
my_images/2\ds2_04_10_2021_B1EA.tmp.jpg,2021.0,,2,2,2,0,1,2
my_images/2\ds2_04_10_2021_B259.tmp.jpg,2021.0,,2,2,2,2,1,2
my_images/2\ds2_04_11_2021_4F76.tmp.jpg,2021.0,,2,2,2,2,2,2
my_images/2\ds2_04_11_2021_5081.tmp.jpg,2021.0,,2,4,2,3,2,3
my_images/2\ds2_04_11_2021_5113.tmp.jpg,2021.0,,2,2,2,2,2,2
my_images/2\ds2_04_11_2021_5124.tmp.jpg,2021.0,,2,2,2,2,2,3
my_images/2\ds2_04_11_2021_5135.tmp.jpg,2021.0,,2,2,2,2,2,2
my_images/2\ds2_04_11_2021_5224.tmp.jpg,2021.0,,2,2,2,2,2,2
my_images/2\ds2_04_11_2021_60B4.tmp.jpg,2021.0,,2,4,2,3,2,3
my_images/2\ds2_04_11_2021_95C.tmp.jpg,2021.0,,2,2,2,2,1,2
my_images/2\ds2_04_11_2021_97D9.tmp.jpg,2021.0,,2,2,2,2,2,2
my_images/2\ds2_04_11_2021_9F44.tmp.jpg,2021.0,,2,2,2,2,2,1
my_images/2\ds2_04_11_2021_A4EB.tmp.jpg,2021.0,,2,0,2,1,2,2
my_images/2\ds2_04_11_2021_A616.tmp.jpg,2021.0,,2,2,2,3,2,2
my_images/2\ds2_04_11_2021_A6B6.tmp.jpg,2021.0,,2,1,2,2,2,2
my_images/2\ds2_04_11_2021_A6E7.tmp.jpg,2021.0,,2,2,4,3,3,2
my_images/2\ds2_04_11_2021_AD0F.tmp.jpg,2021.0,,2,2,2,2,2,2
my_images/2\ds2_04_11_2021_AF14.tmp.jpg,2021.0,,2,2,2,2,2,2
my_images/2\ds2_04_11_2021_B64C.tmp.jpg,2021.0,,2,4,2,3,3,2
my_images/2\ds2_04_11_2021_BCDE.tmp.jpg,2021.0,,2,2,2,2,3,2
my_images/2\ds2_04_11_2021_C0FD.tmp.jpg,2021.0,,2,1,2,2,2,2
my_images/2\ds2_04_11_2021_CF0A.tmp.jpg,2021.0,,2,2,3,3,2,3
my_images/2\ds2_04_11_2021_CF2A.tmp.jpg,2021.0,,2,2,3,3,3,2
my_images/2\ds2_04_11_2021_CF67.tmp.jpg,2021.0,,2,1,1,0,0,1
my_images/2\ds2_04_11_2021_D1BB.tmp.jpg,2021.0,,2,2,2,3,3,4
my_images/2\ds2_04_11_2021_F007.tmp.jpg,2021.0,,2,2,4,3,2,2
my_images/2\ds2_04_11_2021_F34F.tmp.jpg,2021.0,,2,2,2,2,2,2
my_images/2\ds2_04_11_2021_F51E.tmp.jpg,2021.0,,2,2,2,2,2,2
my_images/2\ds2_04_11_2021_F736.tmp.jpg,2021.0,,2,2,3,3,3,2
my_images/2\ds2_05_04_2022_166B.tmp.jpg,2022.0,,2,2,2,2,3,2
my_images/2\ds2_05_04_2022_16CB.tmp.jpg,2022.0,,2,2,2,2,2,2
my_images/2\ds2_05_04_2022_1A17.tmp.jpg,2022.0,,2,2,1,2,2,2
my_images/2\ds2_05_04_2022_1A96.tmp.jpg,2022.0,,2,2,2,2,2,2
my_images/2\ds2_05_04_2022_1B08.tmp.jpg,2022.0,,2,2,2,2,2,2
my_images/2\ds2_05_04_2022_1CC6.tmp.jpg,2022.0,,2,2,2,2,2,2
my_images/2\ds2_05_04_2022_1ED3.tmp.jpg,2022.0,,2,3,2,2,3,2
my_images/2\ds2_05_04_2022_1F13.tmp.jpg,2022.0,,2,2,3,2,3,3
my_images/2\ds2_05_04_2022_20C4.tmp.jpg,2022.0,,2,2,2,2,2,2
my_images/2\ds2_05_04_2022_2154.tmp.jpg,2022.0,,2,2,2,2,2,2
my_images/2\ds2_05_04_2022_3156.tmp.jpg,2022.0,,2,2,2,3,3,2
my_images/2\ds2_05_04_2022_3D89.tmp.jpg,2022.0,,2,2,2,2,2,2
my_images/2\ds2_05_04_2022_3E6C.tmp.jpg,2022.0,,2,4,2,3,3,3
my_images/2\ds2_05_04_2022_3FBF.tmp.jpg,2022.0,,2,2,2,3,3,3
my_images/2\ds2_05_04_2022_40C4.tmp.jpg,2022.0,,2,2,2,2,2,2
my_images/2\ds2_05_04_2022_4143.tmp.jpg,2022.0,,2,3,3,2,3,2
my_images/2\ds2_05_04_2022_41A3.tmp.jpg,2022.0,,2,2,4,3,3,2
my_images/2\ds2_05_04_2022_F353.tmp.jpg,2022.0,,2,2,4,2,3,2
my_images/2\ds2_05_04_2022_F365.tmp.jpg,2022.0,,2,2,2,1,0,2
my_images/2\ds2_05_04_2022_F96E.tmp.jpg,2022.0,,2,2,3,3,2,2
my_images/2\ds2_05_10_2021_4C96.tmp.jpg,2021.0,,2,2,2,2,2,2
my_images/2\ds2_05_10_2021_4D63.tmp.jpg,2021.0,,2,2,1,1,1,2
my_images/2\ds2_05_10_2021_7153.tmp.jpg,2021.0,,2,1,0,1,1,2
my_images/2\ds2_05_10_2021_79D6.tmp.jpg,2021.0,,2,2,2,3,3,2
my_images/2\ds2_05_10_2021_7A17.tmp.jpg,2021.0,,2,2,2,2,2,2
my_images/2\ds2_05_10_2021_7B13.tmp.jpg,2021.0,,2,2,2,2,2,2
my_images/2\ds2_05_10_2021_7B54.tmp.jpg,2021.0,,2,2,2,2,1,2
my_images/2\ds2_05_10_2021_7B74.tmp.jpg,2021.0,,2,2,2,1,2,2
my_images/2\ds2_05_10_2021_7C53.tmp.jpg,2021.0,,2,2,2,2,1,2
my_images/2\ds2_05_10_2021_7C74.tmp.jpg,2021.0,,2,2,2,2,2,2
my_images/2\ds2_05_10_2021_7D34.tmp.jpg,2021.0,,2,2,2,3,3,3
my_images/2\ds2_05_10_2021_7D65.tmp.jpg,2021.0,,2,2,2,2,2,2
my_images/2\ds2_05_10_2021_84EB.tmp.jpg,2021.0,,2,2,2,2,2,2
my_images/2\ds2_05_10_2021_9AB7.tmp.jpg,2021.0,,2,4,2,4,3,4
my_images/2\ds2_05_11_2021_2153.tmp.jpg,2021.0,,2,1,2,1,1,2
my_images/2\ds2_05_11_2021_2579.tmp.jpg,2021.0,,2,2,2,3,3,2
my_images/2\ds2_05_11_2021_2958.tmp.jpg,2021.0,,2,2,2,2,2,2
my_images/2\ds2_05_11_2021_53.tmp.jpg,2021.0,,2,2,2,3,2,2
my_images/2\ds2_05_11_2021_9137.tmp.jpg,2021.0,,2,2,2,2,2,2
my_images/2\ds2_05_11_2021_91D6.tmp.jpg,2021.0,,2,2,2,2,2,2
my_images/2\ds2_05_11_2021_92DA.tmp.jpg,2021.0,,2,2,3,2,3,2
my_images/2\ds2_05_11_2021_932A.tmp.jpg,2021.0,,2,4,0,0,0,2
my_images/2\ds2_05_11_2021_9531.tmp.jpg,2021.0,,2,2,2,2,3,2
my_images/2\ds2_05_11_2021_968E.tmp.jpg,2021.0,,2,2,2,2,2,2
my_images/2\ds2_05_11_2021_977D.tmp.jpg,2021.0,,2,2,2,1,2,2
my_images/2\ds2_05_11_2021_97CF.tmp.jpg,2021.0,,2,2,2,2,2,2
my_images/2\ds2_05_11_2021_9840.tmp.jpg,2021.0,,2,2,2,2,2,2
my_images/2\ds2_05_11_2021_98C9.tmp.jpg,2021.0,,2,2,2,3,2,2
my_images/2\ds2_05_11_2021_98D1.tmp.jpg,2021.0,,2,2,2,2,3,2
my_images/2\ds2_05_11_2021_98FA.tmp.jpg,2021.0,,2,2,2,2,3,2
my_images/2\ds2_05_11_2021_9998.tmp.jpg,2021.0,,2,2,2,2,2,2
my_images/2\ds2_05_11_2021_99F8.tmp.jpg,2021.0,,2,2,2,2,3,2
my_images/2\ds2_05_11_2021_9A57.tmp.jpg,2021.0,,2,2,2,2,2,2
my_images/2\ds2_05_11_2021_9AA2.tmp.jpg,2021.0,,2,2,2,2,2,2
my_images/2\ds2_05_11_2021_9C56.tmp.jpg,2021.0,,2,2,2,2,2,2
my_images/2\ds2_05_11_2021_9F06.tmp.jpg,2021.0,,2,2,3,2,2,2
my_images/2\ds2_05_11_2021_A01C.tmp.jpg,2021.0,,2,2,2,2,3,2
my_images/2\ds2_05_11_2021_A0DC.tmp.jpg,2021.0,,2,2,1,2,2,2
my_images/2\ds2_05_11_2021_A4B7.tmp.jpg,2021.0,,2,3,2,3,3,2
my_images/2\ds2_05_11_2021_E2.tmp.jpg,2021.0,,2,2,2,2,2,2
my_images/2\ds2_05_11_2021_FCB7.tmp.jpg,2021.0,,2,2,2,2,2,2
my_images/2\ds2_05_11_2021_FD36.tmp.jpg,2021.0,,2,1,1,1,0,0
my_images/2\ds2_05_11_2021_FDC4.tmp.jpg,2021.0,,2,1,2,2,2,2
my_images/2\ds2_05_11_2021_FDF8.tmp.jpg,2021.0,,2,2,4,3,3,4
my_images/2\ds2_05_11_2021_FE19.tmp.jpg,2021.0,,2,2,2,2,2,2
my_images/2\ds2_05_11_2021_FE1A.tmp.jpg,2021.0,,2,2,2,2,2,2
my_images/2\ds2_05_11_2021_FE4D.tmp.jpg,2021.0,,2,2,2,2,2,4
my_images/2\ds2_05_11_2021_FEB0.tmp.jpg,2021.0,,2,2,2,2,3,2
my_images/2\ds2_05_11_2021_FEB1.tmp.jpg,2021.0,,2,1,2,0,2,2
my_images/2\ds2_05_11_2021_FEF1.tmp.jpg,2021.0,,2,2,2,2,1,1
my_images/2\ds2_05_11_2021_FF73.tmp.jpg,2021.0,,2,1,2,2,2,0
my_images/2\ds2_05_11_2021_FF74.tmp.jpg,2021.0,,2,1,2,2,2,2
my_images/2\ds2_05_11_2021_FFA5.tmp.jpg,2021.0,,2,2,2,1,2,1
my_images/2\ds2_06_01_2022_3FAF.tmp.jpg,2022.0,,2,3,2,3,2,2
my_images/2\ds2_06_01_2022_415D.tmp.jpg,2022.0,,2,2,3,3,3,3
my_images/2\ds2_06_01_2022_8D30.tmp.jpg,2022.0,,2,2,2,2,4,2
my_images/2\ds2_06_01_2022_EDF5.tmp.jpg,2022.0,,2,3,2,2,3,2
my_images/2\ds2_06_01_2022_EE85.tmp.jpg,2022.0,,2,2,2,2,2,2
my_images/2\ds2_06_01_2022_EF78.tmp.jpg,2022.0,,2,1,1,1,1,2
my_images/2\ds2_06_01_2022_F109.tmp.jpg,2022.0,,2,2,2,2,2,3
my_images/2\ds2_06_01_2022_F1C9.tmp.jpg,2022.0,,2,2,2,3,2,2
my_images/2\ds2_06_01_2022_F2DA.tmp.jpg,2022.0,,2,2,4,3,3,2
my_images/2\ds2_06_01_2022_F4F5.tmp.jpg,2022.0,,2,3,2,2,2,2
my_images/2\ds2_06_01_2022_F73D.tmp.jpg,2022.0,,2,2,2,2,1,2
my_images/2\ds2_06_10_2021_6EFC.tmp.jpg,2021.0,,2,2,2,2,2,2
my_images/2\ds2_06_10_2021_6F6D.tmp.jpg,2021.0,,2,2,2,2,2,2
my_images/2\ds2_06_10_2021_6FF2.tmp.jpg,2021.0,,2,2,2,2,3,2
my_images/2\ds2_06_10_2021_DE74.tmp.jpg,2021.0,,2,2,2,2,2,2
my_images/2\ds2_06_10_2021_E02E.tmp.jpg,2021.0,,2,2,2,2,2,2
my_images/2\ds2_06_10_2021_E288.tmp.jpg,2021.0,,2,2,2,3,3,3
my_images/2\ds2_06_10_2021_E365.tmp.jpg,2021.0,,2,2,2,2,2,2
my_images/2\ds2_06_10_2021_E376.tmp.jpg,2021.0,,2,2,2,2,2,2
my_images/2\ds2_07_04_2022_6C2D.tmp.jpg,2022.0,,2,2,2,2,2,2
my_images/2\ds2_07_04_2022_6D1B.tmp.jpg,2022.0,,2,2,2,2,2,2
my_images/2\ds2_07_04_2022_6DFC.tmp.jpg,2022.0,,2,2,2,2,2,2
my_images/2\ds2_07_04_2022_705A.tmp.jpg,2022.0,,2,2,2,2,2,2
my_images/2\ds2_07_04_2022_712B.tmp.jpg,2022.0,,2,2,2,1,2,1
my_images/2\ds2_07_04_2022_7343.tmp.jpg,2022.0,,2,2,2,2,3,2
my_images/2\ds2_07_04_2022_73E2.tmp.jpg,2022.0,,2,3,3,3,3,3
my_images/2\ds2_07_04_2022_7B0D.tmp.jpg,2022.0,,2,2,2,2,3,2
my_images/2\ds2_07_04_2022_7B6C.tmp.jpg,2022.0,,2,2,2,3,3,2
my_images/2\ds2_07_04_2022_8112.tmp.jpg,2022.0,,2,2,2,2,2,2
my_images/2\ds2_07_04_2022_8A9D.tmp.jpg,2022.0,,2,2,2,2,2,2
my_images/2\ds2_07_04_2022_8C57.tmp.jpg,2022.0,,2,2,2,2,3,2
my_images/2\ds2_07_04_2022_D7E2.tmp.jpg,2022.0,,2,2,2,2,2,2
my_images/2\ds2_07_04_2022_D854.tmp.jpg,2022.0,,2,0,0,0,0,0
my_images/2\ds2_07_04_2022_D8C9.tmp.jpg,2022.0,,2,2,2,3,4,2
my_images/2\ds2_07_04_2022_D91B.tmp.jpg,2022.0,,2,2,0,0,0,2
my_images/2\ds2_07_04_2022_D95C.tmp.jpg,2022.0,,2,2,1,0,0,2
my_images/2\ds2_07_04_2022_D9BE.tmp.jpg,2022.0,,2,2,4,2,3,2
my_images/2\ds2_07_04_2022_DA27.tmp.jpg,2022.0,,2,2,2,4,3,4
my_images/2\ds2_07_04_2022_DA6B.tmp.jpg,2022.0,,2,2,2,2,3,2
my_images/2\ds2_07_04_2022_DE04.tmp.jpg,2022.0,,2,0,2,2,2,2
my_images/2\ds2_07_04_2022_E04C.tmp.jpg,2022.0,,2,2,1,1,0,0
my_images/2\ds2_07_10_2021_3EB4.tmp.jpg,2021.0,,2,2,2,3,3,2
my_images/2\ds2_07_10_2021_3EE6.tmp.jpg,2021.0,,2,2,2,2,2,2
my_images/2\ds2_07_10_2021_3F08.tmp.jpg,2021.0,,2,2,2,3,2,2
my_images/2\ds2_07_10_2021_3F48.tmp.jpg,2021.0,,2,2,2,2,3,2
my_images/2\ds2_07_10_2021_4876.tmp.jpg,2021.0,,2,2,2,2,2,2
my_images/2\ds2_07_10_2021_BCB6.tmp.jpg,2021.0,,2,2,2,2,1,2
my_images/2\ds2_08_02_2022_F0D8.tmp.jpg,2022.0,,2,1,2,1,1,2
my_images/2\ds2_08_10_2021_7AF9.tmp.jpg,2021.0,,2,2,1,1,0,1
my_images/2\ds2_08_10_2021_F75D.tmp.jpg,2021.0,,2,1,2,2,1,2
my_images/2\ds2_08_10_2021_F918.tmp.jpg,2021.0,,2,2,1,2,2,2
my_images/2\ds2_08_10_2021_F959.tmp.jpg,2021.0,,2,2,1,2,2,2
my_images/2\ds2_08_10_2021_F98A.tmp.jpg,2021.0,,2,4,4,4,3,3
my_images/2\ds2_08_10_2021_F9BB.tmp.jpg,2021.0,,2,2,2,2,2,2
my_images/2\ds2_08_10_2021_FC17.tmp.jpg,2021.0,,2,2,2,2,2,2
my_images/2\ds2_08_10_2021_FC28.tmp.jpg,2021.0,,2,2,2,2,3,2
my_images/2\ds2_08_10_2021_FD91.tmp.jpg,2021.0,,2,2,2,2,2,2
my_images/2\ds2_08_10_2021_FEAD.tmp.jpg,2021.0,,2,2,2,2,2,2
my_images/2\ds2_08_11_2021_18E5.tmp.jpg,2021.0,,2,2,2,2,2,2
my_images/2\ds2_08_11_2021_1966.tmp.jpg,2021.0,,2,3,2,2,2,2
my_images/2\ds2_08_11_2021_1DEC.tmp.jpg,2021.0,,2,2,2,2,2,2
my_images/2\ds2_08_11_2021_1EFC.tmp.jpg,2021.0,,2,2,2,2,2,2
my_images/2\ds2_08_11_2021_27C1.tmp.jpg,2021.0,,2,2,2,2,2,2
my_images/2\ds2_08_11_2021_2944.tmp.jpg,2021.0,,2,2,2,1,2,1
my_images/2\ds2_08_11_2021_6C5.tmp.jpg,2021.0,,2,2,2,3,2,2
my_images/2\ds2_08_11_2021_80C5.tmp.jpg,2021.0,,2,2,2,2,2,2
my_images/2\ds2_08_11_2021_8232.tmp.jpg,2021.0,,2,2,2,2,2,2
my_images/2\ds2_08_11_2021_8275.tmp.jpg,2021.0,,2,2,2,2,2,2
my_images/2\ds2_08_11_2021_82C6.tmp.jpg,2021.0,,2,2,2,2,2,2
my_images/2\ds2_08_11_2021_82D8.tmp.jpg,2021.0,,2,2,2,2,2,2
my_images/2\ds2_08_11_2021_830C.tmp.jpg,2021.0,,2,4,2,3,3,2
my_images/2\ds2_08_11_2021_83BD.tmp.jpg,2021.0,,2,2,2,2,2,2
my_images/2\ds2_08_11_2021_83CF.tmp.jpg,2021.0,,2,2,2,2,2,2
my_images/2\ds2_08_11_2021_8431.tmp.jpg,2021.0,,2,2,2,2,2,2
my_images/2\ds2_08_11_2021_8474.tmp.jpg,2021.0,,2,2,2,2,2,1
my_images/2\ds2_08_11_2021_8475.tmp.jpg,2021.0,,2,2,2,2,2,2
my_images/2\ds2_08_11_2021_86A9.tmp.jpg,2021.0,,2,2,2,2,2,2
my_images/2\ds2_08_11_2021_8847.tmp.jpg,2021.0,,2,2,2,2,2,2
my_images/2\ds2_08_11_2021_8B05.tmp.jpg,2021.0,,2,2,2,2,2,2
my_images/2\ds2_08_11_2021_8BE5.tmp.jpg,2021.0,,2,2,2,3,3,2
my_images/2\ds2_08_11_2021_8BF6.tmp.jpg,2021.0,,2,2,2,2,2,2
my_images/2\ds2_08_11_2021_8C07.tmp.jpg,2021.0,,2,2,2,2,2,2
my_images/2\ds2_08_11_2021_8CE3.tmp.jpg,2021.0,,2,2,3,2,2,2
my_images/2\ds2_08_11_2021_8F0B.tmp.jpg,2021.0,,2,2,2,2,2,2
my_images/2\ds2_08_11_2021_90A7.tmp.jpg,2021.0,,2,2,3,3,4,4
my_images/2\ds2_08_11_2021_A28.tmp.jpg,2021.0,,2,2,2,2,3,3
my_images/2\ds2_08_11_2021_A4A.tmp.jpg,2021.0,,2,2,2,2,2,2
my_images/2\ds2_08_11_2021_A8C.tmp.jpg,2021.0,,2,2,2,2,2,2
my_images/2\ds2_08_11_2021_B2E.tmp.jpg,2021.0,,2,2,3,2,2,2
my_images/2\ds2_08_11_2021_C50.tmp.jpg,2021.0,,2,2,2,2,2,2
my_images/2\ds2_09_05_2022_31D5.tmp.jpg,2022.0,,2,2,2,4,4,3
my_images/2\ds2_09_05_2022_3205.tmp.jpg,2022.0,,2,2,2,2,2,2
my_images/2\ds2_09_05_2022_3256.tmp.jpg,2022.0,,2,2,2,1,2,2
my_images/2\ds2_09_05_2022_3278.tmp.jpg,2022.0,,2,2,2,2,2,2
my_images/2\ds2_09_05_2022_3288.tmp.jpg,2022.0,,2,2,2,2,2,2
my_images/2\ds2_09_05_2022_33A8.tmp.jpg,2022.0,,2,2,2,2,4,2
my_images/2\ds2_09_05_2022_33D9.tmp.jpg,2022.0,,2,2,2,1,2,1
my_images/2\ds2_09_05_2022_34A9.tmp.jpg,2022.0,,2,2,2,2,2,2
my_images/2\ds2_09_05_2022_34BA.tmp.jpg,2022.0,,2,2,4,3,3,2
my_images/2\ds2_09_05_2022_34EC.tmp.jpg,2022.0,,2,2,2,1,2,2
my_images/2\ds2_09_05_2022_3676.tmp.jpg,2022.0,,2,2,2,2,3,2
my_images/2\ds2_09_05_2022_36B7.tmp.jpg,2022.0,,2,2,2,2,2,2
my_images/2\ds2_09_05_2022_3719.tmp.jpg,2022.0,,2,3,2,3,3,2
my_images/2\ds2_09_05_2022_38F7.tmp.jpg,2022.0,,2,2,2,1,2,2
my_images/2\ds2_09_05_2022_38F8.tmp.jpg,2022.0,,2,2,2,2,2,2
my_images/2\ds2_09_05_2022_3929.tmp.jpg,2022.0,,2,4,2,2,2,2
my_images/2\ds2_09_05_2022_395B.tmp.jpg,2022.0,,2,2,2,2,2,2
my_images/2\ds2_09_05_2022_395C.tmp.jpg,2022.0,,2,2,2,2,2,2
my_images/2\ds2_09_05_2022_39BC.tmp.jpg,2022.0,,2,2,2,3,3,2
my_images/2\ds2_09_05_2022_39CD.tmp.jpg,2022.0,,2,2,2,1,2,2
my_images/2\ds2_09_05_2022_8962.tmp.jpg,2022.0,,2,3,2,2,3,2
my_images/2\ds2_09_05_2022_8D5B.tmp.jpg,2022.0,,2,2,2,2,2,2
my_images/2\ds2_09_05_2022_8D8C.tmp.jpg,2022.0,,2,3,2,2,3,2
my_images/2\ds2_09_05_2022_C787.tmp.jpg,2022.0,,2,2,2,2,3,2
my_images/2\ds2_09_05_2022_C7C8.tmp.jpg,2022.0,,2,2,2,4,2,3
my_images/2\ds2_09_05_2022_C7F9.tmp.jpg,2022.0,,2,2,2,2,2,3
my_images/2\ds2_09_05_2022_C849.tmp.jpg,2022.0,,2,2,2,2,2,2
my_images/2\ds2_09_05_2022_C89D.tmp.jpg,2022.0,,2,2,2,2,2,2
my_images/2\ds2_09_05_2022_C925.tmp.jpg,2022.0,,2,2,2,2,2,2
my_images/2\ds2_09_05_2022_C9D6.tmp.jpg,2022.0,,2,0,0,2,3,3
my_images/2\ds2_09_05_2022_CA18.tmp.jpg,2022.0,,2,2,2,2,2,2
my_images/2\ds2_09_05_2022_CA39.tmp.jpg,2022.0,,2,2,2,2,2,2
my_images/2\ds2_09_05_2022_CC2A.tmp.jpg,2022.0,,2,4,2,2,4,2
my_images/2\ds2_09_05_2022_CD09.tmp.jpg,2022.0,,2,4,4,3,4,4
my_images/2\ds2_09_05_2022_CDF2.tmp.jpg,2022.0,,2,3,2,2,2,2
my_images/2\ds2_09_05_2022_CF7C.tmp.jpg,2022.0,,2,2,2,3,2,2
my_images/2\ds2_09_05_2022_D487.tmp.jpg,2022.0,,2,0,0,4,0,4
my_images/2\ds2_09_05_2022_F419.tmp.jpg,2022.0,,2,2,2,2,2,2
my_images/2\ds2_09_11_2021_120E.tmp.jpg,2021.0,,2,2,2,2,2,2
my_images/2\ds2_09_11_2021_16B0.tmp.jpg,2021.0,,2,2,2,2,3,2
my_images/2\ds2_09_11_2021_18E7.tmp.jpg,2021.0,,2,2,2,2,2,2
my_images/2\ds2_09_11_2021_1917.tmp.jpg,2021.0,,2,2,1,1,2,2
my_images/2\ds2_09_11_2021_1939.tmp.jpg,2021.0,,2,2,2,2,2,2
my_images/2\ds2_09_11_2021_1A56.tmp.jpg,2021.0,,2,2,2,3,3,3
my_images/2\ds2_09_11_2021_1B36.tmp.jpg,2021.0,,2,2,2,0,0,2
my_images/2\ds2_09_11_2021_1B37.tmp.jpg,2021.0,,2,2,2,2,3,2
my_images/2\ds2_09_11_2021_1BAB.tmp.jpg,2021.0,,2,2,2,3,2,2
my_images/2\ds2_09_11_2021_1BCD.tmp.jpg,2021.0,,2,2,3,2,2,2
my_images/2\ds2_09_11_2021_1C9C.tmp.jpg,2021.0,,2,2,2,2,2,2
my_images/2\ds2_09_11_2021_1CED.tmp.jpg,2021.0,,2,2,2,2,3,2
my_images/2\ds2_09_11_2021_1D8A.tmp.jpg,2021.0,,2,2,2,2,2,2
my_images/2\ds2_09_11_2021_2051.tmp.jpg,2021.0,,2,1,2,2,2,2
my_images/2\ds2_09_11_2021_212E.tmp.jpg,2021.0,,2,2,2,2,2,2
my_images/2\ds2_09_11_2021_228C.tmp.jpg,2021.0,,2,3,2,2,2,2
my_images/2\ds2_09_11_2021_24E0.tmp.jpg,2021.0,,2,3,2,2,2,2
my_images/2\ds2_09_11_2021_26D8.tmp.jpg,2021.0,,2,2,2,2,2,2
my_images/2\ds2_09_11_2021_740F.tmp.jpg,2021.0,,2,2,2,2,2,2
my_images/2\ds2_09_11_2021_7442.tmp.jpg,2021.0,,2,2,1,2,2,2
my_images/2\ds2_09_11_2021_74D5.tmp.jpg,2021.0,,2,1,1,1,1,2
my_images/2\ds2_09_11_2021_7526.tmp.jpg,2021.0,,2,3,2,2,2,2
my_images/2\ds2_09_11_2021_75AA.tmp.jpg,2021.0,,2,1,2,2,1,2
my_images/2\ds2_09_11_2021_75EC.tmp.jpg,2021.0,,2,2,2,2,2,2
my_images/2\ds2_09_11_2021_761D.tmp.jpg,2021.0,,2,2,2,2,2,2
my_images/2\ds2_09_11_2021_8A7.tmp.jpg,2021.0,,2,2,2,2,2,2
my_images/2\ds2_09_11_2021_8E8.tmp.jpg,2021.0,,2,2,2,2,2,2
my_images/2\ds2_09_11_2021_A2BF.tmp.jpg,2021.0,,2,2,2,2,2,3
my_images/2\ds2_09_11_2021_A479.tmp.jpg,2021.0,,2,2,2,2,2,2
my_images/2\ds2_09_11_2021_A4EA.tmp.jpg,2021.0,,2,2,2,2,2,2
my_images/2\ds2_09_11_2021_A5E7.tmp.jpg,2021.0,,2,2,1,1,2,2
my_images/2\ds2_09_11_2021_A63C.tmp.jpg,2021.0,,2,2,2,3,3,2
my_images/2\ds2_09_11_2021_AEE.tmp.jpg,2021.0,,2,2,3,2,2,2
my_images/2\ds2_09_11_2021_DB13.tmp.jpg,2021.0,,2,2,2,4,4,4
my_images/2\ds2_09_11_2021_E5D.tmp.jpg,2021.0,,2,2,1,2,1,2
my_images/2\ds2_09_11_2021_EAE.tmp.jpg,2021.0,,2,2,2,3,3,3
my_images/2\ds2_09_11_2021_EE2.tmp.jpg,2021.0,,2,2,1,2,1,2
my_images/2\ds2_10_11_2021_245.tmp.jpg,2021.0,,2,1,2,2,1,2
my_images/2\ds2_10_11_2021_A5CC.tmp.jpg,2021.0,,2,1,2,1,2,2
my_images/2\ds2_10_11_2021_A65B.tmp.jpg,2021.0,,2,2,2,3,2,2
my_images/2\ds2_10_11_2021_A861.tmp.jpg,2021.0,,2,2,2,2,2,3
my_images/2\ds2_10_11_2021_A8D0.tmp.jpg,2021.0,,2,1,2,2,1,2
my_images/2\ds2_10_11_2021_A960.tmp.jpg,2021.0,,2,2,2,2,2,1
my_images/2\ds2_10_11_2021_A970.tmp.jpg,2021.0,,2,2,2,2,3,2
my_images/2\ds2_10_11_2021_AA20.tmp.jpg,2021.0,,2,1,2,2,2,2
my_images/2\ds2_10_11_2021_AB34.tmp.jpg,2021.0,,2,2,2,2,2,2
my_images/2\ds2_10_11_2021_AB45.tmp.jpg,2021.0,,2,0,2,2,3,2
my_images/2\ds2_10_11_2021_AB9A.tmp.jpg,2021.0,,2,2,3,3,3,2
my_images/2\ds2_10_11_2021_ABFA.tmp.jpg,2021.0,,2,2,2,1,1,2
my_images/2\ds2_10_11_2021_AC3E.tmp.jpg,2021.0,,2,2,2,2,2,2
my_images/2\ds2_10_11_2021_AF4F.tmp.jpg,2021.0,,2,2,2,2,2,2
my_images/2\ds2_10_11_2021_B174.tmp.jpg,2021.0,,2,2,2,2,2,2
my_images/2\ds2_10_11_2021_BA85.tmp.jpg,2021.0,,2,2,2,2,2,2
my_images/2\ds2_10_11_2021_BB4C.tmp.jpg,2021.0,,2,2,2,2,3,2
my_images/2\ds2_10_11_2021_BBAE.tmp.jpg,2021.0,,2,3,2,2,3,2
my_images/2\ds2_10_11_2021_F27B.tmp.jpg,2021.0,,2,1,1,1,2,1
my_images/2\ds2_10_11_2021_F468.tmp.jpg,2021.0,,2,3,2,2,2,2
my_images/2\ds2_10_11_2021_F584.tmp.jpg,2021.0,,2,2,2,2,2,2
my_images/2\ds2_10_11_2021_F5D7.tmp.jpg,2021.0,,2,2,2,3,2,2
my_images/2\ds2_10_11_2021_F738.tmp.jpg,2021.0,,2,2,2,2,2,2
my_images/2\ds2_10_11_2021_F739.tmp.jpg,2021.0,,2,2,2,1,2,0
my_images/2\ds2_10_11_2021_F79E.tmp.jpg,2021.0,,2,2,4,3,3,2
my_images/2\ds2_10_11_2021_F8FA.tmp.jpg,2021.0,,2,2,2,2,2,2
my_images/2\ds2_10_11_2021_F9AD.tmp.jpg,2021.0,,2,3,3,3,3,2
my_images/2\ds2_10_11_2021_FB0F.tmp.jpg,2021.0,,2,2,2,3,3,1
my_images/2\ds2_10_11_2021_FC4.tmp.jpg,2021.0,,2,2,2,3,2,2
my_images/2\ds2_10_11_2021_FC5F.tmp.jpg,2021.0,,2,3,2,2,2,3
my_images/2\ds2_10_11_2021_FC7F.tmp.jpg,2021.0,,2,2,2,3,2,3
my_images/2\ds2_10_11_2021_FC80.tmp.jpg,2021.0,,2,2,2,0,2,1
my_images/2\ds2_10_11_2021_FCE1.tmp.jpg,2021.0,,2,2,2,1,1,1
my_images/2\ds2_11_04_2022_7FD2.tmp.jpg,2022.0,,2,2,2,3,2,2
my_images/2\ds2_11_04_2022_8575.tmp.jpg,2022.0,,2,2,2,2,2,2
my_images/2\ds2_11_04_2022_85E7.tmp.jpg,2022.0,,2,2,2,2,2,2
my_images/2\ds2_11_04_2022_8647.tmp.jpg,2022.0,,2,2,4,4,4,2
my_images/2\ds2_11_04_2022_867B.tmp.jpg,2022.0,,2,2,4,3,2,2
my_images/2\ds2_11_04_2022_8750.tmp.jpg,2022.0,,2,2,2,2,3,3
my_images/2\ds2_11_04_2022_87C2.tmp.jpg,2022.0,,2,3,3,3,3,3
my_images/2\ds2_11_04_2022_87D2.tmp.jpg,2022.0,,2,2,2,3,3,2
my_images/2\ds2_11_04_2022_88C3.tmp.jpg,2022.0,,2,3,2,2,2,2
my_images/2\ds2_11_04_2022_8E88.tmp.jpg,2022.0,,2,3,2,2,2,2
my_images/2\ds2_11_04_2022_8EA9.tmp.jpg,2022.0,,2,4,2,3,3,4
my_images/2\ds2_11_04_2022_8EFF.tmp.jpg,2022.0,,2,2,2,2,2,2
my_images/2\ds2_11_04_2022_8F23.tmp.jpg,2022.0,,2,2,2,2,3,3
my_images/2\ds2_11_04_2022_8F75.tmp.jpg,2022.0,,2,2,2,3,4,0
my_images/2\ds2_11_04_2022_9D92.tmp.jpg,2022.0,,2,2,2,2,2,2
my_images/2\ds2_11_04_2022_9EAE.tmp.jpg,2022.0,,2,2,2,3,3,2
my_images/2\ds2_11_04_2022_A022.tmp.jpg,2022.0,,2,2,2,2,2,2
my_images/2\ds2_11_04_2022_A0A2.tmp.jpg,2022.0,,2,2,2,2,2,2
my_images/2\ds2_11_04_2022_A2A1.tmp.jpg,2022.0,,2,4,4,4,4,4
my_images/2\ds2_11_04_2022_A683.tmp.jpg,2022.0,,2,2,2,2,2,2
my_images/2\ds2_11_04_2022_A790.tmp.jpg,2022.0,,2,2,4,4,4,4
my_images/2\ds2_11_04_2022_D01C.tmp.jpg,2022.0,,2,3,3,3,3,3
my_images/2\ds2_11_04_2022_D376.tmp.jpg,2022.0,,2,2,3,2,2,2
my_images/2\ds2_11_04_2022_D52D.tmp.jpg,2022.0,,2,2,1,2,2,2
my_images/2\ds2_11_04_2022_D77F.tmp.jpg,2022.0,,2,2,2,2,2,2
my_images/2\ds2_11_04_2022_D804.tmp.jpg,2022.0,,2,2,3,2,2,2
my_images/2\ds2_11_04_2022_EC05.tmp.jpg,2022.0,,2,2,3,2,3,2
my_images/2\ds2_12_04_2022_5A7A.tmp.jpg,2022.0,,2,3,2,2,2,2
my_images/2\ds2_12_04_2022_5A8A.tmp.jpg,2022.0,,2,2,1,2,2,2
my_images/2\ds2_12_04_2022_5ADA.tmp.jpg,2022.0,,2,2,2,1,1,2
my_images/2\ds2_12_04_2022_5BCC.tmp.jpg,2022.0,,2,2,2,2,2,2
my_images/2\ds2_12_04_2022_5C30.tmp.jpg,2022.0,,2,2,2,2,2,2
my_images/2\ds2_12_04_2022_5C86.tmp.jpg,2022.0,,2,2,2,2,3,2
my_images/2\ds2_12_04_2022_87E0.tmp.jpg,2022.0,,2,0,0,4,0,0
my_images/2\ds2_12_04_2022_8932.tmp.jpg,2022.0,,2,2,3,2,2,2
my_images/2\ds2_12_04_2022_D01C.tmp.jpg,2022.0,,2,2,2,3,3,2
my_images/2\ds2_12_04_2022_D108.tmp.jpg,2022.0,,2,2,2,2,2,2
my_images/2\ds2_12_04_2022_D1ED.tmp.jpg,2022.0,,2,2,2,3,3,3
my_images/2\ds2_12_04_2022_D2C5.tmp.jpg,2022.0,,2,2,2,2,2,2
my_images/2\ds2_12_05_2022_74D.tmp.jpg,2022.0,,2,2,2,2,2,2
my_images/2\ds2_12_05_2022_7AF.tmp.jpg,2022.0,,2,2,2,3,3,2
my_images/2\ds2_12_05_2022_8B59.tmp.jpg,2022.0,,2,2,2,2,2,2
my_images/2\ds2_12_05_2022_8BBB.tmp.jpg,2022.0,,2,2,2,2,2,2
my_images/2\ds2_12_05_2022_8BED.tmp.jpg,2022.0,,2,2,3,2,3,2
my_images/2\ds2_12_05_2022_8C1F.tmp.jpg,2022.0,,2,2,2,3,3,2
my_images/2\ds2_12_05_2022_8FD5.tmp.jpg,2022.0,,2,2,2,2,2,3
my_images/2\ds2_12_05_2022_9017.tmp.jpg,2022.0,,2,4,2,2,3,2
my_images/2\ds2_12_05_2022_9058.tmp.jpg,2022.0,,2,2,2,3,3,2
my_images/2\ds2_12_05_2022_962.tmp.jpg,2022.0,,2,2,3,3,3,2
my_images/2\ds2_12_05_2022_A10.tmp.jpg,2022.0,,2,2,3,4,3,3
my_images/2\ds2_12_05_2022_A77E.tmp.jpg,2022.0,,2,2,2,2,2,2
my_images/2\ds2_12_05_2022_A970.tmp.jpg,2022.0,,2,3,2,3,3,3
my_images/2\ds2_12_05_2022_A9FF.tmp.jpg,2022.0,,2,2,2,3,3,2
my_images/2\ds2_12_05_2022_AA43.tmp.jpg,2022.0,,2,2,2,2,2,2
my_images/2\ds2_12_05_2022_AA44.tmp.jpg,2022.0,,2,2,2,3,2,2
my_images/2\ds2_12_05_2022_AA66.tmp.jpg,2022.0,,2,2,2,2,2,2
my_images/2\ds2_12_05_2022_AAB8.tmp.jpg,2022.0,,2,4,2,3,4,2
my_images/2\ds2_12_05_2022_AB47.tmp.jpg,2022.0,,2,2,2,2,2,2
my_images/2\ds2_12_05_2022_AC7D.tmp.jpg,2022.0,,2,2,2,3,2,2
my_images/2\ds2_12_05_2022_AC9D.tmp.jpg,2022.0,,2,2,2,2,2,3
my_images/2\ds2_12_05_2022_AF2.tmp.jpg,2022.0,,2,2,2,3,3,2
my_images/2\ds2_12_05_2022_B02.tmp.jpg,2022.0,,2,3,3,3,3,2
my_images/2\ds2_12_05_2022_B0AE.tmp.jpg,2022.0,,2,2,2,0,0,0
my_images/2\ds2_12_05_2022_B287.tmp.jpg,2022.0,,2,2,2,3,2,2
my_images/2\ds2_12_05_2022_BC6.tmp.jpg,2022.0,,2,2,2,2,2,2
my_images/2\ds2_12_05_2022_C8A.tmp.jpg,2022.0,,2,2,2,3,2,2
my_images/2\ds2_13_10_2021_358B.tmp.jpg,2021.0,,2,3,3,2,3,2
my_images/2\ds2_13_10_2021_4DFA.tmp.jpg,2021.0,,2,2,2,2,2,2
my_images/2\ds2_13_10_2021_52EE.tmp.jpg,2021.0,,2,2,2,2,2,2
my_images/2\ds2_13_10_2021_52FF.tmp.jpg,2021.0,,2,2,2,2,3,2
my_images/2\ds2_13_10_2021_543F.tmp.jpg,2021.0,,2,2,2,2,2,2
my_images/2\ds2_13_10_2021_5480.tmp.jpg,2021.0,,2,2,2,2,2,2
my_images/2\ds2_13_10_2021_5532.tmp.jpg,2021.0,,2,2,2,2,2,2
my_images/2\ds2_13_10_2021_55B2.tmp.jpg,2021.0,,2,1,2,2,2,2
my_images/2\ds2_13_10_2021_5604.tmp.jpg,2021.0,,2,2,2,2,2,2
my_images/2\ds2_13_10_2021_5637.tmp.jpg,2021.0,,2,2,2,2,2,2
my_images/2\ds2_13_12_2021_C0B2.tmp.jpg,2021.0,,2,2,3,3,2,2
my_images/2\ds2_13_12_2021_CB90.tmp.jpg,2021.0,,2,3,3,2,3,3
my_images/2\ds2_14_10_2021_2F1B.tmp.jpg,2021.0,,2,2,2,2,2,2
my_images/2\ds2_14_10_2021_2F80.tmp.jpg,2021.0,,2,2,3,2,3,2
my_images/2\ds2_14_10_2021_5409.tmp.jpg,2021.0,,2,2,2,2,2,2
my_images/2\ds2_14_10_2021_541B.tmp.jpg,2021.0,,2,2,2,2,2,2
my_images/2\ds2_14_10_2021_543B.tmp.jpg,2021.0,,2,2,2,2,2,2
my_images/2\ds2_14_10_2021_55AE.tmp.jpg,2021.0,,2,2,2,3,3,2
my_images/2\ds2_14_10_2021_55CF.tmp.jpg,2021.0,,2,2,2,2,2,2
my_images/2\ds2_14_10_2021_5633.tmp.jpg,2021.0,,2,2,2,3,2,3
my_images/2\ds2_14_10_2021_5645.tmp.jpg,2021.0,,2,2,1,1,1,1
my_images/2\ds2_14_10_2021_56E3.tmp.jpg,2021.0,,2,2,4,2,3,2
my_images/2\ds2_15_10_2021_19F7.tmp.jpg,2021.0,,2,1,3,2,3,2
my_images/2\ds2_15_10_2021_1A59.tmp.jpg,2021.0,,2,2,2,2,3,2
my_images/2\ds2_15_10_2021_1AAB.tmp.jpg,2021.0,,2,2,2,3,3,2
my_images/2\ds2_15_10_2021_1AEE.tmp.jpg,2021.0,,2,1,2,2,1,1
my_images/2\ds2_15_10_2021_1AF2.tmp.jpg,2021.0,,2,2,2,1,2,2
my_images/2\ds2_15_10_2021_1B34.tmp.jpg,2021.0,,2,2,2,3,2,1
my_images/2\ds2_15_10_2021_1B55.tmp.jpg,2021.0,,2,2,2,2,2,2
my_images/2\ds2_15_10_2021_1B78.tmp.jpg,2021.0,,2,2,2,2,2,2
my_images/2\ds2_15_10_2021_7527.tmp.jpg,2021.0,,2,2,2,3,3,2
my_images/2\ds2_15_10_2021_7608.tmp.jpg,2021.0,,2,2,1,2,2,2
my_images/2\ds2_16_11_2021_10BF.tmp.jpg,2021.0,,2,2,2,3,2,2
my_images/2\ds2_16_11_2021_114F.tmp.jpg,2021.0,,2,2,3,2,3,2
my_images/2\ds2_16_11_2021_1219.tmp.jpg,2021.0,,2,2,2,2,2,2
my_images/2\ds2_16_11_2021_12E0.tmp.jpg,2021.0,,2,1,2,1,1,2
my_images/2\ds2_16_11_2021_12F1.tmp.jpg,2021.0,,2,2,2,2,2,2
my_images/2\ds2_16_11_2021_1322.tmp.jpg,2021.0,,2,2,2,2,2,2
my_images/2\ds2_16_11_2021_1363.tmp.jpg,2021.0,,2,2,2,2,2,2
my_images/2\ds2_16_11_2021_13C3.tmp.jpg,2021.0,,2,2,2,2,2,2
my_images/2\ds2_16_11_2021_1432.tmp.jpg,2021.0,,2,4,2,2,3,2
my_images/2\ds2_16_11_2021_14F0.tmp.jpg,2021.0,,2,2,2,2,2,2
my_images/2\ds2_16_11_2021_1542.tmp.jpg,2021.0,,2,2,2,2,3,2
my_images/2\ds2_16_11_2021_1552.tmp.jpg,2021.0,,2,2,2,2,2,3
my_images/2\ds2_16_11_2021_1553.tmp.jpg,2021.0,,2,2,2,3,3,2
my_images/2\ds2_16_11_2021_1595.tmp.jpg,2021.0,,2,2,2,1,2,2
my_images/2\ds2_16_11_2021_15A6.tmp.jpg,2021.0,,2,2,2,2,2,2
my_images/2\ds2_16_11_2021_15B7.tmp.jpg,2021.0,,2,2,2,2,2,2
my_images/2\ds2_16_11_2021_15FB.tmp.jpg,2021.0,,2,2,2,2,2,2
my_images/2\ds2_16_11_2021_162D.tmp.jpg,2021.0,,2,2,2,2,3,2
my_images/2\ds2_16_11_2021_16A2.tmp.jpg,2021.0,,2,1,1,1,1,1
my_images/2\ds2_16_11_2021_16A3.tmp.jpg,2021.0,,2,2,2,3,2,2
my_images/2\ds2_16_11_2021_16A4.tmp.jpg,2021.0,,2,2,2,2,3,2
my_images/2\ds2_16_11_2021_1773.tmp.jpg,2021.0,,2,0,1,1,1,1
my_images/2\ds2_16_11_2021_1A46.tmp.jpg,2021.0,,2,2,2,2,2,2
my_images/2\ds2_16_11_2021_1C7A.tmp.jpg,2021.0,,2,2,2,2,2,2
my_images/2\ds2_16_11_2021_1FF9.tmp.jpg,2021.0,,2,2,2,2,2,3
my_images/2\ds2_16_11_2021_21A3.tmp.jpg,2021.0,,2,2,3,3,3,2
my_images/2\ds2_16_11_2021_2261.tmp.jpg,2021.0,,2,2,2,2,2,2
my_images/2\ds2_16_11_2021_2262.tmp.jpg,2021.0,,2,3,4,3,3,4
my_images/2\ds2_16_11_2021_4196.tmp.jpg,2021.0,,2,2,2,2,2,2
my_images/2\ds2_16_11_2021_42C4.tmp.jpg,2021.0,,2,2,2,3,3,2
my_images/2\ds2_16_11_2021_475A.tmp.jpg,2021.0,,2,4,2,3,3,4
my_images/2\ds2_16_11_2021_519B.tmp.jpg,2021.0,,2,2,2,2,2,2
my_images/2\ds2_16_11_2021_54F.tmp.jpg,2021.0,,2,2,2,3,3,2
my_images/2\ds2_16_11_2021_571.tmp.jpg,2021.0,,2,1,1,1,1,2
my_images/2\ds2_16_11_2021_5A0B.tmp.jpg,2021.0,,2,2,2,2,2,2
my_images/2\ds2_16_11_2021_5B17.tmp.jpg,2021.0,,2,2,1,1,2,2
my_images/2\ds2_16_11_2021_5FA.tmp.jpg,2021.0,,2,2,2,2,2,1
my_images/2\ds2_16_11_2021_6C9.tmp.jpg,2021.0,,2,2,2,2,2,2
my_images/2\ds2_16_11_2021_6FA.tmp.jpg,2021.0,,2,2,2,2,2,2
my_images/2\ds2_16_11_2021_72B.tmp.jpg,2021.0,,2,2,2,2,2,2
my_images/2\ds2_16_11_2021_7617.tmp.jpg,2021.0,,2,2,2,2,3,2
my_images/2\ds2_16_11_2021_7687.tmp.jpg,2021.0,,2,2,2,2,2,2
my_images/2\ds2_16_11_2021_77D.tmp.jpg,2021.0,,2,2,2,2,2,2
my_images/2\ds2_16_11_2021_78FA.tmp.jpg,2021.0,,2,2,2,2,1,2
my_images/2\ds2_16_11_2021_7E11.tmp.jpg,2021.0,,2,2,3,2,3,2
my_images/2\ds2_16_11_2021_7FCA.tmp.jpg,2021.0,,2,2,2,2,2,2
my_images/2\ds2_16_11_2021_7FDA.tmp.jpg,2021.0,,2,3,2,2,2,2
my_images/2\ds2_16_11_2021_80D8.tmp.jpg,2021.0,,2,2,2,2,2,2
my_images/2\ds2_16_11_2021_81F.tmp.jpg,2021.0,,2,2,3,2,2,2
my_images/2\ds2_16_11_2021_825D.tmp.jpg,2021.0,,2,3,2,2,3,2
my_images/2\ds2_16_11_2021_8506.tmp.jpg,2021.0,,2,2,2,1,1,0
my_images/2\ds2_16_11_2021_853E.tmp.jpg,2021.0,,2,1,2,2,2,2
my_images/2\ds2_16_11_2021_8821.tmp.jpg,2021.0,,2,2,2,2,2,2
my_images/2\ds2_16_11_2021_8B73.tmp.jpg,2021.0,,2,2,3,2,2,2
my_images/2\ds2_16_11_2021_98EA.tmp.jpg,2021.0,,2,2,2,2,3,2
my_images/2\ds2_16_11_2021_A161.tmp.jpg,2021.0,,2,2,2,2,2,2
my_images/2\ds2_16_11_2021_A27F.tmp.jpg,2021.0,,2,2,2,2,2,3
my_images/2\ds2_16_11_2021_A2EE.tmp.jpg,2021.0,,2,2,1,2,1,2
my_images/2\ds2_16_11_2021_A889.tmp.jpg,2021.0,,2,2,2,2,3,2
my_images/2\ds2_16_11_2021_ADEC.tmp.jpg,2021.0,,2,2,2,2,3,2
my_images/2\ds2_16_11_2021_AFC9.tmp.jpg,2021.0,,2,2,2,3,3,2
my_images/2\ds2_16_11_2021_B677.tmp.jpg,2021.0,,2,3,2,3,3,2
my_images/2\ds2_16_11_2021_BA85.tmp.jpg,2021.0,,2,2,2,2,2,2
my_images/2\ds2_16_11_2021_BFB4.tmp.jpg,2021.0,,2,2,2,2,2,2
my_images/2\ds2_16_11_2021_CE92.tmp.jpg,2021.0,,2,2,2,2,2,2
my_images/2\ds2_16_11_2021_CFDC.tmp.jpg,2021.0,,2,2,2,2,2,2
my_images/2\ds2_16_11_2021_D51.tmp.jpg,2021.0,,2,2,2,2,2,2
my_images/2\ds2_16_11_2021_D545.tmp.jpg,2021.0,,2,2,2,2,2,3
my_images/2\ds2_16_11_2021_DC1.tmp.jpg,2021.0,,2,2,2,3,4,4
my_images/2\ds2_16_11_2021_DCB4.tmp.jpg,2021.0,,2,2,2,3,3,3
my_images/2\ds2_16_11_2021_E0C1.tmp.jpg,2021.0,,2,2,2,2,3,2
my_images/2\ds2_16_11_2021_E22B.tmp.jpg,2021.0,,2,1,2,3,3,2
my_images/2\ds2_16_11_2021_E4F.tmp.jpg,2021.0,,2,2,2,1,2,1
my_images/2\ds2_16_11_2021_E73D.tmp.jpg,2021.0,,2,2,1,2,1,1
my_images/2\ds2_16_11_2021_ED79.tmp.jpg,2021.0,,2,2,2,2,1,2
my_images/2\ds2_16_11_2021_F04.tmp.jpg,2021.0,,2,2,2,2,2,2
my_images/2\ds2_16_11_2021_F744.tmp.jpg,2021.0,,2,2,2,2,3,2
my_images/2\ds2_16_11_2021_F94.tmp.jpg,2021.0,,2,1,1,0,0,0
my_images/2\ds2_16_11_2021_FF7B.tmp.jpg,2021.0,,2,2,2,2,3,2
my_images/2\ds2_17_05_2022_2431.tmp.jpg,2022.0,,2,0,2,0,0,2
my_images/2\ds2_17_05_2022_2547.tmp.jpg,2022.0,,2,2,1,2,2,2
my_images/2\ds2_17_05_2022_2559.tmp.jpg,2022.0,,2,1,2,1,2,1
my_images/2\ds2_17_05_2022_2891.tmp.jpg,2022.0,,2,0,1,0,0,1
my_images/2\ds2_17_05_2022_2926.tmp.jpg,2022.0,,2,2,2,3,3,2
my_images/2\ds2_17_05_2022_2DCF.tmp.jpg,2022.0,,2,2,1,1,2,2
my_images/2\ds2_17_05_2022_4E54.tmp.jpg,2022.0,,2,2,3,3,2,2
my_images/2\ds2_17_05_2022_4F12.tmp.jpg,2022.0,,2,4,2,2,2,2
my_images/2\ds2_17_05_2022_4F13.tmp.jpg,2022.0,,2,2,2,2,1,1
my_images/2\ds2_17_05_2022_510C.tmp.jpg,2022.0,,2,2,2,2,2,2
my_images/2\ds2_17_05_2022_510D.tmp.jpg,2022.0,,2,2,2,2,2,2
my_images/2\ds2_17_05_2022_527B.tmp.jpg,2022.0,,2,2,2,2,2,2
my_images/2\ds2_17_05_2022_537B.tmp.jpg,2022.0,,2,2,2,2,2,3
my_images/2\ds2_17_05_2022_5590.tmp.jpg,2022.0,,2,2,2,2,2,2
my_images/2\ds2_17_05_2022_5822.tmp.jpg,2022.0,,2,2,2,2,2,2
my_images/2\ds2_17_05_2022_6930.tmp.jpg,2022.0,,2,3,2,3,3,2
my_images/2\ds2_17_05_2022_6990.tmp.jpg,2022.0,,2,2,2,2,2,2
my_images/2\ds2_17_05_2022_69B1.tmp.jpg,2022.0,,2,2,2,2,2,2
my_images/2\ds2_17_05_2022_6A4F.tmp.jpg,2022.0,,2,3,2,3,3,2
my_images/2\ds2_17_05_2022_6B89.tmp.jpg,2022.0,,2,2,2,2,2,2
my_images/2\ds2_17_05_2022_6C18.tmp.jpg,2022.0,,2,2,2,2,2,2
my_images/2\ds2_17_05_2022_71A8.tmp.jpg,2022.0,,2,2,2,2,2,2
my_images/2\ds2_17_05_2022_7563.tmp.jpg,2022.0,,2,3,4,3,3,4
my_images/2\ds2_17_05_2022_8B20.tmp.jpg,2022.0,,2,2,2,3,3,2
my_images/2\ds2_17_05_2022_9238.tmp.jpg,2022.0,,2,2,2,2,4,2
my_images/2\ds2_17_05_2022_93AB.tmp.jpg,2022.0,,2,2,2,2,2,2
my_images/2\ds2_17_05_2022_A0BC.tmp.jpg,2022.0,,2,2,2,2,2,2
my_images/2\ds2_17_05_2022_A6A6.tmp.jpg,2022.0,,2,2,4,3,3,2
my_images/2\ds2_17_05_2022_A804.tmp.jpg,2022.0,,2,2,2,2,2,2
my_images/2\ds2_17_05_2022_F2C3.tmp.jpg,2022.0,,2,4,2,2,2,2
my_images/2\ds2_17_05_2022_F695.tmp.jpg,2022.0,,2,2,1,2,2,1
my_images/2\ds2_17_05_2022_F6C7.tmp.jpg,2022.0,,2,2,2,2,2,2
my_images/2\ds2_17_05_2022_F759.tmp.jpg,2022.0,,2,2,2,2,2,2
my_images/2\ds2_17_11_2021_4B3E.tmp.jpg,2021.0,,2,1,1,1,0,1
my_images/2\ds2_17_11_2021_4C34.tmp.jpg,2021.0,,2,2,2,2,2,2
my_images/2\ds2_17_11_2021_4C96.tmp.jpg,2021.0,,2,1,2,2,2,2
my_images/2\ds2_17_11_2021_4CC8.tmp.jpg,2021.0,,2,3,3,2,4,2
my_images/2\ds2_17_11_2021_4CC9.tmp.jpg,2021.0,,2,1,2,2,2,2
my_images/2\ds2_17_11_2021_A0B1.tmp.jpg,2021.0,,2,2,2,2,2,2
my_images/2\ds2_17_11_2021_A2A3.tmp.jpg,2021.0,,2,2,2,2,2,2
my_images/2\ds2_17_11_2021_A2C4.tmp.jpg,2021.0,,2,2,2,2,2,2
my_images/2\ds2_17_11_2021_A2D5.tmp.jpg,2021.0,,2,2,3,3,3,3
my_images/2\ds2_17_11_2021_A384.tmp.jpg,2021.0,,2,2,0,2,2,2
my_images/2\ds2_17_11_2021_A385.tmp.jpg,2021.0,,2,2,2,2,2,2
my_images/2\ds2_17_11_2021_A3D7.tmp.jpg,2021.0,,2,2,2,2,2,2
my_images/2\ds2_17_11_2021_A418.tmp.jpg,2021.0,,2,2,2,2,2,2
my_images/2\ds2_17_11_2021_A439.tmp.jpg,2021.0,,2,2,2,2,2,2
my_images/2\ds2_18_03_2022_12DF.tmp.jpg,2022.0,,2,2,2,2,2,2
my_images/2\ds2_18_03_2022_13AE.tmp.jpg,2022.0,,2,2,2,2,3,3
my_images/2\ds2_18_03_2022_1560.tmp.jpg,2022.0,,2,2,2,3,3,3
my_images/2\ds2_18_03_2022_181A.tmp.jpg,2022.0,,2,2,2,1,2,2
my_images/2\ds2_18_03_2022_2C0.tmp.jpg,2022.0,,2,2,2,2,3,2
my_images/2\ds2_18_03_2022_32F.tmp.jpg,2022.0,,2,2,2,0,0,2
my_images/2\ds2_18_03_2022_364B.tmp.jpg,2022.0,,2,2,2,2,2,2
my_images/2\ds2_18_03_2022_3A7D.tmp.jpg,2022.0,,2,2,1,2,2,2
my_images/2\ds2_18_03_2022_3F04.tmp.jpg,2022.0,,2,2,2,1,1,2
my_images/2\ds2_18_03_2022_40CF.tmp.jpg,2022.0,,2,2,2,1,1,2
my_images/2\ds2_18_03_2022_40F0.tmp.jpg,2022.0,,2,2,1,2,1,2
my_images/2\ds2_18_03_2022_4189.tmp.jpg,2022.0,,2,2,2,2,3,2
my_images/2\ds2_18_03_2022_41BF.tmp.jpg,2022.0,,2,2,2,2,2,2
my_images/2\ds2_18_03_2022_4290.tmp.jpg,2022.0,,2,3,2,2,3,2
my_images/2\ds2_18_03_2022_45DB.tmp.jpg,2022.0,,2,2,2,2,2,2
my_images/2\ds2_18_03_2022_4B6.tmp.jpg,2022.0,,2,2,2,3,2,2
my_images/2\ds2_18_03_2022_4BC3.tmp.jpg,2022.0,,2,2,2,3,2,2
my_images/2\ds2_18_03_2022_4E8C.tmp.jpg,2022.0,,2,2,2,2,2,2
my_images/2\ds2_18_03_2022_4F16.tmp.jpg,2022.0,,2,2,2,2,2,2
my_images/2\ds2_18_03_2022_4FEE.tmp.jpg,2022.0,,2,2,2,3,2,2
my_images/2\ds2_18_03_2022_5031.tmp.jpg,2022.0,,2,2,2,2,2,2
my_images/2\ds2_18_03_2022_5060.tmp.jpg,2022.0,,2,1,1,1,1,1
my_images/2\ds2_18_03_2022_5320.tmp.jpg,2022.0,,2,2,2,2,2,2
my_images/2\ds2_18_03_2022_5645.tmp.jpg,2022.0,,2,2,2,2,2,3
my_images/2\ds2_18_03_2022_5921.tmp.jpg,2022.0,,2,2,2,3,3,2
my_images/2\ds2_18_03_2022_5932.tmp.jpg,2022.0,,2,3,2,2,2,2
my_images/2\ds2_18_03_2022_A81.tmp.jpg,2022.0,,2,1,0,0,1,2
my_images/2\ds2_18_03_2022_C26.tmp.jpg,2022.0,,2,2,2,2,1,2
my_images/2\ds2_18_03_2022_CE0.tmp.jpg,2022.0,,2,2,2,2,2,2
my_images/2\ds2_18_03_2022_D034.tmp.jpg,2022.0,,2,2,2,2,2,2
my_images/2\ds2_18_03_2022_D235.tmp.jpg,2022.0,,2,2,2,2,2,2
my_images/2\ds2_18_03_2022_D259.tmp.jpg,2022.0,,2,2,2,3,4,1
my_images/2\ds2_18_03_2022_D42B.tmp.jpg,2022.0,,2,2,2,2,2,2
my_images/2\ds2_18_03_2022_D767.tmp.jpg,2022.0,,2,2,2,2,2,3
my_images/2\ds2_18_03_2022_D7F6.tmp.jpg,2022.0,,2,2,2,2,2,3
my_images/2\ds2_18_03_2022_DD5C.tmp.jpg,2022.0,,2,2,2,2,2,2
my_images/2\ds2_18_03_2022_DD5D.tmp.jpg,2022.0,,2,2,2,2,3,3
my_images/2\ds2_18_03_2022_E16C.tmp.jpg,2022.0,,2,3,2,3,3,2
my_images/2\ds2_18_03_2022_E17D.tmp.jpg,2022.0,,2,2,2,3,2,2
my_images/2\ds2_19_01_2022_7BAC.tmp.jpg,2022.0,,2,2,2,2,2,2
my_images/2\ds2_19_01_2022_83DA.tmp.jpg,2022.0,,2,2,2,2,2,2
my_images/2\ds2_19_01_2022_9F0A.tmp.jpg,2022.0,,2,2,2,2,3,2
my_images/2\ds2_19_01_2022_A5F3.tmp.jpg,2022.0,,2,2,2,2,2,2
my_images/2\ds2_19_01_2022_DF09.tmp.jpg,2022.0,,2,2,2,2,2,2
my_images/2\ds2_19_01_2022_E1F3.tmp.jpg,2022.0,,2,2,2,2,2,2
my_images/2\ds2_19_01_2022_E204.tmp.jpg,2022.0,,2,2,2,2,2,2
my_images/2\ds2_19_01_2022_E236.tmp.jpg,2022.0,,2,2,2,2,2,2
my_images/2\ds2_19_01_2022_E257.tmp.jpg,2022.0,,2,1,1,1,1,1
my_images/2\ds2_19_01_2022_E346.tmp.jpg,2022.0,,2,2,2,3,3,2
my_images/2\ds2_19_01_2022_E367.tmp.jpg,2022.0,,2,2,2,2,2,1
my_images/2\ds2_19_01_2022_E6A1.tmp.jpg,2022.0,,2,2,2,2,1,2
my_images/2\ds2_19_01_2022_EFA7.tmp.jpg,2022.0,,2,2,2,2,2,2
my_images/2\ds2_19_01_2022_F056.tmp.jpg,2022.0,,2,2,2,2,2,2
my_images/2\ds2_19_04_2022_15F5.tmp.jpg,2022.0,,2,3,3,3,3,3
my_images/2\ds2_19_04_2022_17AE.tmp.jpg,2022.0,,2,2,2,2,2,2
my_images/2\ds2_19_04_2022_184E.tmp.jpg,2022.0,,2,2,2,2,2,3
my_images/2\ds2_19_04_2022_1870.tmp.jpg,2022.0,,2,2,2,3,3,2
my_images/2\ds2_19_04_2022_191E.tmp.jpg,2022.0,,2,2,2,2,2,2
my_images/2\ds2_19_04_2022_1A3F.tmp.jpg,2022.0,,2,2,2,3,3,2
my_images/2\ds2_19_04_2022_1AC0.tmp.jpg,2022.0,,2,2,2,2,2,2
my_images/2\ds2_19_04_2022_1C1C.tmp.jpg,2022.0,,2,2,2,2,2,2
my_images/2\ds2_19_04_2022_1D6F.tmp.jpg,2022.0,,2,2,2,2,2,2
my_images/2\ds2_19_04_2022_1DD0.tmp.jpg,2022.0,,2,2,2,2,2,2
my_images/2\ds2_19_04_2022_1E02.tmp.jpg,2022.0,,2,2,2,2,2,2
my_images/2\ds2_19_04_2022_1EA3.tmp.jpg,2022.0,,2,2,2,2,3,2
my_images/2\ds2_19_04_2022_1EE3.tmp.jpg,2022.0,,2,1,2,2,1,2
my_images/2\ds2_19_04_2022_1F81.tmp.jpg,2022.0,,2,2,2,3,3,2
my_images/2\ds2_19_04_2022_2041.tmp.jpg,2022.0,,2,2,2,2,2,1
my_images/2\ds2_19_04_2022_2129.tmp.jpg,2022.0,,2,2,2,3,3,2
my_images/2\ds2_19_04_2022_2139.tmp.jpg,2022.0,,2,2,2,2,2,2
my_images/2\ds2_19_04_2022_21AF.tmp.jpg,2022.0,,2,2,2,1,1,2
my_images/2\ds2_19_04_2022_223F.tmp.jpg,2022.0,,2,2,3,3,3,2
my_images/2\ds2_19_04_2022_241F.tmp.jpg,2022.0,,2,2,2,1,0,2
my_images/2\ds2_19_04_2022_2716.tmp.jpg,2022.0,,2,0,0,0,0,0
my_images/2\ds2_19_04_2022_2728.tmp.jpg,2022.0,,2,2,4,2,3,0
my_images/2\ds2_19_04_2022_2876.tmp.jpg,2022.0,,2,4,2,3,3,2
my_images/2\ds2_19_04_2022_2919.tmp.jpg,2022.0,,2,2,2,2,2,2
my_images/2\ds2_19_04_2022_2971.tmp.jpg,2022.0,,2,2,2,3,2,2
my_images/2\ds2_19_04_2022_2A9D.tmp.jpg,2022.0,,2,0,4,3,3,4
my_images/2\ds2_19_04_2022_2E61.tmp.jpg,2022.0,,2,2,2,2,2,2
my_images/2\ds2_19_04_2022_2EF0.tmp.jpg,2022.0,,2,2,2,2,3,2
my_images/2\ds2_19_04_2022_2F80.tmp.jpg,2022.0,,2,3,0,3,3,3
my_images/2\ds2_19_04_2022_2FB4.tmp.jpg,2022.0,,2,2,2,2,2,2
my_images/2\ds2_19_04_2022_2FB5.tmp.jpg,2022.0,,2,2,2,1,2,1
my_images/2\ds2_19_04_2022_2FE6.tmp.jpg,2022.0,,2,2,2,2,3,2
my_images/2\ds2_19_04_2022_3078.tmp.jpg,2022.0,,2,3,2,3,3,3
my_images/2\ds2_19_04_2022_3728.tmp.jpg,2022.0,,2,4,2,2,2,2
my_images/2\ds2_19_04_2022_3A0A.tmp.jpg,2022.0,,2,2,2,0,0,2
my_images/2\ds2_19_04_2022_3ADF.tmp.jpg,2022.0,,2,3,2,3,3,2
my_images/2\ds2_19_04_2022_3B53.tmp.jpg,2022.0,,2,2,2,2,2,2
my_images/2\ds2_19_04_2022_3D1A.tmp.jpg,2022.0,,2,3,2,2,2,2
my_images/2\ds2_19_04_2022_A05C.tmp.jpg,2022.0,,2,2,2,2,2,2
my_images/2\ds2_19_04_2022_A5AF.tmp.jpg,2022.0,,2,2,2,2,2,2
my_images/2\ds2_19_04_2022_A824.tmp.jpg,2022.0,,2,2,2,2,3,3
my_images/2\ds2_19_04_2022_AB3A.tmp.jpg,2022.0,,2,3,3,2,3,2
my_images/2\ds2_19_04_2022_AB5B.tmp.jpg,2022.0,,2,2,2,2,2,2
my_images/2\ds2_19_04_2022_AC28.tmp.jpg,2022.0,,2,2,3,2,2,2
my_images/2\ds2_19_04_2022_AD64.tmp.jpg,2022.0,,2,2,2,3,3,2
my_images/2\ds2_19_04_2022_AFB1.tmp.jpg,2022.0,,2,2,2,2,2,2
my_images/2\ds2_19_04_2022_B0A3.tmp.jpg,2022.0,,2,2,2,2,2,1
my_images/2\ds2_19_04_2022_B135.tmp.jpg,2022.0,,2,2,2,1,2,2
my_images/2\ds2_19_04_2022_B145.tmp.jpg,2022.0,,2,2,2,2,2,2
my_images/2\ds2_19_04_2022_B166.tmp.jpg,2022.0,,2,3,2,3,2,2
my_images/2\ds2_19_04_2022_B197.tmp.jpg,2022.0,,2,2,2,2,2,2
my_images/2\ds2_19_04_2022_B40A.tmp.jpg,2022.0,,2,2,2,2,3,2
my_images/2\ds2_19_04_2022_BB6A.tmp.jpg,2022.0,,2,1,1,1,1,1
my_images/2\ds2_19_04_2022_BBD9.tmp.jpg,2022.0,,2,2,2,3,4,2
my_images/2\ds2_19_04_2022_BE25.tmp.jpg,2022.0,,2,2,2,4,3,2
my_images/2\ds2_19_04_2022_BE36.tmp.jpg,2022.0,,2,2,2,2,2,2
my_images/2\ds2_19_04_2022_BEFB.tmp.jpg,2022.0,,2,2,2,3,3,4
my_images/2\ds2_19_04_2022_BF0E.tmp.jpg,2022.0,,2,2,2,2,2,2
my_images/2\ds2_19_04_2022_D5DC.tmp.jpg,2022.0,,2,2,1,1,1,1
my_images/2\ds2_19_04_2022_D7E6.tmp.jpg,2022.0,,2,3,2,2,2,2
my_images/2\ds2_19_10_2021_4AA9.tmp.jpg,2021.0,,2,2,2,1,1,2
my_images/2\ds2_19_10_2021_4ADA.tmp.jpg,2021.0,,2,2,2,3,3,2
my_images/2\ds2_19_10_2021_4B1B.tmp.jpg,2021.0,,2,2,2,2,2,2
my_images/2\ds2_19_10_2021_4B9A.tmp.jpg,2021.0,,2,4,2,2,2,2
my_images/2\ds2_19_10_2021_4BDB.tmp.jpg,2021.0,,2,2,2,3,3,2
my_images/2\ds2_19_10_2021_4C81.tmp.jpg,2021.0,,2,2,2,2,2,2
my_images/2\ds2_19_10_2021_AFAE.tmp.jpg,2021.0,,2,2,2,1,1,2
my_images/2\ds2_19_10_2021_B161.tmp.jpg,2021.0,,2,3,2,3,3,3
my_images/2\ds2_19_10_2021_E704.tmp.jpg,2021.0,,2,2,2,2,2,2
my_images/2\ds2_19_10_2021_E87F.tmp.jpg,2021.0,,2,2,2,2,2,2
my_images/2\ds2_19_10_2021_EBA4.tmp.jpg,2021.0,,2,1,2,2,1,2
my_images/2\ds2_19_10_2021_F4C1.tmp.jpg,2021.0,,2,3,2,2,3,2
my_images/2\ds2_20_05_2022_7E81.tmp.jpg,2022.0,,2,2,2,1,2,2
my_images/2\ds2_20_05_2022_8154.tmp.jpg,2022.0,,2,2,4,3,3,3
my_images/2\ds2_20_05_2022_81B5.tmp.jpg,2022.0,,2,2,2,1,2,2
my_images/2\ds2_20_05_2022_8255.tmp.jpg,2022.0,,2,2,4,2,2,2
my_images/2\ds2_20_05_2022_8277.tmp.jpg,2022.0,,2,2,2,2,2,2
my_images/2\ds2_20_05_2022_8288.tmp.jpg,2022.0,,2,2,3,2,3,3
my_images/2\ds2_20_05_2022_8289.tmp.jpg,2022.0,,2,4,4,4,4,4
my_images/2\ds2_20_05_2022_82BD.tmp.jpg,2022.0,,2,3,3,3,3,3
my_images/2\ds2_20_05_2022_82CD.tmp.jpg,2022.0,,2,3,2,3,2,2
my_images/2\ds2_20_05_2022_82EF.tmp.jpg,2022.0,,2,3,2,3,3,2
my_images/2\ds2_20_05_2022_8350.tmp.jpg,2022.0,,2,2,2,2,3,2
my_images/2\ds2_20_05_2022_8373.tmp.jpg,2022.0,,2,3,2,2,3,3
my_images/2\ds2_20_05_2022_8A0D.tmp.jpg,2022.0,,2,2,4,4,4,2
my_images/2\ds2_20_05_2022_92AA.tmp.jpg,2022.0,,2,2,3,2,2,2
my_images/2\ds2_20_05_2022_9665.tmp.jpg,2022.0,,2,1,2,2,2,2
my_images/2\ds2_20_05_2022_AC53.tmp.jpg,2022.0,,2,2,2,2,3,3
my_images/2\ds2_20_05_2022_AEC8.tmp.jpg,2022.0,,2,2,3,2,2,2
my_images/2\ds2_20_09_2021_3D31.tmp.jpg,2021.0,,2,2,3,2,2,2
my_images/2\ds2_20_09_2021_6451.tmp.jpg,2021.0,,2,2,2,2,2,2
my_images/2\ds2_20_09_2021_72ED.tmp.jpg,2021.0,,2,2,2,1,2,2
my_images/2\ds2_20_09_2021_9DCB.tmp.jpg,2021.0,,2,0,0,0,0,0
my_images/2\ds2_20_09_2021_D52E.tmp.jpg,2021.0,,2,2,3,2,3,2
my_images/2\ds2_20_10_2021_55C2.tmp.jpg,2021.0,,2,2,2,2,2,2
my_images/2\ds2_20_10_2021_6169.tmp.jpg,2021.0,,2,3,2,2,1,2
my_images/2\ds2_20_10_2021_7EE1.tmp.jpg,2021.0,,2,3,2,3,3,2
my_images/2\ds2_20_10_2021_7EE2.tmp.jpg,2021.0,,2,2,2,2,2,2
my_images/2\ds2_20_10_2021_7EE3.tmp.jpg,2021.0,,2,2,2,2,2,2
my_images/2\ds2_20_10_2021_7F25.tmp.jpg,2021.0,,2,2,2,2,2,2
my_images/2\ds2_20_10_2021_8033.tmp.jpg,2021.0,,2,2,2,2,2,2
my_images/2\ds2_20_10_2021_80B2.tmp.jpg,2021.0,,2,2,2,2,2,2
my_images/2\ds2_20_10_2021_80E6.tmp.jpg,2021.0,,2,2,2,2,1,2
my_images/2\ds2_20_10_2021_8107.tmp.jpg,2021.0,,2,2,3,2,3,2
my_images/2\ds2_20_10_2021_8108.tmp.jpg,2021.0,,2,3,2,2,3,2
my_images/2\ds2_21_09_2021_7CF8.tmp.jpg,2021.0,,2,2,3,2,3,2
my_images/2\ds2_21_09_2021_7ED5.tmp.jpg,2021.0,,2,2,2,2,2,2
my_images/2\ds2_21_09_2021_9051.tmp.jpg,2021.0,,2,2,2,1,2,2
my_images/2\ds2_21_09_2021_B1B.tmp.jpg,2021.0,,2,2,2,2,1,1
my_images/2\ds2_21_09_2021_BAC2.tmp.jpg,2021.0,,2,2,2,2,1,2
my_images/2\ds2_21_09_2021_D809.tmp.jpg,2021.0,,2,2,4,3,4,2
my_images/2\ds2_21_09_2021_E058.tmp.jpg,2021.0,,2,2,1,2,1,2
my_images/2\ds2_21_09_2021_EC7.tmp.jpg,2021.0,,2,2,2,2,2,2
my_images/2\ds2_21_10_2021_397A.tmp.jpg,2021.0,,2,2,2,2,2,2
my_images/2\ds2_21_10_2021_3BA1.tmp.jpg,2021.0,,2,2,2,2,3,2
my_images/2\ds2_21_10_2021_3BF4.tmp.jpg,2021.0,,2,2,2,2,3,2
my_images/2\ds2_21_10_2021_3C17.tmp.jpg,2021.0,,2,2,2,2,2,2
my_images/2\ds2_21_10_2021_3C27.tmp.jpg,2021.0,,2,2,2,2,2,2
my_images/2\ds2_21_10_2021_3C38.tmp.jpg,2021.0,,2,1,1,1,1,1
my_images/2\ds2_21_10_2021_6229.tmp.jpg,2021.0,,2,2,2,3,3,2
my_images/2\ds2_21_10_2021_675A.tmp.jpg,2021.0,,2,2,3,2,2,2
my_images/2\ds2_21_10_2021_67BC.tmp.jpg,2021.0,,2,3,2,2,3,2
my_images/2\ds2_22_03_2022_61BD.tmp.jpg,2022.0,,2,2,2,2,3,3
my_images/2\ds2_22_03_2022_660D.tmp.jpg,2022.0,,2,1,2,2,2,2
my_images/2\ds2_22_03_2022_663E.tmp.jpg,2022.0,,2,2,2,2,2,2
my_images/2\ds2_22_03_2022_69B5.tmp.jpg,2022.0,,2,2,2,2,1,2
my_images/2\ds2_22_03_2022_6BA6.tmp.jpg,2022.0,,2,2,3,2,3,3
my_images/2\ds2_22_03_2022_6C3A.tmp.jpg,2022.0,,2,2,3,3,3,2
my_images/2\ds2_22_03_2022_6FEA.tmp.jpg,2022.0,,2,2,2,2,2,2
my_images/2\ds2_22_03_2022_80EB.tmp.jpg,2022.0,,2,2,2,3,3,2
my_images/2\ds2_22_03_2022_848B.tmp.jpg,2022.0,,2,2,2,2,2,2
my_images/2\ds2_22_03_2022_8BD7.tmp.jpg,2022.0,,2,1,1,2,1,2
my_images/2\ds2_22_03_2022_8C58.tmp.jpg,2022.0,,2,2,2,2,2,2
my_images/2\ds2_22_03_2022_989F.tmp.jpg,2022.0,,2,2,2,2,3,3
my_images/2\ds2_22_03_2022_A147.tmp.jpg,2022.0,,2,2,2,2,2,2
my_images/2\ds2_22_03_2022_A53A.tmp.jpg,2022.0,,2,2,2,2,2,3
my_images/2\ds2_22_03_2022_A5DA.tmp.jpg,2022.0,,2,2,2,2,2,2
my_images/2\ds2_22_03_2022_A62A.tmp.jpg,2022.0,,2,2,1,1,2,2
my_images/2\ds2_22_03_2022_A822.tmp.jpg,2022.0,,2,2,2,2,2,2
my_images/2\ds2_22_03_2022_AA6C.tmp.jpg,2022.0,,2,2,2,2,2,2
my_images/2\ds2_22_03_2022_AABD.tmp.jpg,2022.0,,2,2,2,2,2,2
my_images/2\ds2_22_03_2022_AACD.tmp.jpg,2022.0,,2,2,2,2,3,2
my_images/2\ds2_22_03_2022_AC72.tmp.jpg,2022.0,,2,2,2,2,2,2
my_images/2\ds2_22_03_2022_AD60.tmp.jpg,2022.0,,2,2,2,3,3,3
my_images/2\ds2_22_03_2022_B00A.tmp.jpg,2022.0,,2,2,2,2,2,3
my_images/2\ds2_22_03_2022_B0E9.tmp.jpg,2022.0,,2,2,2,2,3,2
my_images/2\ds2_22_03_2022_B227.tmp.jpg,2022.0,,2,3,2,2,3,2
my_images/2\ds2_22_03_2022_B385.tmp.jpg,2022.0,,2,2,2,2,2,2
my_images/2\ds2_22_03_2022_B474.tmp.jpg,2022.0,,2,2,2,1,2,1
my_images/2\ds2_22_03_2022_B57C.tmp.jpg,2022.0,,2,2,2,2,1,2
my_images/2\ds2_22_03_2022_B60B.tmp.jpg,2022.0,,2,4,2,3,4,2
my_images/2\ds2_22_03_2022_B7C4.tmp.jpg,2022.0,,2,2,2,2,2,2
my_images/2\ds2_22_03_2022_B8D6.tmp.jpg,2022.0,,2,2,2,2,2,2
my_images/2\ds2_22_03_2022_BC09.tmp.jpg,2022.0,,2,2,2,2,2,2
my_images/2\ds2_22_03_2022_BEB3.tmp.jpg,2022.0,,2,2,2,2,2,1
my_images/2\ds2_22_03_2022_C34F.tmp.jpg,2022.0,,2,3,2,3,3,3
my_images/2\ds2_22_03_2022_C410.tmp.jpg,2022.0,,2,2,2,2,2,2
my_images/2\ds2_22_03_2022_C471.tmp.jpg,2022.0,,2,2,2,2,2,2
my_images/2\ds2_22_03_2022_CBA9.tmp.jpg,2022.0,,2,2,2,2,2,2
my_images/2\ds2_22_09_2021_29E6.tmp.jpg,2021.0,,2,2,2,2,2,2
my_images/2\ds2_22_09_2021_2F17.tmp.jpg,2021.0,,2,2,3,3,3,2
my_images/2\ds2_22_09_2021_3264.tmp.jpg,2021.0,,2,1,1,1,1,1
my_images/2\ds2_22_09_2021_902A.tmp.jpg,2021.0,,2,4,2,3,2,2
my_images/2\ds2_22_09_2021_904B.tmp.jpg,2021.0,,2,2,3,2,2,2
my_images/2\ds2_22_09_2021_916B.tmp.jpg,2021.0,,2,2,3,2,3,2
my_images/2\ds2_22_09_2021_917C.tmp.jpg,2021.0,,2,4,2,2,2,2
my_images/2\ds2_22_09_2021_9200.tmp.jpg,2021.0,,2,3,4,3,3,3
my_images/2\ds2_22_09_2021_9221.tmp.jpg,2021.0,,2,2,2,2,2,2
my_images/2\ds2_22_09_2021_92C1.tmp.jpg,2021.0,,2,2,2,3,3,2
my_images/2\ds2_22_09_2021_92D3.tmp.jpg,2021.0,,2,3,2,2,3,2
my_images/2\ds2_22_09_2021_92E4.tmp.jpg,2021.0,,2,2,2,3,3,3
my_images/2\ds2_22_09_2021_95D4.tmp.jpg,2021.0,,2,4,2,3,3,2
my_images/2\ds2_22_10_2021_163.tmp.jpg,2021.0,,2,2,2,2,2,2
my_images/2\ds2_22_10_2021_30.tmp.jpg,2021.0,,2,2,2,2,2,2
my_images/2\ds2_22_10_2021_41C.tmp.jpg,2021.0,,2,2,2,3,2,2
my_images/2\ds2_22_10_2021_49A1.tmp.jpg,2021.0,,2,2,2,3,3,4
my_images/2\ds2_22_10_2021_4A20.tmp.jpg,2021.0,,2,2,2,2,2,3
my_images/2\ds2_22_10_2021_4CD2.tmp.jpg,2021.0,,2,2,2,4,4,2
my_images/2\ds2_22_10_2021_4CF3.tmp.jpg,2021.0,,2,2,2,2,2,2
my_images/2\ds2_22_10_2021_4DA4.tmp.jpg,2021.0,,2,2,2,2,2,2
my_images/2\ds2_22_10_2021_4E27.tmp.jpg,2021.0,,2,2,0,1,1,2
my_images/2\ds2_22_10_2021_71.tmp.jpg,2021.0,,2,3,3,3,3,2
my_images/2\ds2_22_10_2021_B0DC.tmp.jpg,2021.0,,2,2,2,1,0,2
my_images/2\ds2_22_10_2021_FFAB.tmp.jpg,2021.0,,2,2,3,2,3,2
my_images/2\ds2_22_11_2021_6663.tmp.jpg,2021.0,,2,2,2,2,1,2
my_images/2\ds2_22_11_2021_E44A.tmp.jpg,2021.0,,2,2,2,3,3,2
my_images/2\ds2_22_11_2021_E51E.tmp.jpg,2021.0,,2,1,2,2,0,1
my_images/2\ds2_23_03_2022_37F2.tmp.jpg,2022.0,,2,2,2,2,2,2
my_images/2\ds2_23_03_2022_B997.tmp.jpg,2022.0,,2,1,2,2,2,2
my_images/2\ds2_23_03_2022_BAD7.tmp.jpg,2022.0,,2,2,2,1,2,2
my_images/2\ds2_23_03_2022_BBD3.tmp.jpg,2022.0,,2,2,2,2,2,2
my_images/2\ds2_23_03_2022_BDC3.tmp.jpg,2022.0,,2,2,2,2,2,2
my_images/2\ds2_23_03_2022_BDC4.tmp.jpg,2022.0,,2,2,2,2,2,2
my_images/2\ds2_23_03_2022_C190.tmp.jpg,2022.0,,2,2,2,2,2,2
my_images/2\ds2_23_03_2022_D3A3.tmp.jpg,2022.0,,2,2,2,2,2,2
my_images/2\ds2_23_03_2022_D53F.tmp.jpg,2022.0,,2,2,2,2,2,2
my_images/2\ds2_23_03_2022_D834.tmp.jpg,2022.0,,2,2,2,2,3,2
my_images/2\ds2_23_03_2022_D90F.tmp.jpg,2022.0,,2,2,2,2,2,2
my_images/2\ds2_23_09_2021_7B6.tmp.jpg,2021.0,,2,2,2,1,2,2
my_images/2\ds2_23_09_2021_8E1.tmp.jpg,2021.0,,2,2,1,1,1,1
my_images/2\ds2_23_09_2021_B94.tmp.jpg,2021.0,,2,2,2,2,2,2
my_images/2\ds2_23_09_2021_CD1.tmp.jpg,2021.0,,2,1,2,2,2,2
my_images/2\ds2_23_09_2021_CF2.tmp.jpg,2021.0,,2,2,2,2,2,2
my_images/2\ds2_23_09_2021_F38.tmp.jpg,2021.0,,2,2,2,2,2,2
my_images/2\ds2_23_09_2021_FC7.tmp.jpg,2021.0,,2,1,2,1,2,2
my_images/2\ds2_23_09_2021_FF80.tmp.jpg,2021.0,,2,2,4,2,2,2
my_images/2\ds2_24_01_2022_9B15.tmp.jpg,2022.0,,2,1,0,0,0,2
my_images/2\ds2_24_01_2022_9BC9.tmp.jpg,2022.0,,2,0,0,1,1,2
my_images/2\ds2_24_03_2022_5EAA.tmp.jpg,2022.0,,2,2,2,2,2,2
my_images/2\ds2_24_03_2022_5F69.tmp.jpg,2022.0,,2,2,2,2,2,2
my_images/2\ds2_24_03_2022_6B8C.tmp.jpg,2022.0,,2,2,2,2,3,2
my_images/2\ds2_24_03_2022_6D36.tmp.jpg,2022.0,,2,2,2,3,3,2
my_images/2\ds2_24_03_2022_6D76.tmp.jpg,2022.0,,2,2,2,2,2,2
my_images/2\ds2_24_03_2022_6E58.tmp.jpg,2022.0,,2,2,2,2,3,2
my_images/2\ds2_24_03_2022_6E59.tmp.jpg,2022.0,,2,2,2,2,2,2
my_images/2\ds2_24_03_2022_7072.tmp.jpg,2022.0,,2,4,2,3,3,3
my_images/2\ds2_24_03_2022_70A3.tmp.jpg,2022.0,,2,2,2,2,2,2
my_images/2\ds2_24_03_2022_7180.tmp.jpg,2022.0,,2,2,2,1,2,2
my_images/2\ds2_24_03_2022_75F7.tmp.jpg,2022.0,,2,2,2,2,2,1
my_images/2\ds2_24_03_2022_76AE.tmp.jpg,2022.0,,2,2,2,3,3,2
my_images/2\ds2_24_03_2022_76CE.tmp.jpg,2022.0,,2,2,1,2,1,2
my_images/2\ds2_24_03_2022_774F.tmp.jpg,2022.0,,2,0,0,0,0,0
my_images/2\ds2_24_03_2022_7790.tmp.jpg,2022.0,,2,2,2,0,1,2
my_images/2\ds2_24_03_2022_B539.tmp.jpg,2022.0,,2,2,2,2,2,3
my_images/2\ds2_24_03_2022_B5BC.tmp.jpg,2022.0,,2,2,2,2,2,2
my_images/2\ds2_24_03_2022_B5DE.tmp.jpg,2022.0,,2,2,2,1,1,2
my_images/2\ds2_24_06_2022_2FEE.tmp.jpg,2022.0,,2,2,3,2,3,2
my_images/2\ds2_24_06_2022_3241.tmp.jpg,2022.0,,2,2,2,4,3,3
my_images/2\ds2_24_06_2022_339B.tmp.jpg,2022.0,,2,2,2,2,3,2
my_images/2\ds2_24_06_2022_3492.tmp.jpg,2022.0,,2,2,3,2,3,2
my_images/2\ds2_24_06_2022_36D3.tmp.jpg,2022.0,,2,2,2,3,3,2
my_images/2\ds2_24_06_2022_39AC.tmp.jpg,2022.0,,2,2,2,2,2,2
my_images/2\ds2_24_06_2022_3A4F.tmp.jpg,2022.0,,2,1,2,2,2,2
my_images/2\ds2_24_06_2022_3A90.tmp.jpg,2022.0,,2,2,1,2,2,2
my_images/2\ds2_24_06_2022_3B1E.tmp.jpg,2022.0,,2,2,2,2,2,2
my_images/2\ds2_24_06_2022_3B37.tmp.jpg,2022.0,,2,2,1,2,2,2
my_images/2\ds2_24_06_2022_3BD8.tmp.jpg,2022.0,,2,2,2,2,2,2
my_images/2\ds2_24_06_2022_3C13.tmp.jpg,2022.0,,2,3,3,3,3,3
my_images/2\ds2_24_06_2022_3C89.tmp.jpg,2022.0,,2,2,2,2,3,2
my_images/2\ds2_24_06_2022_3CC7.tmp.jpg,2022.0,,2,2,2,3,2,2
my_images/2\ds2_24_06_2022_3D36.tmp.jpg,2022.0,,2,2,1,1,1,2
my_images/2\ds2_24_06_2022_3DD6.tmp.jpg,2022.0,,2,2,2,2,2,2
my_images/2\ds2_24_06_2022_3DD7.tmp.jpg,2022.0,,2,2,2,2,3,2
my_images/2\ds2_24_06_2022_3E12.tmp.jpg,2022.0,,2,1,1,2,1,1
my_images/2\ds2_24_06_2022_3E13.tmp.jpg,2022.0,,2,3,3,3,3,2
my_images/2\ds2_24_06_2022_3E78.tmp.jpg,2022.0,,2,2,2,2,2,2
my_images/2\ds2_24_06_2022_3E9A.tmp.jpg,2022.0,,2,2,2,3,2,4
my_images/2\ds2_24_06_2022_3EF6.tmp.jpg,2022.0,,2,2,2,3,3,4
my_images/2\ds2_24_06_2022_3F0B.tmp.jpg,2022.0,,2,2,2,2,2,2
my_images/2\ds2_24_06_2022_3F27.tmp.jpg,2022.0,,2,2,2,2,2,2
my_images/2\ds2_24_06_2022_3F50.tmp.jpg,2022.0,,2,4,4,4,4,4
my_images/2\ds2_24_06_2022_3F77.tmp.jpg,2022.0,,2,2,2,1,2,2
my_images/2\ds2_24_06_2022_4085.tmp.jpg,2022.0,,2,2,2,2,2,2
my_images/2\ds2_24_06_2022_41A1.tmp.jpg,2022.0,,2,2,1,0,1,2
my_images/2\ds2_24_06_2022_41B2.tmp.jpg,2022.0,,2,2,2,2,2,3
my_images/2\ds2_24_06_2022_41DB.tmp.jpg,2022.0,,2,4,3,4,4,4
my_images/2\ds2_24_06_2022_4233.tmp.jpg,2022.0,,2,2,2,2,2,3
my_images/2\ds2_24_06_2022_43EC.tmp.jpg,2022.0,,2,2,2,2,2,2
my_images/2\ds2_24_06_2022_4420.tmp.jpg,2022.0,,2,2,2,3,2,2
my_images/2\ds2_24_06_2022_442D.tmp.jpg,2022.0,,2,2,3,2,2,2
my_images/2\ds2_24_06_2022_44EA.tmp.jpg,2022.0,,2,2,2,3,3,3
my_images/2\ds2_24_06_2022_4636.tmp.jpg,2022.0,,2,2,2,2,3,3
my_images/2\ds2_24_06_2022_46CB.tmp.jpg,2022.0,,2,2,2,3,3,4
my_images/2\ds2_24_06_2022_493A.tmp.jpg,2022.0,,2,2,2,2,3,2
my_images/2\ds2_24_06_2022_4B4E.tmp.jpg,2022.0,,2,2,2,2,2,2
my_images/2\ds2_24_06_2022_4B61.tmp.jpg,2022.0,,2,2,2,2,3,2
my_images/2\ds2_24_06_2022_4BCE.tmp.jpg,2022.0,,2,2,1,1,0,1
my_images/2\ds2_24_06_2022_4BF0.tmp.jpg,2022.0,,2,2,3,2,3,2
my_images/2\ds2_24_06_2022_4DA9.tmp.jpg,2022.0,,2,2,2,2,2,2
my_images/2\ds2_24_06_2022_4DCA.tmp.jpg,2022.0,,2,2,2,2,2,2
my_images/2\ds2_24_06_2022_4EC8.tmp.jpg,2022.0,,2,2,2,3,3,2
my_images/2\ds2_24_06_2022_4EDA.tmp.jpg,2022.0,,2,2,2,2,2,2
my_images/2\ds2_24_06_2022_4F3D.tmp.jpg,2022.0,,2,0,2,2,2,2
my_images/2\ds2_24_06_2022_4F6F.tmp.jpg,2022.0,,2,1,2,1,2,2
my_images/2\ds2_24_06_2022_4F70.tmp.jpg,2022.0,,2,2,2,2,3,2
my_images/2\ds2_24_06_2022_51AE.tmp.jpg,2022.0,,2,3,2,3,3,2
my_images/2\ds2_24_06_2022_51BE.tmp.jpg,2022.0,,2,2,2,2,2,2
my_images/2\ds2_24_06_2022_51E0.tmp.jpg,2022.0,,2,2,2,2,3,3
my_images/2\ds2_24_06_2022_55D3.tmp.jpg,2022.0,,2,4,2,3,2,2
my_images/2\ds2_24_06_2022_560C.tmp.jpg,2022.0,,2,2,2,2,2,2
my_images/2\ds2_24_06_2022_575C.tmp.jpg,2022.0,,2,2,2,2,2,2
my_images/2\ds2_24_06_2022_5B38.tmp.jpg,2022.0,,2,2,2,2,2,2
my_images/2\ds2_24_06_2022_5BF5.tmp.jpg,2022.0,,2,2,2,2,2,3
my_images/2\ds2_24_06_2022_5C07.tmp.jpg,2022.0,,2,2,4,2,3,2
my_images/2\ds2_24_06_2022_5E15.tmp.jpg,2022.0,,2,2,2,2,2,3
my_images/2\ds2_24_06_2022_5FC6.tmp.jpg,2022.0,,2,2,2,2,2,2
my_images/2\ds2_24_06_2022_6055.tmp.jpg,2022.0,,2,2,2,2,2,2
my_images/2\ds2_24_06_2022_6095.tmp.jpg,2022.0,,2,2,2,2,3,2
my_images/2\ds2_24_06_2022_61B7.tmp.jpg,2022.0,,2,2,2,4,3,2
my_images/2\ds2_24_06_2022_6226.tmp.jpg,2022.0,,2,2,2,2,2,2
my_images/2\ds2_24_06_2022_6234.tmp.jpg,2022.0,,2,2,2,2,2,2
my_images/2\ds2_24_06_2022_62C5.tmp.jpg,2022.0,,2,2,2,2,2,2
my_images/2\ds2_24_06_2022_6366.tmp.jpg,2022.0,,2,2,2,2,3,2
my_images/2\ds2_24_06_2022_641A.tmp.jpg,2022.0,,2,2,2,1,2,2
my_images/2\ds2_24_06_2022_656E.tmp.jpg,2022.0,,2,2,2,2,2,2
my_images/2\ds2_24_06_2022_65C6.tmp.jpg,2022.0,,2,2,2,2,2,2
my_images/2\ds2_24_06_2022_680B.tmp.jpg,2022.0,,2,2,2,2,3,2
my_images/2\ds2_24_06_2022_6830.tmp.jpg,2022.0,,2,2,2,2,3,2
my_images/2\ds2_24_06_2022_69E6.tmp.jpg,2022.0,,2,2,2,2,2,2
my_images/2\ds2_24_06_2022_6A57.tmp.jpg,2022.0,,2,2,2,2,2,2
my_images/2\ds2_24_06_2022_6BA0.tmp.jpg,2022.0,,2,2,2,2,2,2
my_images/2\ds2_24_06_2022_6BD4.tmp.jpg,2022.0,,2,2,2,2,3,2
my_images/2\ds2_24_06_2022_6CA3.tmp.jpg,2022.0,,2,0,0,2,0,2
my_images/2\ds2_24_06_2022_6CA4.tmp.jpg,2022.0,,2,2,2,2,2,2
my_images/2\ds2_24_06_2022_6CA6.tmp.jpg,2022.0,,2,2,2,2,2,2
my_images/2\ds2_24_06_2022_6D1A.tmp.jpg,2022.0,,2,3,2,2,3,2
my_images/2\ds2_24_06_2022_6D2B.tmp.jpg,2022.0,,2,4,4,3,3,4
my_images/2\ds2_24_06_2022_6D55.tmp.jpg,2022.0,,2,2,2,3,3,4
my_images/2\ds2_24_06_2022_6D5B.tmp.jpg,2022.0,,2,2,2,2,2,2
my_images/2\ds2_24_06_2022_6D67.tmp.jpg,2022.0,,2,2,2,3,4,2
my_images/2\ds2_24_06_2022_6D7E.tmp.jpg,2022.0,,2,1,2,1,0,0
my_images/2\ds2_24_06_2022_6E86.tmp.jpg,2022.0,,2,2,2,2,2,2
my_images/2\ds2_24_06_2022_6E87.tmp.jpg,2022.0,,2,2,2,2,2,2
my_images/2\ds2_24_06_2022_6EBA.tmp.jpg,2022.0,,2,2,2,2,4,2
my_images/2\ds2_24_06_2022_6ECA.tmp.jpg,2022.0,,2,3,3,3,3,2
my_images/2\ds2_24_06_2022_6F1F.tmp.jpg,2022.0,,2,2,2,3,2,2
my_images/2\ds2_24_06_2022_6FFC.tmp.jpg,2022.0,,2,2,2,2,2,2
my_images/2\ds2_24_06_2022_73DB.tmp.jpg,2022.0,,2,1,0,0,0,0
my_images/2\ds2_24_06_2022_73EC.tmp.jpg,2022.0,,2,2,2,2,1,2
my_images/2\ds2_24_06_2022_748A.tmp.jpg,2022.0,,2,2,2,2,2,2
my_images/2\ds2_24_06_2022_74CB.tmp.jpg,2022.0,,2,2,2,2,2,2
my_images/2\ds2_24_06_2022_75C0.tmp.jpg,2022.0,,2,2,4,0,0,0
my_images/2\ds2_24_06_2022_75C1.tmp.jpg,2022.0,,2,2,2,3,3,2
my_images/2\ds2_24_06_2022_7618.tmp.jpg,2022.0,,2,2,2,2,2,2
my_images/2\ds2_24_06_2022_77AA.tmp.jpg,2022.0,,2,3,2,2,4,2
my_images/2\ds2_24_06_2022_7A1F.tmp.jpg,2022.0,,2,2,2,2,2,2
my_images/2\ds2_24_06_2022_7DEC.tmp.jpg,2022.0,,2,4,2,3,3,2
my_images/2\ds2_24_06_2022_7F4C.tmp.jpg,2022.0,,2,4,4,4,4,4
my_images/2\ds2_24_06_2022_7F6.tmp.jpg,2022.0,,2,4,2,3,3,4
my_images/2\ds2_24_06_2022_7FBB.tmp.jpg,2022.0,,2,2,2,2,3,2
my_images/2\ds2_24_06_2022_805A.tmp.jpg,2022.0,,2,2,2,3,3,2
my_images/2\ds2_24_06_2022_80BA.tmp.jpg,2022.0,,2,2,2,2,2,2
my_images/2\ds2_24_06_2022_80BB.tmp.jpg,2022.0,,2,2,2,2,2,2
my_images/2\ds2_24_06_2022_812B.tmp.jpg,2022.0,,2,3,2,2,3,2
my_images/2\ds2_24_06_2022_8192.tmp.jpg,2022.0,,2,2,3,2,2,2
my_images/2\ds2_24_06_2022_81EB.tmp.jpg,2022.0,,2,1,2,3,3,2
my_images/2\ds2_24_06_2022_827B.tmp.jpg,2022.0,,2,2,2,2,2,2
my_images/2\ds2_24_06_2022_82D4.tmp.jpg,2022.0,,2,2,2,1,2,2
my_images/2\ds2_24_06_2022_8307.tmp.jpg,2022.0,,2,2,2,2,3,2
my_images/2\ds2_24_06_2022_8415.tmp.jpg,2022.0,,2,2,2,2,2,2
my_images/2\ds2_24_06_2022_8470.tmp.jpg,2022.0,,2,2,2,2,2,2
my_images/2\ds2_24_06_2022_8531.tmp.jpg,2022.0,,2,2,3,3,3,2
my_images/2\ds2_24_06_2022_8552.tmp.jpg,2022.0,,2,2,2,2,2,2
my_images/2\ds2_24_06_2022_861D.tmp.jpg,2022.0,,2,2,2,2,2,2
my_images/2\ds2_24_06_2022_861E.tmp.jpg,2022.0,,2,4,2,2,3,2
my_images/2\ds2_24_06_2022_865D.tmp.jpg,2022.0,,2,2,3,2,3,2
my_images/2\ds2_24_06_2022_866E.tmp.jpg,2022.0,,2,2,2,2,2,2
my_images/2\ds2_24_06_2022_8673.tmp.jpg,2022.0,,2,2,3,2,3,2
my_images/2\ds2_24_06_2022_868F.tmp.jpg,2022.0,,2,2,2,2,3,2
my_images/2\ds2_24_06_2022_876D.tmp.jpg,2022.0,,2,2,3,3,3,2
my_images/2\ds2_24_06_2022_877F.tmp.jpg,2022.0,,2,2,0,2,2,1
my_images/2\ds2_24_06_2022_8800.tmp.jpg,2022.0,,2,4,2,4,4,2
my_images/2\ds2_24_06_2022_8811.tmp.jpg,2022.0,,2,2,2,2,3,2
my_images/2\ds2_24_06_2022_8984.tmp.jpg,2022.0,,2,1,1,2,2,2
my_images/2\ds2_24_06_2022_8A82.tmp.jpg,2022.0,,2,1,1,2,1,1
my_images/2\ds2_24_06_2022_8B12.tmp.jpg,2022.0,,2,2,2,2,2,2
my_images/2\ds2_24_06_2022_8B71.tmp.jpg,2022.0,,2,2,2,1,2,2
my_images/2\ds2_24_06_2022_8E6.tmp.jpg,2022.0,,2,2,2,3,3,2
my_images/2\ds2_24_06_2022_91B3.tmp.jpg,2022.0,,2,0,0,0,3,0
my_images/2\ds2_24_06_2022_9283.tmp.jpg,2022.0,,2,1,1,2,2,2
my_images/2\ds2_24_06_2022_9293.tmp.jpg,2022.0,,2,2,2,2,2,2
my_images/2\ds2_24_06_2022_9412.tmp.jpg,2022.0,,2,2,2,2,2,2
my_images/2\ds2_24_06_2022_9491.tmp.jpg,2022.0,,2,2,2,2,2,3
my_images/2\ds2_24_06_2022_979B.tmp.jpg,2022.0,,2,1,1,1,1,2
my_images/2\ds2_24_06_2022_9918.tmp.jpg,2022.0,,2,2,2,2,2,2
my_images/2\ds2_24_06_2022_99D5.tmp.jpg,2022.0,,2,2,2,2,2,2
my_images/2\ds2_24_06_2022_99FB.tmp.jpg,2022.0,,2,2,1,2,2,2
my_images/2\ds2_24_06_2022_9BCC.tmp.jpg,2022.0,,2,2,2,2,4,2
my_images/2\ds2_24_06_2022_9BFD.tmp.jpg,2022.0,,2,2,2,1,2,1
my_images/2\ds2_24_06_2022_9C80.tmp.jpg,2022.0,,2,2,3,2,2,2
my_images/2\ds2_24_06_2022_9CE1.tmp.jpg,2022.0,,2,2,2,2,2,2
my_images/2\ds2_24_06_2022_9E2.tmp.jpg,2022.0,,2,2,2,3,3,2
my_images/2\ds2_24_06_2022_9F35.tmp.jpg,2022.0,,2,2,2,2,3,2
my_images/2\ds2_24_06_2022_A005.tmp.jpg,2022.0,,2,2,2,2,3,3
my_images/2\ds2_24_06_2022_A077.tmp.jpg,2022.0,,2,2,2,2,2,2
my_images/2\ds2_24_06_2022_A097.tmp.jpg,2022.0,,2,2,2,2,2,2
my_images/2\ds2_24_06_2022_A22E.tmp.jpg,2022.0,,2,2,2,3,2,2
my_images/2\ds2_24_06_2022_ABF.tmp.jpg,2022.0,,2,2,2,2,3,2
my_images/2\ds2_24_06_2022_AD2F.tmp.jpg,2022.0,,2,2,2,1,2,2
my_images/2\ds2_24_06_2022_AF27.tmp.jpg,2022.0,,2,2,2,2,2,2
my_images/2\ds2_24_06_2022_B5F0.tmp.jpg,2022.0,,2,2,2,3,3,2
my_images/2\ds2_24_06_2022_B66F.tmp.jpg,2022.0,,2,2,2,3,3,2
my_images/2\ds2_24_06_2022_B6BF.tmp.jpg,2022.0,,2,3,2,2,2,2
my_images/2\ds2_24_06_2022_B6E0.tmp.jpg,2022.0,,2,2,2,2,2,2
my_images/2\ds2_24_06_2022_B821.tmp.jpg,2022.0,,2,2,2,2,2,2
my_images/2\ds2_24_06_2022_B8E7.tmp.jpg,2022.0,,2,2,2,2,2,2
my_images/2\ds2_24_06_2022_B8E8.tmp.jpg,2022.0,,2,2,2,2,2,2
my_images/2\ds2_24_06_2022_B919.tmp.jpg,2022.0,,2,2,2,3,3,2
my_images/2\ds2_24_06_2022_B939.tmp.jpg,2022.0,,2,2,2,2,2,2
my_images/2\ds2_24_06_2022_B93A.tmp.jpg,2022.0,,2,2,2,2,2,2
my_images/2\ds2_24_06_2022_B9CF.tmp.jpg,2022.0,,2,2,2,2,2,2
my_images/2\ds2_24_06_2022_C853.tmp.jpg,2022.0,,2,2,2,2,2,2
my_images/2\ds2_24_06_2022_D260.tmp.jpg,2022.0,,2,3,2,2,2,2
my_images/2\ds2_24_06_2022_D37E.tmp.jpg,2022.0,,2,2,1,2,2,2
my_images/2\ds2_24_06_2022_D42D.tmp.jpg,2022.0,,2,2,2,1,2,2
my_images/2\ds2_24_06_2022_D46F.tmp.jpg,2022.0,,2,2,2,2,3,3
my_images/2\ds2_24_06_2022_D492.tmp.jpg,2022.0,,2,0,2,2,1,2
my_images/2\ds2_24_06_2022_D4A4.tmp.jpg,2022.0,,2,2,2,2,3,2
my_images/2\ds2_24_06_2022_D591.tmp.jpg,2022.0,,2,2,2,1,2,2
my_images/2\ds2_24_06_2022_D670.tmp.jpg,2022.0,,2,2,3,2,2,2
my_images/2\ds2_24_06_2022_D962.tmp.jpg,2022.0,,2,1,1,1,1,1
my_images/2\ds2_24_06_2022_D9E5.tmp.jpg,2022.0,,2,2,2,2,2,2
my_images/2\ds2_24_06_2022_DB55.tmp.jpg,2022.0,,2,2,2,1,2,2
my_images/2\ds2_24_06_2022_DD48.tmp.jpg,2022.0,,2,1,1,2,0,2
my_images/2\ds2_24_06_2022_DD6A.tmp.jpg,2022.0,,2,2,1,2,2,2
my_images/2\ds2_24_06_2022_DD9B.tmp.jpg,2022.0,,2,2,2,3,3,2
my_images/2\ds2_24_06_2022_DE0D.tmp.jpg,2022.0,,2,2,2,2,2,2
my_images/2\ds2_24_06_2022_DE43.tmp.jpg,2022.0,,2,2,3,2,3,2
my_images/2\ds2_24_06_2022_DE8D.tmp.jpg,2022.0,,2,2,2,2,2,2
my_images/2\ds2_24_06_2022_DEBE.tmp.jpg,2022.0,,2,2,2,3,2,2
my_images/2\ds2_24_06_2022_DF6C.tmp.jpg,2022.0,,2,2,2,2,2,2
my_images/2\ds2_24_06_2022_E124.tmp.jpg,2022.0,,2,3,2,2,3,2
my_images/2\ds2_24_06_2022_E411.tmp.jpg,2022.0,,2,4,2,4,3,2
my_images/2\ds2_24_06_2022_E83E.tmp.jpg,2022.0,,2,2,2,2,2,3
my_images/2\ds2_24_06_2022_E8A0.tmp.jpg,2022.0,,2,4,4,4,4,4
my_images/2\ds2_24_06_2022_E971.tmp.jpg,2022.0,,2,2,4,3,3,2
my_images/2\ds2_24_06_2022_EA21.tmp.jpg,2022.0,,2,2,2,2,2,1
my_images/2\ds2_24_06_2022_EA68.tmp.jpg,2022.0,,2,2,2,2,2,2
my_images/2\ds2_24_06_2022_EA80.tmp.jpg,2022.0,,2,2,3,2,3,2
my_images/2\ds2_24_06_2022_EB29.tmp.jpg,2022.0,,2,4,2,3,3,3
my_images/2\ds2_24_06_2022_EB40.tmp.jpg,2022.0,,2,2,2,1,2,2
my_images/2\ds2_24_06_2022_ED19.tmp.jpg,2022.0,,2,2,1,1,2,2
my_images/2\ds2_24_06_2022_EE5B.tmp.jpg,2022.0,,2,1,2,2,2,2
my_images/2\ds2_24_09_2021_222.tmp.jpg,2021.0,,2,2,2,2,2,2
my_images/2\ds2_24_09_2021_F9E6.tmp.jpg,2021.0,,2,2,2,2,3,3
my_images/2\ds2_24_09_2021_FDC8.tmp.jpg,2021.0,,2,2,2,2,2,2
my_images/2\ds2_24_09_2021_FE49.tmp.jpg,2021.0,,2,2,2,2,2,2
my_images/2\ds2_25_03_2022_3211.tmp.jpg,2022.0,,2,2,3,2,2,2
my_images/2\ds2_25_03_2022_33F3.tmp.jpg,2022.0,,2,0,1,1,1,0
my_images/2\ds2_25_03_2022_35A6.tmp.jpg,2022.0,,2,2,2,2,3,2
my_images/2\ds2_25_03_2022_35C6.tmp.jpg,2022.0,,2,2,4,3,3,2
my_images/2\ds2_25_03_2022_35C7.tmp.jpg,2022.0,,2,2,2,1,2,2
my_images/2\ds2_25_03_2022_35D8.tmp.jpg,2022.0,,2,2,2,2,2,1
my_images/2\ds2_25_03_2022_368D.tmp.jpg,2022.0,,2,2,2,2,2,1
my_images/2\ds2_25_03_2022_3B10.tmp.jpg,2022.0,,2,1,2,2,2,2
my_images/2\ds2_25_03_2022_9A49.tmp.jpg,2022.0,,2,2,2,2,3,2
my_images/2\ds2_25_03_2022_9A8C.tmp.jpg,2022.0,,2,2,2,2,2,2
my_images/2\ds2_25_03_2022_BE1E.tmp.jpg,2022.0,,2,4,3,3,4,3
my_images/2\ds2_25_03_2022_BE94.tmp.jpg,2022.0,,2,2,2,2,2,2
my_images/2\ds2_25_03_2022_BEC9.tmp.jpg,2022.0,,2,2,2,2,2,2
my_images/2\ds2_25_04_2022_2078.tmp.jpg,2022.0,,2,2,2,2,2,2
my_images/2\ds2_25_04_2022_2125.tmp.jpg,2022.0,,2,3,2,3,3,3
my_images/2\ds2_25_04_2022_21F8.tmp.jpg,2022.0,,2,2,2,2,3,2
my_images/2\ds2_25_04_2022_221A.tmp.jpg,2022.0,,2,2,2,3,3,2
my_images/2\ds2_25_04_2022_2299.tmp.jpg,2022.0,,2,2,2,3,2,2
my_images/2\ds2_25_04_2022_2421.tmp.jpg,2022.0,,2,2,4,3,3,3
my_images/2\ds2_25_04_2022_268D.tmp.jpg,2022.0,,2,2,2,2,2,2
my_images/2\ds2_25_04_2022_26ED.tmp.jpg,2022.0,,2,2,2,2,2,2
my_images/2\ds2_25_04_2022_270E.tmp.jpg,2022.0,,2,2,2,2,2,2
my_images/2\ds2_25_04_2022_7A49.tmp.jpg,2022.0,,2,3,3,2,2,2
my_images/2\ds2_25_04_2022_7F75.tmp.jpg,2022.0,,2,2,2,2,2,2
my_images/2\ds2_25_04_2022_8105.tmp.jpg,2022.0,,2,0,0,2,1,3
my_images/2\ds2_25_04_2022_88C1.tmp.jpg,2022.0,,2,2,2,2,2,2
my_images/2\ds2_25_04_2022_8962.tmp.jpg,2022.0,,2,2,2,2,2,2
my_images/2\ds2_25_04_2022_8992.tmp.jpg,2022.0,,2,3,2,3,3,3
my_images/2\ds2_25_04_2022_89A2.tmp.jpg,2022.0,,2,2,2,2,2,2
my_images/2\ds2_25_04_2022_8D5D.tmp.jpg,2022.0,,2,2,2,3,2,2
my_images/2\ds2_25_04_2022_8DDE.tmp.jpg,2022.0,,2,2,2,2,2,2
my_images/2\ds2_25_04_2022_911E.tmp.jpg,2022.0,,2,2,3,3,2,2
my_images/2\ds2_25_04_2022_95E3.tmp.jpg,2022.0,,2,2,2,2,3,2
my_images/2\ds2_25_04_2022_9623.tmp.jpg,2022.0,,2,2,2,2,2,2
my_images/2\ds2_25_04_2022_9A0D.tmp.jpg,2022.0,,2,1,2,2,2,2
my_images/2\ds2_25_04_2022_9A3E.tmp.jpg,2022.0,,2,2,3,2,2,2
my_images/2\ds2_25_04_2022_9B1E.tmp.jpg,2022.0,,2,2,2,2,2,3
my_images/2\ds2_25_04_2022_9B2E.tmp.jpg,2022.0,,2,3,2,2,3,2
my_images/2\ds2_25_04_2022_AC19.tmp.jpg,2022.0,,2,2,2,2,2,2
my_images/2\ds2_25_10_2021_2A4.tmp.jpg,2021.0,,2,2,2,2,2,2
my_images/2\ds2_25_10_2021_304.tmp.jpg,2021.0,,2,2,2,2,2,2
my_images/2\ds2_25_10_2021_332A.tmp.jpg,2021.0,,2,2,2,2,2,2
my_images/2\ds2_25_10_2021_364.tmp.jpg,2021.0,,2,2,2,2,2,2
my_images/2\ds2_25_10_2021_3856.tmp.jpg,2021.0,,2,3,2,2,2,2
my_images/2\ds2_25_10_2021_3A78.tmp.jpg,2021.0,,2,1,1,1,1,1
my_images/2\ds2_25_10_2021_481.tmp.jpg,2021.0,,2,2,2,2,2,2
my_images/2\ds2_25_10_2021_8E2.tmp.jpg,2021.0,,2,2,1,2,1,2
my_images/2\ds2_25_10_2021_B47.tmp.jpg,2021.0,,2,3,2,3,3,2
my_images/2\ds2_25_10_2021_D34B.tmp.jpg,2021.0,,2,2,1,2,2,2
my_images/2\ds2_25_10_2021_D5A7.tmp.jpg,2021.0,,2,2,2,2,2,2
my_images/2\ds2_25_10_2021_D5A8.tmp.jpg,2021.0,,2,2,2,2,2,2
my_images/2\ds2_25_10_2021_D5B9.tmp.jpg,2021.0,,2,2,2,2,2,2
my_images/2\ds2_25_10_2021_D5BA.tmp.jpg,2021.0,,2,2,2,2,3,4
my_images/2\ds2_25_10_2021_D5FB.tmp.jpg,2021.0,,2,2,2,2,2,2
my_images/2\ds2_26_10_2021_3B00.tmp.jpg,2021.0,,2,2,2,2,2,2
my_images/2\ds2_26_10_2021_3BA0.tmp.jpg,2021.0,,2,2,2,1,2,2
my_images/2\ds2_26_10_2021_40C8.tmp.jpg,2021.0,,2,2,2,1,2,2
my_images/2\ds2_26_10_2021_41C4.tmp.jpg,2021.0,,2,2,2,2,2,2
my_images/2\ds2_26_10_2021_41F7.tmp.jpg,2021.0,,2,2,3,3,3,2
my_images/2\ds2_26_10_2021_4674.tmp.jpg,2021.0,,2,2,2,2,3,2
my_images/2\ds2_26_10_2021_5230.tmp.jpg,2021.0,,2,1,1,1,1,0
my_images/2\ds2_26_10_2021_ACC6.tmp.jpg,2021.0,,2,1,1,1,1,2
my_images/2\ds2_26_10_2021_AEBC.tmp.jpg,2021.0,,2,2,3,2,3,2
my_images/2\ds2_26_10_2021_B7FA.tmp.jpg,2021.0,,2,2,1,1,1,2
my_images/2\ds2_26_10_2021_B96A.tmp.jpg,2021.0,,2,2,2,2,2,2
my_images/2\ds2_26_10_2021_B98B.tmp.jpg,2021.0,,2,2,2,1,2,1
my_images/2\ds2_26_10_2021_C800.tmp.jpg,2021.0,,2,2,2,2,2,3
my_images/2\ds2_26_10_2021_CBE0.tmp.jpg,2021.0,,2,2,2,2,2,2
my_images/2\ds2_26_10_2021_D111.tmp.jpg,2021.0,,2,2,1,1,1,2
my_images/2\ds2_26_10_2021_DA93.tmp.jpg,2021.0,,2,2,2,2,2,2
my_images/2\ds2_26_10_2021_EF32.tmp.jpg,2021.0,,2,2,2,3,2,2
my_images/2\ds2_27_01_2022_7E9C.tmp.jpg,2022.0,,2,1,2,2,2,2
my_images/2\ds2_27_01_2022_7EAD.tmp.jpg,2022.0,,2,2,2,2,1,2
my_images/2\ds2_27_01_2022_8009.tmp.jpg,2022.0,,2,2,1,1,1,2
my_images/2\ds2_27_04_2022_2DCA.tmp.jpg,2022.0,,2,3,2,2,3,2
my_images/2\ds2_27_04_2022_2EB8.tmp.jpg,2022.0,,2,2,2,2,2,2
my_images/2\ds2_27_04_2022_33E2.tmp.jpg,2022.0,,2,2,2,2,2,1
my_images/2\ds2_27_04_2022_3BD5.tmp.jpg,2022.0,,2,2,2,2,2,2
my_images/2\ds2_27_04_2022_8AE8.tmp.jpg,2022.0,,2,2,3,3,3,2
my_images/2\ds2_27_04_2022_8BD7.tmp.jpg,2022.0,,2,2,2,2,2,2
my_images/2\ds2_27_04_2022_8CF6.tmp.jpg,2022.0,,2,2,2,3,3,2
my_images/2\ds2_27_04_2022_8D37.tmp.jpg,2022.0,,2,2,3,3,3,3
my_images/2\ds2_27_04_2022_8E08.tmp.jpg,2022.0,,2,2,2,3,3,2
my_images/2\ds2_27_04_2022_8E29.tmp.jpg,2022.0,,2,0,0,0,3,4
my_images/2\ds2_27_04_2022_8F19.tmp.jpg,2022.0,,2,2,2,2,3,2
my_images/2\ds2_27_04_2022_9017.tmp.jpg,2022.0,,2,0,0,0,2,2
my_images/2\ds2_27_04_2022_9096.tmp.jpg,2022.0,,2,0,0,0,4,0
my_images/2\ds2_27_04_2022_9177.tmp.jpg,2022.0,,2,2,3,3,3,2
my_images/2\ds2_27_04_2022_A9CF.tmp.jpg,2022.0,,2,2,3,2,2,2
my_images/2\ds2_27_04_2022_ACB3.tmp.jpg,2022.0,,2,2,2,2,2,2
my_images/2\ds2_27_04_2022_BDD4.tmp.jpg,2022.0,,2,2,3,3,3,2
my_images/2\ds2_27_04_2022_C299.tmp.jpg,2022.0,,2,1,2,2,1,2
my_images/2\ds2_27_04_2022_C7C9.tmp.jpg,2022.0,,2,3,4,2,3,3
my_images/2\ds2_27_04_2022_F556.tmp.jpg,2022.0,,2,2,2,2,2,2
my_images/2\ds2_27_04_2022_F6D1.tmp.jpg,2022.0,,2,2,2,2,2,2
my_images/2\ds2_27_09_2021_33EE.tmp.jpg,2021.0,,2,2,2,1,2,2
my_images/2\ds2_27_09_2021_3529.tmp.jpg,2021.0,,2,3,2,2,3,2
my_images/2\ds2_27_09_2021_380F.tmp.jpg,2021.0,,2,2,2,2,2,2
my_images/2\ds2_27_09_2021_394E.tmp.jpg,2021.0,,2,1,2,2,3,2
my_images/2\ds2_27_10_2021_576B.tmp.jpg,2021.0,,2,3,2,2,2,2
my_images/2\ds2_27_10_2021_5990.tmp.jpg,2021.0,,2,2,2,1,2,2
my_images/2\ds2_27_10_2021_835F.tmp.jpg,2021.0,,2,2,3,2,2,2
my_images/2\ds2_27_10_2021_839F.tmp.jpg,2021.0,,2,2,1,2,2,2
my_images/2\ds2_27_10_2021_844D.tmp.jpg,2021.0,,2,2,2,2,2,2
my_images/2\ds2_27_10_2021_849F.tmp.jpg,2021.0,,2,2,2,2,3,2
my_images/2\ds2_27_10_2021_84D1.tmp.jpg,2021.0,,2,2,2,3,3,2
my_images/2\ds2_27_10_2021_84F5.tmp.jpg,2021.0,,2,2,2,3,3,2
my_images/2\ds2_27_10_2021_8526.tmp.jpg,2021.0,,2,2,2,2,3,2
my_images/2\ds2_27_10_2021_8527.tmp.jpg,2021.0,,2,1,2,2,1,2
my_images/2\ds2_27_10_2021_8636.tmp.jpg,2021.0,,2,4,2,3,3,2
my_images/2\ds2_27_10_2021_DA10.tmp.jpg,2021.0,,2,2,2,2,2,2
my_images/2\ds2_27_10_2021_DB5E.tmp.jpg,2021.0,,2,2,2,3,2,2
my_images/2\ds2_27_10_2021_DCC7.tmp.jpg,2021.0,,2,2,2,2,2,2
my_images/2\ds2_27_10_2021_DCD8.tmp.jpg,2021.0,,2,2,2,3,3,2
my_images/2\ds2_28_03_2022_21A4.tmp.jpg,2022.0,,2,2,2,2,2,2
my_images/2\ds2_28_03_2022_2370.tmp.jpg,2022.0,,2,2,1,1,2,1
my_images/2\ds2_28_03_2022_2381.tmp.jpg,2022.0,,2,2,4,3,2,2
my_images/2\ds2_28_03_2022_23E3.tmp.jpg,2022.0,,2,2,2,3,2,2
my_images/2\ds2_28_03_2022_2446.tmp.jpg,2022.0,,2,2,2,2,1,1
my_images/2\ds2_28_03_2022_24AC.tmp.jpg,2022.0,,2,2,2,2,1,2
my_images/2\ds2_28_03_2022_2533.tmp.jpg,2022.0,,2,2,2,2,1,1
my_images/2\ds2_28_03_2022_25A4.tmp.jpg,2022.0,,2,2,2,2,2,2
my_images/2\ds2_28_03_2022_B01B.tmp.jpg,2022.0,,2,1,2,1,0,1
my_images/2\ds2_28_03_2022_B07E.tmp.jpg,2022.0,,2,1,2,2,2,2
my_images/2\ds2_28_03_2022_B0F2.tmp.jpg,2022.0,,2,2,1,1,2,2
my_images/2\ds2_28_03_2022_B16A.tmp.jpg,2022.0,,2,2,2,2,2,2
my_images/2\ds2_28_03_2022_B1AE.tmp.jpg,2022.0,,2,2,2,2,0,2
my_images/2\ds2_28_03_2022_B1BF.tmp.jpg,2022.0,,2,3,2,2,2,2
my_images/2\ds2_28_09_2021_40F0.tmp.jpg,2021.0,,2,2,2,3,3,2
my_images/2\ds2_28_09_2021_44A8.tmp.jpg,2021.0,,2,2,2,2,2,2
my_images/2\ds2_28_09_2021_4668.tmp.jpg,2021.0,,2,2,2,2,2,2
my_images/2\ds2_28_09_2021_9BB6.tmp.jpg,2021.0,,2,2,2,2,3,2
my_images/2\ds2_28_09_2021_9BF8.tmp.jpg,2021.0,,2,3,2,2,2,2
my_images/2\ds2_28_09_2021_9C28.tmp.jpg,2021.0,,2,2,2,2,2,2
my_images/2\ds2_28_09_2021_9C6B.tmp.jpg,2021.0,,2,2,2,2,3,2
my_images/2\ds2_28_09_2021_9D1B.tmp.jpg,2021.0,,2,2,0,1,2,2
my_images/2\ds2_28_10_2021_109C.tmp.jpg,2021.0,,2,2,1,1,1,2
my_images/2\ds2_28_10_2021_114E.tmp.jpg,2021.0,,2,2,2,2,2,2
my_images/2\ds2_28_10_2021_12C9.tmp.jpg,2021.0,,2,1,1,1,1,2
my_images/2\ds2_28_10_2021_85A4.tmp.jpg,2021.0,,2,2,2,2,2,2
my_images/2\ds2_28_10_2021_866B.tmp.jpg,2021.0,,2,2,2,2,2,2
my_images/2\ds2_28_10_2021_866C.tmp.jpg,2021.0,,2,2,2,2,2,2
my_images/2\ds2_28_10_2021_872F.tmp.jpg,2021.0,,2,2,2,2,3,2
my_images/2\ds2_28_10_2021_8783.tmp.jpg,2021.0,,2,3,2,2,3,2
my_images/2\ds2_28_10_2021_8794.tmp.jpg,2021.0,,2,2,3,2,2,2
my_images/2\ds2_28_10_2021_8795.tmp.jpg,2021.0,,2,2,2,2,2,2
my_images/2\ds2_28_10_2021_8828.tmp.jpg,2021.0,,2,2,2,2,2,2
my_images/2\ds2_28_10_2021_8933.tmp.jpg,2021.0,,2,2,2,2,2,2
my_images/2\ds2_28_10_2021_A297.tmp.jpg,2021.0,,2,2,2,2,2,2
my_images/2\ds2_28_10_2021_A3D1.tmp.jpg,2021.0,,2,2,2,1,2,2
my_images/2\ds2_28_10_2021_A887.tmp.jpg,2021.0,,2,3,2,2,2,2
my_images/2\ds2_28_10_2021_A92D.tmp.jpg,2021.0,,2,1,2,2,2,2
my_images/2\ds2_29_03_2022_5481.tmp.jpg,2022.0,,2,2,2,2,4,2
my_images/2\ds2_29_03_2022_54C1.tmp.jpg,2022.0,,2,2,2,2,2,2
my_images/2\ds2_29_03_2022_5555.tmp.jpg,2022.0,,2,2,0,0,2,2
my_images/2\ds2_29_03_2022_5577.tmp.jpg,2022.0,,2,2,2,1,2,2
my_images/2\ds2_29_03_2022_F01E.tmp.jpg,2022.0,,2,3,2,2,3,2
my_images/2\ds2_29_03_2022_F41C.tmp.jpg,2022.0,,2,2,2,2,2,2
my_images/2\ds2_29_03_2022_F44F.tmp.jpg,2022.0,,2,2,2,2,2,2
my_images/2\ds2_29_03_2022_F45F.tmp.jpg,2022.0,,2,2,2,1,2,2
my_images/2\ds2_29_03_2022_F4A1.tmp.jpg,2022.0,,2,2,2,3,2,2
my_images/2\ds2_29_03_2022_F543.tmp.jpg,2022.0,,2,2,2,2,2,2
my_images/2\ds2_29_03_2022_F564.tmp.jpg,2022.0,,2,2,2,2,1,1
my_images/2\ds2_29_03_2022_F5F4.tmp.jpg,2022.0,,2,2,1,2,2,2
my_images/2\ds2_29_03_2022_F646.tmp.jpg,2022.0,,2,2,1,1,1,2
my_images/2\ds2_29_03_2022_F688.tmp.jpg,2022.0,,2,3,3,3,3,3
my_images/2\ds2_29_04_2022_41B3.tmp.jpg,2022.0,,2,4,4,4,3,4
my_images/2\ds2_29_04_2022_5DAD.tmp.jpg,2022.0,,2,2,2,2,3,2
my_images/2\ds2_29_04_2022_613A.tmp.jpg,2022.0,,2,2,2,2,2,2
my_images/2\ds2_29_04_2022_618B.tmp.jpg,2022.0,,2,2,2,2,3,2
my_images/2\ds2_29_04_2022_62F7.tmp.jpg,2022.0,,2,2,1,2,2,1
my_images/2\ds2_29_04_2022_6347.tmp.jpg,2022.0,,2,2,2,1,1,2
my_images/2\ds2_29_04_2022_658F.tmp.jpg,2022.0,,2,0,1,2,0,2
my_images/2\ds2_29_04_2022_6A54.tmp.jpg,2022.0,,2,2,3,3,3,3
my_images/2\ds2_29_04_2022_E285.tmp.jpg,2022.0,,2,2,4,2,2,2
my_images/2\ds2_29_04_2022_E335.tmp.jpg,2022.0,,2,2,2,2,2,2
my_images/2\ds2_29_04_2022_E376.tmp.jpg,2022.0,,2,2,2,3,2,2
my_images/2\ds2_29_04_2022_E6AC.tmp.jpg,2022.0,,2,2,2,2,2,2
my_images/2\ds2_29_09_2021_2972.tmp.jpg,2021.0,,2,3,2,3,3,2
my_images/2\ds2_29_09_2021_29E6.tmp.jpg,2021.0,,2,3,3,2,2,2
my_images/2\ds2_29_09_2021_2A4C.tmp.jpg,2021.0,,2,4,2,2,3,2
my_images/2\ds2_29_09_2021_71AD.tmp.jpg,2021.0,,2,2,2,2,1,2
my_images/2\ds2_30_03_2022_6459.tmp.jpg,2022.0,,2,1,2,1,2,2
my_images/2\ds2_30_03_2022_657A.tmp.jpg,2022.0,,2,2,1,2,2,2
my_images/2\ds2_30_03_2022_7E3A.tmp.jpg,2022.0,,2,2,2,2,2,2
my_images/2\ds2_30_03_2022_81DE.tmp.jpg,2022.0,,2,2,2,2,3,2
my_images/2\ds2_30_03_2022_832E.tmp.jpg,2022.0,,2,2,2,2,3,2
my_images/2\ds2_30_03_2022_84F0.tmp.jpg,2022.0,,2,2,2,2,2,2
my_images/2\ds2_30_03_2022_861C.tmp.jpg,2022.0,,2,3,2,3,3,2
my_images/2\ds2_30_03_2022_87C8.tmp.jpg,2022.0,,2,2,2,2,3,3
my_images/2\ds2_30_03_2022_89A5.tmp.jpg,2022.0,,2,2,3,3,3,3
my_images/2\ds2_30_03_2022_89A6.tmp.jpg,2022.0,,2,2,2,2,3,2
my_images/2\ds2_30_03_2022_CC58.tmp.jpg,2022.0,,2,2,2,2,4,2
my_images/2\ds2_30_09_2021_1C72.tmp.jpg,2021.0,,2,2,2,3,3,2
my_images/2\ds2_30_09_2021_1D11.tmp.jpg,2021.0,,2,2,2,2,2,2
my_images/2\ds2_30_09_2021_1E8B.tmp.jpg,2021.0,,2,2,2,2,2,2
my_images/2\ds2_30_09_2021_207A.tmp.jpg,2021.0,,2,2,2,2,2,2
my_images/2\ds2_30_09_2021_5465.tmp.jpg,2021.0,,2,2,2,2,2,2
my_images/2\ds2_30_09_2021_54A7.tmp.jpg,2021.0,,2,2,1,2,2,2
my_images/2\ds2_30_09_2021_552A.tmp.jpg,2021.0,,2,2,2,2,2,2
my_images/2\ds2_30_09_2021_5D5C.tmp.jpg,2021.0,,2,2,2,2,2,2
my_images/2\ds2_30_09_2021_5F24.tmp.jpg,2021.0,,2,1,2,2,2,2
my_images/2\ds2_30_09_2021_61CF.tmp.jpg,2021.0,,2,2,2,2,2,2
my_images/2\ds2_30_09_2021_625E.tmp.jpg,2021.0,,2,2,2,2,2,2
my_images/3\ds1_1002_B_-22.9668070008758_-47.1472494725098.jpg,-22.9668070008758,-47.1472494725098,3,2,3,3,3,3
my_images/3\ds1_1009_B_-22.9677418202528_-47.1471133132281.jpg,-22.9677418202528,-47.1471133132281,3,2,3,2,3,3
my_images/3\ds1_1011_B_-22.9652686650539_-47.1474332250468.jpg,-22.9652686650539,-47.1474332250468,3,3,3,2,3,3
my_images/3\ds1_1012_B_-22.9653278945522_-47.1474266537193.jpg,-22.9653278945522,-47.1474266537193,3,2,2,3,3,3
my_images/3\ds1_1016_B_-22.9676469767188_-47.1471294624134.jpg,-22.9676469767188,-47.1471294624134,3,1,3,3,3,3
my_images/3\ds1_1023_B_-22.9675493246361_-47.1471329885417.jpg,-22.9675493246361,-47.1471329885417,3,3,3,3,3,3
my_images/3\ds1_1026_B_-22.967461042729_-47.1471446585648.jpg,-22.967461042729,-47.1471446585648,3,2,3,3,4,3
my_images/3\ds1_1027_B_-22.9672870324976_-47.1471794474606.jpg,-22.9672870324976,-47.1471794474606,3,4,3,3,4,3
my_images/3\ds1_1030_B_-22.9670804664238_-47.147198022574.jpg,-22.9670804664238,-47.147198022574,3,2,3,3,3,3
my_images/3\ds1_1043_B_-22.9680617055023_-47.1453117899914.jpg,-22.9680617055023,-47.1453117899914,3,3,3,3,3,3
my_images/3\ds1_1056_B_-22.9663570561024_-47.1430494181433.jpg,-22.9663570561024,-47.1430494181433,3,3,3,3,4,3
my_images/3\ds1_1088_B_-22.9647770422122_-47.1462994426426.jpg,-22.9647770422122,-47.1462994426426,3,3,4,3,4,3
my_images/3\ds1_1094_B_-22.9649962492865_-47.1439985745335.jpg,-22.9649962492865,-47.1439985745335,3,3,3,3,2,3
my_images/3\ds1_1097_B_-22.9692341354259_-47.1471265671046.jpg,-22.9692341354259,-47.1471265671046,3,3,3,3,3,2
my_images/3\ds1_1099_B_-22.9694541186727_-47.1472257250879.jpg,-22.9694541186727,-47.1472257250879,3,3,3,3,3,3
my_images/3\ds1_1101_B_-22.9683853847926_-47.1470751968904.jpg,-22.9683853847926,-47.1470751968904,3,3,3,3,3,3
my_images/3\ds1_1102_B_-22.9695045670534_-47.1472490976716.jpg,-22.9695045670534,-47.1472490976716,3,2,3,3,3,3
my_images/3\ds1_1112_B_-22.9688176043636_-47.1469570742672.jpg,-22.9688176043636,-47.1469570742672,3,3,4,3,4,3
my_images/3\ds1_1120_B_-22.9669769683382_-47.1477794852994.jpg,-22.9669769683382,-47.1477794852994,3,3,3,3,4,3
my_images/3\ds1_1123_B_-22.9693832229256_-47.1464869949963.jpg,-22.9693832229256,-47.1464869949963,3,3,3,3,3,3
my_images/3\ds1_1135_B_-22.9664246263229_-47.1466475220031.jpg,-22.9664246263229,-47.1466475220031,3,3,3,2,3,3
my_images/3\ds1_1136_B_-22.9679201701935_-47.1466970799534.jpg,-22.9679201701935,-47.1466970799534,3,2,3,1,3,1
my_images/3\ds1_1138_B_-22.9658717106379_-47.1467378805936.jpg,-22.9658717106379,-47.1467378805936,3,3,3,3,3,3
my_images/3\ds1_1139_B_-22.9658048054328_-47.1470280534724.jpg,-22.9658048054328,-47.1470280534724,3,4,3,3,4,4
my_images/3\ds1_1140_B_-22.9654020950113_-47.1470401389123.jpg,-22.9654020950113,-47.1470401389123,3,2,3,3,3,3
my_images/3\ds1_1190_B_-22.9651764296901_-47.1435143062392.jpg,-22.9651764296901,-47.1435143062392,3,3,3,3,3,3
my_images/3\ds1_1200_B_-22.9682070538291_-47.1456494516475.jpg,-22.9682070538291,-47.1456494516475,3,1,1,1,1,1
my_images/3\ds1_1203_B_-22.9688139337747_-47.1455926630731.jpg,-22.9688139337747,-47.1455926630731,3,3,3,3,3,3
my_images/3\ds1_1209_B_-22.9672989616981_-47.1455477493312.jpg,-22.9672989616981,-47.1455477493312,3,3,3,3,3,3
my_images/3\ds1_1212_B_-22.9673083688547_-47.147694351593.jpg,-22.9673083688547,-47.147694351593,3,2,3,3,4,3
my_images/3\ds1_1221_B_-22.9670561928752_-47.1449191114064.jpg,-22.9670561928752,-47.1449191114064,3,3,3,3,4,3
my_images/3\ds1_1224_C_-22.9412450937848_-47.0983006965501.jpg,-22.9412450937848,-47.0983006965501,3,3,3,3,3,3
my_images/3\ds1_1237_C_-22.9449105834766_-47.0995319761256.jpg,-22.9449105834766,-47.0995319761256,3,2,2,1,3,1
my_images/3\ds1_1245_C_-22.9393151027237_-47.0980806144738.jpg,-22.9393151027237,-47.0980806144738,3,1,3,2,3,3
my_images/3\ds1_1248_C_-22.939718312421_-47.0981917730551.jpg,-22.939718312421,-47.0981917730551,3,2,4,3,3,3
my_images/3\ds1_1256_C_-22.9448819537723_-47.0980861796155.jpg,-22.9448819537723,-47.0980861796155,3,2,2,2,3,2
my_images/3\ds1_1265_C_-22.9408223664273_-47.09932914257.jpg,-22.9408223664273,-47.09932914257,3,3,3,3,3,3
my_images/3\ds1_1268_C_-22.9418154038192_-47.0988587683068.jpg,-22.9418154038192,-47.0988587683068,3,3,3,3,3,3
my_images/3\ds1_1271_C_-22.9431480344175_-47.0990159274039.jpg,-22.9431480344175,-47.0990159274039,3,2,3,3,3,3
my_images/3\ds1_1280_C_-22.9438147250067_-47.0989297013882.jpg,-22.9438147250067,-47.0989297013882,3,3,3,3,3,3
my_images/3\ds1_1287_C_-22.9394814510487_-47.0992044190101.jpg,-22.9394814510487,-47.0992044190101,3,4,3,3,3,3
my_images/3\ds1_1293_C_-22.942481226134_-47.0991587942499.jpg,-22.942481226134,-47.0991587942499,3,1,0,1,3,1
my_images/3\ds1_1297_C_-22.943155095153_-47.0994306746574.jpg,-22.943155095153,-47.0994306746574,3,3,3,3,3,3
my_images/3\ds1_1304_C_-22.9435804478137_-47.1005707009346.jpg,-22.9435804478137,-47.1005707009346,3,1,3,1,3,1
my_images/3\ds1_1312_C_-22.9434780205581_-47.0984795436091.jpg,-22.9434780205581,-47.0984795436091,3,2,2,2,1,1
my_images/3\ds1_1313_C_-22.9437846691489_-47.0983625070657.jpg,-22.9437846691489,-47.0983625070657,3,2,1,1,1,1
my_images/3\ds1_1321_C_-22.9387803282811_-47.0983717557007.jpg,-22.9387803282811,-47.0983717557007,3,3,3,3,3,3
my_images/3\ds1_1322_C_-22.9390235487215_-47.0984217189725.jpg,-22.9390235487215,-47.0984217189725,3,2,2,3,3,1
my_images/3\ds1_1328_C_-22.9429421671085_-47.1020005109919.jpg,-22.9429421671085,-47.1020005109919,3,3,3,3,3,3
my_images/3\ds1_132_A_-22.9911604899533_-47.1232183807699.jpg,-22.9911604899533,-47.1232183807699,3,1,3,1,1,1
my_images/3\ds1_1330_C_-22.9421788773435_-47.1002126988308.jpg,-22.9421788773435,-47.1002126988308,3,1,3,2,3,1
my_images/3\ds1_1342_C_-22.9440785190353_-47.0996149629812.jpg,-22.9440785190353,-47.0996149629812,3,4,3,2,3,3
my_images/3\ds1_1375_C_-22.942524858461_-47.0998256351779.jpg,-22.942524858461,-47.0998256351779,3,3,3,3,3,3
my_images/3\ds1_1381_C_-22.9410437761116_-47.1008216468662.jpg,-22.9410437761116,-47.1008216468662,3,1,1,1,2,1
my_images/3\ds1_1396_C_-22.9402651197273_-47.1011806674539.jpg,-22.9402651197273,-47.1011806674539,3,3,3,3,3,3
my_images/3\ds1_1408_C_-22.9429708297784_-47.1008949032626.jpg,-22.9429708297784,-47.1008949032626,3,3,3,3,3,3
my_images/3\ds1_1410_C_-22.9429751267775_-47.1011907631553.jpg,-22.9429751267775,-47.1011907631553,3,3,3,3,3,3
my_images/3\ds1_1419_C_-22.9451227338813_-47.1002848878084.jpg,-22.9451227338813,-47.1002848878084,3,3,3,3,3,3
my_images/3\ds1_142_A_-22.9914574466493_-47.1244107143501.jpg,-22.9914574466493,-47.1244107143501,3,2,1,2,3,1
my_images/3\ds1_1436_C_-22.9392608574283_-47.0984680815846.jpg,-22.9392608574283,-47.0984680815846,3,4,4,4,4,3
my_images/3\ds1_1442_C_-22.9402811274968_-47.0987850733638.jpg,-22.9402811274968,-47.0987850733638,3,3,3,3,3,3
my_images/3\ds1_1444_C_-22.9385750889741_-47.0988906468844.jpg,-22.9385750889741,-47.0988906468844,3,3,3,3,3,3
my_images/3\ds1_1445_C_-22.9386651734943_-47.0990906241104.jpg,-22.9386651734943,-47.0990906241104,3,0,3,3,3,2
my_images/3\ds1_1457_C_-22.9416118621788_-47.09828887607.jpg,-22.9416118621788,-47.09828887607,3,4,4,3,3,4
my_images/3\ds1_1461_C_-22.9393169945338_-47.0998144995653.jpg,-22.9393169945338,-47.0998144995653,3,3,4,4,3,3
my_images/3\ds1_1463_C_-22.9399357327199_-47.1000580629379.jpg,-22.9399357327199,-47.1000580629379,3,4,4,3,3,3
my_images/3\ds1_1464_C_-22.9402530044799_-47.100224193612.jpg,-22.9402530044799,-47.100224193612,3,3,2,3,3,3
my_images/3\ds1_1465_C_-22.9391251256322_-47.0976505786382.jpg,-22.9391251256322,-47.0976505786382,3,1,3,1,3,1
my_images/3\ds1_1466_C_-22.9381726964806_-47.0977543532715.jpg,-22.9381726964806,-47.0977543532715,3,3,3,3,4,3
my_images/3\ds1_1468_C_-22.9386751205621_-47.0978405670846.jpg,-22.9386751205621,-47.0978405670846,3,3,3,3,3,3
my_images/3\ds1_1484_C_-22.9402938958273_-47.0975861220047.jpg,-22.9402938958273,-47.0975861220047,3,3,3,3,3,3
my_images/3\ds1_1485_C_-22.940067929752_-47.0983007669081.jpg,-22.940067929752,-47.0983007669081,3,2,3,2,3,3
my_images/3\ds1_1492_C_-22.9432451658707_-47.0987107133202.jpg,-22.9432451658707,-47.0987107133202,3,3,3,3,3,3
my_images/3\ds1_1494_C_-22.943775125209_-47.0986606901919.jpg,-22.943775125209,-47.0986606901919,3,2,3,3,3,4
my_images/3\ds1_1495_C_-22.9439917212587_-47.098598566342.jpg,-22.9439917212587,-47.098598566342,3,3,3,3,3,3
my_images/3\ds1_1498_C_-22.9451563639138_-47.0983667199839.jpg,-22.9451563639138,-47.0983667199839,3,2,3,2,3,3
my_images/3\ds1_1505_C_-22.9432582178471_-47.100314539609.jpg,-22.9432582178471,-47.100314539609,3,3,4,3,4,4
my_images/3\ds1_1506_C_-22.9431751638347_-47.0995107339198.jpg,-22.9431751638347,-47.0995107339198,3,3,3,3,4,3
my_images/3\ds1_1512_C_-22.9443042127673_-47.0981784169596.jpg,-22.9443042127673,-47.0981784169596,3,2,3,3,3,3
my_images/3\ds1_1513_C_-22.9425544604547_-47.0985702583258.jpg,-22.9425544604547,-47.0985702583258,3,3,3,4,4,4
my_images/3\ds1_1518_C_-22.9433647523454_-47.1019453247796.jpg,-22.9433647523454,-47.1019453247796,3,3,3,3,4,3
my_images/3\ds1_1520_C_-22.9420736938677_-47.1002382502707.jpg,-22.9420736938677,-47.1002382502707,3,0,3,3,3,1
my_images/3\ds1_1521_C_-22.9419813614993_-47.1002234921005.jpg,-22.9419813614993,-47.1002234921005,3,3,3,3,4,3
my_images/3\ds1_1522_C_-22.9421712563176_-47.099839414514.jpg,-22.9421712563176,-47.099839414514,3,2,3,3,3,3
my_images/3\ds1_1524_C_-22.942486488693_-47.1001383920753.jpg,-22.942486488693,-47.1001383920753,3,3,4,3,3,3
my_images/3\ds1_1525_C_-22.9435290577727_-47.0996841948195.jpg,-22.9435290577727,-47.0996841948195,3,2,3,3,3,3
my_images/3\ds1_1529_C_-22.9441488235588_-47.0996143180469.jpg,-22.9441488235588,-47.0996143180469,3,3,3,3,3,1
my_images/3\ds1_1530_C_-22.9441097222496_-47.0999647764693.jpg,-22.9441097222496,-47.0999647764693,3,4,3,3,4,4
my_images/3\ds1_1531_C_-22.9442851650818_-47.099610744758.jpg,-22.9442851650818,-47.099610744758,3,3,3,3,3,3
my_images/3\ds1_1533_C_-22.9443545661219_-47.0996061597777.jpg,-22.9443545661219,-47.0996061597777,3,3,4,3,3,3
my_images/3\ds1_1534_C_-22.9446731640227_-47.0995449576506.jpg,-22.9446731640227,-47.0995449576506,3,3,4,3,3,3
my_images/3\ds1_1540_C_-22.9425620591471_-47.1009645864492.jpg,-22.9425620591471,-47.1009645864492,3,3,3,3,4,3
my_images/3\ds1_1541_C_-22.9414888874039_-47.101107952623.jpg,-22.9414888874039,-47.101107952623,3,3,3,3,3,3
my_images/3\ds1_1544_C_-22.9391860144816_-47.0997606265174.jpg,-22.9391860144816,-47.0997606265174,3,3,4,3,3,3
my_images/3\ds1_1548_C_-22.9401864826319_-47.1001815610287.jpg,-22.9401864826319,-47.1001815610287,3,2,3,2,3,3
my_images/3\ds1_1549_C_-22.9404569727008_-47.100019635882.jpg,-22.9404569727008,-47.100019635882,3,3,3,3,3,3
my_images/3\ds1_1552_C_-22.9414651269445_-47.1000206318611.jpg,-22.9414651269445,-47.1000206318611,3,2,3,3,3,3
my_images/3\ds1_1553_C_-22.9417431756768_-47.1002883254966.jpg,-22.9417431756768,-47.1002883254966,3,3,3,3,3,3
my_images/3\ds1_1555_C_-22.9431125465799_-47.1011792745522.jpg,-22.9431125465799,-47.1011792745522,3,3,3,3,3,3
my_images/3\ds1_1556_C_-22.9388487002675_-47.1003063062772.jpg,-22.9388487002675,-47.1003063062772,3,4,3,3,4,3
my_images/3\ds1_1559_C_-22.9390951540013_-47.1004406754058.jpg,-22.9390951540013,-47.1004406754058,3,3,3,2,3,3
my_images/3\ds1_1561_C_-22.9391851516646_-47.1005106985775.jpg,-22.9391851516646,-47.1005106985775,3,4,4,3,3,4
my_images/3\ds1_1562_C_-22.9392957964483_-47.1005265963991.jpg,-22.9392957964483,-47.1005265963991,3,4,4,4,4,4
my_images/3\ds1_1575_C_-22.9419667589135_-47.1013295895967.jpg,-22.9419667589135,-47.1013295895967,3,3,3,3,3,3
my_images/3\ds1_1576_C_-22.9422874339435_-47.1012950915341.jpg,-22.9422874339435,-47.1012950915341,3,3,3,3,3,3
my_images/3\ds1_1579_C_-22.9450575157979_-47.1003810473961.jpg,-22.9450575157979,-47.1003810473961,3,3,3,3,3,3
my_images/3\ds1_1582_C_-22.9414939149999_-47.0993831400608.jpg,-22.9414939149999,-47.0993831400608,3,3,0,0,3,3
my_images/3\ds1_1587_C_-22.9404287073237_-47.0986636796825.jpg,-22.9404287073237,-47.0986636796825,3,3,3,3,3,3
my_images/3\ds1_1588_C_-22.9384672915048_-47.0983026115316.jpg,-22.9384672915048,-47.0983026115316,3,3,3,3,3,3
my_images/3\ds1_1589_C_-22.9394551592981_-47.0985506321261.jpg,-22.9394551592981,-47.0985506321261,3,3,3,3,3,3
my_images/3\ds1_1590_C_-22.9396151709731_-47.0985906352977.jpg,-22.9396151709731,-47.0985906352977,3,2,3,3,3,3
my_images/3\ds1_1592_C_-22.9397451211819_-47.0986506476912.jpg,-22.9397451211819,-47.0986506476912,3,3,3,3,3,3
my_images/3\ds1_1595_C_-22.9401689206031_-47.0991277871162.jpg,-22.9401689206031,-47.0991277871162,3,3,3,3,3,3
my_images/3\ds1_1596_C_-22.938149087317_-47.0979964663391.jpg,-22.938149087317,-47.0979964663391,3,3,3,3,3,3
my_images/3\ds1_1597_C_-22.9386451520799_-47.0990206098242.jpg,-22.9386451520799,-47.0990206098242,3,3,3,3,3,3
my_images/3\ds1_1600_C_-22.9392483187924_-47.1011265327327.jpg,-22.9392483187924,-47.1011265327327,3,3,3,2,3,3
my_images/3\ds1_1675_M_-22.9708844245237_-47.1309482409913.jpg,-22.9708844245237,-47.1309482409913,3,2,2,2,3,2
my_images/3\ds1_1707_M_-22.9730771660446_-47.1343723427562.jpg,-22.9730771660446,-47.1343723427562,3,4,4,4,4,0
my_images/3\ds1_1730_M_-22.968039821787_-47.1332746393775.jpg,-22.968039821787,-47.1332746393775,3,3,4,3,4,3
my_images/3\ds1_1733_M_-22.9681083645002_-47.1332469509515.jpg,-22.9681083645002,-47.1332469509515,3,2,3,2,2,1
my_images/3\ds1_1745_M_-22.9698875782842_-47.1339358360343.jpg,-22.9698875782842,-47.1339358360343,3,3,3,2,3,3
my_images/3\ds1_1767_M_-22.9726004885456_-47.1321975045172.jpg,-22.9726004885456,-47.1321975045172,3,3,3,3,3,3
my_images/3\ds1_1791_M_-22.9717642965686_-47.1344400016269.jpg,-22.9717642965686,-47.1344400016269,3,2,2,2,2,3
my_images/3\ds1_1802_M_-22.9692352948805_-47.1306160755164.jpg,-22.9692352948805,-47.1306160755164,3,3,2,3,3,3
my_images/3\ds1_1804_M_-22.9693485036655_-47.1309194526874.jpg,-22.9693485036655,-47.1309194526874,3,3,4,3,3,4
my_images/3\ds1_1809_M_-22.9697823922248_-47.1307286079523.jpg,-22.9697823922248,-47.1307286079523,3,2,3,3,3,3
my_images/3\ds1_1814_M_-22.9694689752101_-47.1306491909283.jpg,-22.9694689752101,-47.1306491909283,3,2,3,3,3,3
my_images/3\ds1_1818_M_-22.9733075651423_-47.1336300853064.jpg,-22.9733075651423,-47.1336300853064,3,2,3,3,3,3
my_images/3\ds1_1822_M_-22.9733630355817_-47.1336813716906.jpg,-22.9733630355817,-47.1336813716906,3,3,3,3,3,3
my_images/3\ds1_1824_M_-22.9734090838467_-47.1333483838834.jpg,-22.9734090838467,-47.1333483838834,3,3,3,3,3,3
my_images/3\ds1_1826_M_-22.9734708496857_-47.1338082738262.jpg,-22.9734708496857,-47.1338082738262,3,3,3,2,3,3
my_images/3\ds1_1854_M_-22.9700592150139_-47.1317899738161.jpg,-22.9700592150139,-47.1317899738161,3,3,3,2,3,3
my_images/3\ds1_1874_M_-22.9719219830915_-47.1303290382365.jpg,-22.9719219830915,-47.1303290382365,3,3,3,3,3,3
my_images/3\ds1_1881_M_-22.9716213749051_-47.1310495202424.jpg,-22.9716213749051,-47.1310495202424,3,3,3,3,3,3
my_images/3\ds1_1895_M_-22.970562243357_-47.132643183719.jpg,-22.970562243357,-47.132643183719,3,3,3,3,3,4
my_images/3\ds1_1898_M_-22.9705755474253_-47.1328018489044.jpg,-22.9705755474253,-47.1328018489044,3,2,3,2,3,2
my_images/3\ds1_1899_M_-22.969043513409_-47.1335687041853.jpg,-22.969043513409,-47.1335687041853,3,2,4,3,3,3
my_images/3\ds1_1900_M_-22.9691336614167_-47.1335391125298.jpg,-22.9691336614167,-47.1335391125298,3,3,3,3,3,3
my_images/3\ds1_1901_M_-22.9692004692157_-47.13348604408.jpg,-22.9692004692157,-47.13348604408,3,2,3,2,3,2
my_images/3\ds1_1902_M_-22.9695526163841_-47.1337064914948.jpg,-22.9695526163841,-47.1337064914948,3,3,3,3,3,3
my_images/3\ds1_1906_M_-22.9697995943227_-47.1336304141338.jpg,-22.9697995943227,-47.1336304141338,3,3,3,3,3,3
my_images/3\ds1_1909_M_-22.9700530416416_-47.1335566809538.jpg,-22.9700530416416,-47.1335566809538,3,3,3,3,3,3
my_images/3\ds1_1921_M_-22.9686802331792_-47.1336788373655.jpg,-22.9686802331792,-47.1336788373655,3,3,3,3,4,3
my_images/3\ds1_1927_M_-22.9739041026604_-47.1331507996659.jpg,-22.9739041026604,-47.1331507996659,3,3,3,3,3,3
my_images/3\ds1_1933_M_-22.9740151361528_-47.1332934523026.jpg,-22.9740151361528,-47.1332934523026,3,4,4,4,4,4
my_images/3\ds1_1934_M_-22.9739657981628_-47.1332292928207.jpg,-22.9739657981628,-47.1332292928207,3,4,4,3,4,3
my_images/3\ds1_1939_M_-22.9743932634839_-47.1337167561594.jpg,-22.9743932634839,-47.1337167561594,3,3,4,3,3,3
my_images/3\ds1_1947_M_-22.9726414870259_-47.1352964524153.jpg,-22.9726414870259,-47.1352964524153,3,3,3,2,3,3
my_images/3\ds1_1971_M_-22.968620691306_-47.1310450314812.jpg,-22.968620691306,-47.1310450314812,3,3,3,2,3,3
my_images/3\ds1_1973_M_-22.9686780176577_-47.1310188234218.jpg,-22.9686780176577,-47.1310188234218,3,3,3,3,3,3
my_images/3\ds1_1977_M_-22.9700188357209_-47.1325965368326.jpg,-22.9700188357209,-47.1325965368326,3,3,4,4,3,4
my_images/3\ds1_1979_M_-22.9690902651343_-47.1311615160897.jpg,-22.9690902651343,-47.1311615160897,3,2,3,2,3,2
my_images/3\ds1_1987_M_-22.9697198468662_-47.1361247543671.jpg,-22.9697198468662,-47.1361247543671,3,3,3,3,3,3
my_images/3\ds1_1993_M_-22.9733817468646_-47.1340216953542.jpg,-22.9733817468646,-47.1340216953542,3,3,3,3,3,3
my_images/3\ds1_2032_M_-22.968992045298_-47.1354468285508.jpg,-22.968992045298,-47.1354468285508,3,2,3,3,3,2
my_images/3\ds1_2033_M_-22.9691036381264_-47.1354236293649.jpg,-22.9691036381264,-47.1354236293649,3,3,3,3,3,3
my_images/3\ds1_2034_M_-22.9693417650911_-47.135652096268.jpg,-22.9693417650911,-47.135652096268,3,3,3,3,3,3
my_images/3\ds1_2110_M_-22.9691232233048_-47.1311708623139.jpg,-22.9691232233048,-47.1311708623139,3,2,2,2,3,2
my_images/3\ds1_2113_M_-22.9696147250933_-47.1308992290688.jpg,-22.9696147250933,-47.1308992290688,3,3,4,3,3,3
my_images/3\ds1_2114_M_-22.9696087799238_-47.131006434306.jpg,-22.9696087799238,-47.131006434306,3,3,3,3,3,3
my_images/3\ds1_2120_M_-22.9735451170238_-47.1334717309452.jpg,-22.9735451170238,-47.1334717309452,3,0,0,2,1,1
my_images/3\ds1_2125_M_-22.9729098031897_-47.1331047502117.jpg,-22.9729098031897,-47.1331047502117,3,3,3,3,3,3
my_images/3\ds1_2132_M_-22.9702004945059_-47.1317913920438.jpg,-22.9702004945059,-47.1317913920438,3,3,3,2,3,3
my_images/3\ds1_2133_M_-22.970112017407_-47.1317977427107.jpg,-22.970112017407,-47.1317977427107,3,1,3,2,3,1
my_images/3\ds1_2145_M_-22.9713622963836_-47.1301098363612.jpg,-22.9713622963836,-47.1301098363612,3,3,3,3,3,3
my_images/3\ds1_2146_M_-22.971272_-47.130072.jpg,-22.971272,-47.130072,3,3,3,3,3,3
my_images/3\ds1_2147_M_-22.971260293006_-47.1300747587318.jpg,-22.971260293006,-47.1300747587318,3,2,3,2,3,3
my_images/3\ds1_2189_M_-22.9732998165411_-47.1325447158041.jpg,-22.9732998165411,-47.1325447158041,3,3,3,3,3,3
my_images/3\ds1_2220_M_-22.9721045280238_-47.1346735060995.jpg,-22.9721045280238,-47.1346735060995,3,3,3,3,3,1
my_images/3\ds1_347_A_-22.9895520371975_-47.1202400239501.jpg,-22.9895520371975,-47.1202400239501,3,3,3,3,3,3
my_images/3\ds1_498_A_-22.9891474213475_-47.1197394460899.jpg,-22.9891474213475,-47.1197394460899,3,2,3,2,2,2
my_images/3\ds1_544_B_-22.967760_-47.145576.jpg,-22.96776,-47.145576,3,2,1,3,3,1
my_images/3\ds1_558_B_-22.9682121332461_-47.1459011057947.jpg,-22.9682121332461,-47.1459011057947,3,0,1,1,1,1
my_images/3\ds1_584_B_-22.9680893289221_-47.1451815947573.jpg,-22.9680893289221,-47.1451815947573,3,4,4,4,4,4
my_images/3\ds1_588_B_-22.9678229734538_-47.1460815869929.jpg,-22.9678229734538,-47.1460815869929,3,4,3,3,3,3
my_images/3\ds1_589_B_-22.9679073662252_-47.1460770704465.jpg,-22.9679073662252,-47.1460770704465,3,3,3,3,3,3
my_images/3\ds1_606_B_-22.9657761871083_-47.1431171024896.jpg,-22.9657761871083,-47.1431171024896,3,1,1,2,2,1
my_images/3\ds1_613_B_-22.9651668951908_-47.1431655840732.jpg,-22.9651668951908,-47.1431655840732,3,4,3,3,4,3
my_images/3\ds1_615_B_-22.9671730373527_-47.1430744858519.jpg,-22.9671730373527,-47.1430744858519,3,2,1,1,3,1
my_images/3\ds1_617_B_-22.9671417289111_-47.1430728215747.jpg,-22.9671417289111,-47.1430728215747,3,3,3,3,3,3
my_images/3\ds1_645_B_-22.968584721479_-47.1424212219374.jpg,-22.968584721479,-47.1424212219374,3,3,3,3,3,2
my_images/3\ds1_648_B_-22.9689506991489_-47.1426261125149.jpg,-22.9689506991489,-47.1426261125149,3,3,3,3,3,3
my_images/3\ds1_652_B_-22.9693649709384_-47.1478798648804.jpg,-22.9693649709384,-47.1478798648804,3,3,3,3,3,3
my_images/3\ds1_654_B_-22.9692058942153_-47.1478121139466.jpg,-22.9692058942153,-47.1478121139466,3,4,4,3,3,3
my_images/3\ds1_673_B_-22.9666916662789_-47.1460122207593.jpg,-22.9666916662789,-47.1460122207593,3,3,3,3,4,3
my_images/3\ds1_674_B_-22.9665402811615_-47.1460298171895.jpg,-22.9665402811615,-47.1460298171895,3,2,3,3,3,3
my_images/3\ds1_682_B_-22.9651461224382_-47.1464682106601.jpg,-22.9651461224382,-47.1464682106601,3,3,3,3,3,3
my_images/3\ds1_683_B_-22.9651145888168_-47.1462365231414.jpg,-22.9651145888168,-47.1462365231414,3,3,3,3,3,3
my_images/3\ds1_705_B_-22.9692816045714_-47.1471358125956.jpg,-22.9692816045714,-47.1471358125956,3,3,3,2,2,2
my_images/3\ds1_715_B_-22.9672675447636_-47.1474448499254.jpg,-22.9672675447636,-47.1474448499254,3,3,3,3,3,3
my_images/3\ds1_716_B_-22.9682877559985_-47.1460707971501.jpg,-22.9682877559985,-47.1460707971501,3,4,3,3,3,3
my_images/3\ds1_723_B_-22.9693256259045_-47.146752319397.jpg,-22.9693256259045,-47.146752319397,3,3,3,2,2,3
my_images/3\ds1_729_B_-22.9684133710465_-47.146122610077.jpg,-22.9684133710465,-47.146122610077,3,4,4,3,4,4
my_images/3\ds1_72_A_-22.9905438421926_-47.119076820767.jpg,-22.9905438421926,-47.119076820767,3,3,3,3,3,3
my_images/3\ds1_730_B_-22.968606390273_-47.1461842645064.jpg,-22.968606390273,-47.1461842645064,3,2,3,3,3,3
my_images/3\ds1_738_B_-22.9690248930249_-47.1463438733136.jpg,-22.9690248930249,-47.1463438733136,3,2,3,2,2,2
my_images/3\ds1_739_B_-22.9670521615346_-47.1465681584726.jpg,-22.9670521615346,-47.1465681584726,3,3,3,3,3,3
my_images/3\ds1_74_A_-22.9905035471477_-47.1189437501052.jpg,-22.9905035471477,-47.1189437501052,3,3,3,3,1,2
my_images/3\ds1_752_B_-22.9656439362342_-47.1467718198812.jpg,-22.9656439362342,-47.1467718198812,3,3,3,3,3,3
my_images/3\ds1_755_B_-22.9653952116608_-47.1468031850663.jpg,-22.9653952116608,-47.1468031850663,3,3,2,3,3,3
my_images/3\ds1_759_B_-22.964947013734_-47.1468694240878.jpg,-22.964947013734,-47.1468694240878,3,1,3,3,3,1
my_images/3\ds1_760_B_-22.9648847329508_-47.147154524289.jpg,-22.9648847329508,-47.147154524289,3,4,3,3,3,4
my_images/3\ds1_763_B_-22.9647970411532_-47.1468693931042.jpg,-22.9647970411532,-47.1468693931042,3,3,3,3,3,3
my_images/3\ds1_76_A_-22.9902897045291_-47.1191080574203.jpg,-22.9902897045291,-47.1191080574203,3,2,3,3,3,3
my_images/3\ds1_778_B_-22.9688520555082_-47.1452786749318.jpg,-22.9688520555082,-47.1452786749318,3,1,3,2,3,1
my_images/3\ds1_782_B_-22.9692001556016_-47.1454032352761.jpg,-22.9692001556016,-47.1454032352761,3,3,3,2,2,3
my_images/3\ds1_805_B_-22.9660393223345_-47.146531669368.jpg,-22.9660393223345,-47.146531669368,3,3,3,3,3,3
my_images/3\ds1_822_B_-22.968314098479_-47.1444185275707.jpg,-22.968314098479,-47.1444185275707,3,2,1,2,3,1
my_images/3\ds1_825_B_-22.9679798401701_-47.1442718597649.jpg,-22.9679798401701,-47.1442718597649,3,2,3,3,3,3
my_images/3\ds1_832_B_-22.9664684025569_-47.1443495931355.jpg,-22.9664684025569,-47.1443495931355,3,2,1,1,2,1
my_images/3\ds1_839_B_-22.9660721958307_-47.1441034667994.jpg,-22.9660721958307,-47.1441034667994,3,2,3,2,3,3
my_images/3\ds1_840_B_-22.9660606921587_-47.1443730891149.jpg,-22.9660606921587,-47.1443730891149,3,2,3,2,3,3
my_images/3\ds1_843_B_-22.9658287079317_-47.1443750808815.jpg,-22.9658287079317,-47.1443750808815,3,3,3,3,3,2
my_images/3\ds1_857_B_-22.9672685941743_-47.1443203996509.jpg,-22.9672685941743,-47.1443203996509,3,4,3,3,4,4
my_images/3\ds1_858_B_-22.9672899088205_-47.1443199562129.jpg,-22.9672899088205,-47.1443199562129,3,4,4,3,4,4
my_images/3\ds1_862_B_-22.9671067975325_-47.1443400762834.jpg,-22.9671067975325,-47.1443400762834,3,3,3,3,4,3
my_images/3\ds1_863_B_-22.9669919741598_-47.1443314372441.jpg,-22.9669919741598,-47.1443314372441,3,3,1,2,3,1
my_images/3\ds1_875_B_-22.9662070036952_-47.1436894319088.jpg,-22.9662070036952,-47.1436894319088,3,3,2,2,3,1
my_images/3\ds1_876_B_-22.9659708055582_-47.1434823017521.jpg,-22.9659708055582,-47.1434823017521,3,3,3,3,3,3
my_images/3\ds1_878_B_-22.9659385762244_-47.143735605513.jpg,-22.9659385762244,-47.143735605513,3,2,3,3,3,3
my_images/3\ds1_917_B_-22.9696463565682_-47.1462111386925.jpg,-22.9696463565682,-47.1462111386925,3,4,4,3,4,3
my_images/3\ds1_922_B_-22.9684927328588_-47.1454494892095.jpg,-22.9684927328588,-47.1454494892095,3,3,3,3,3,3
my_images/3\ds1_934_B_-22.9657200554075_-47.1457315465891.jpg,-22.9657200554075,-47.1457315465891,3,3,3,3,3,3
my_images/3\ds1_938_B_-22.9654185742581_-47.1457848967139.jpg,-22.9654185742581,-47.1457848967139,3,3,3,2,2,2
my_images/3\ds1_970_B_-22.967611696231_-47.1474875416429.jpg,-22.967611696231,-47.1474875416429,3,3,3,2,2,1
my_images/3\ds1_986_B_-22.9653968132383_-47.1447511711963.jpg,-22.9653968132383,-47.1447511711963,3,1,2,1,3,1
my_images/3\ds1_998_B_-22.9671580238533_-47.1449314945383.jpg,-22.9671580238533,-47.1449314945383,3,3,3,2,3,1
my_images/3\ds1_999_B_-22.967017063298_-47.1449593977728.jpg,-22.967017063298,-47.1449593977728,3,3,3,3,3,3
my_images/3\ds2_01_04_2022_51B4.tmp.jpg,2022.0,,3,3,3,3,3,3
my_images/3\ds2_01_04_2022_5204.tmp.jpg,2022.0,,3,3,3,3,3,3
my_images/3\ds2_01_04_2022_5263.tmp.jpg,2022.0,,3,3,3,2,2,1
my_images/3\ds2_01_04_2022_52B4.tmp.jpg,2022.0,,3,3,3,3,3,3
my_images/3\ds2_01_04_2022_577C.tmp.jpg,2022.0,,3,3,3,3,2,3
my_images/3\ds2_01_04_2022_58A9.tmp.jpg,2022.0,,3,3,3,3,3,3
my_images/3\ds2_01_04_2022_590F.tmp.jpg,2022.0,,3,3,3,3,2,3
my_images/3\ds2_01_04_2022_5940.tmp.jpg,2022.0,,3,3,3,3,3,3
my_images/3\ds2_01_04_2022_5982.tmp.jpg,2022.0,,3,3,3,3,3,3
my_images/3\ds2_01_04_2022_5C1B.tmp.jpg,2022.0,,3,3,3,3,3,3
my_images/3\ds2_01_04_2022_5C3C.tmp.jpg,2022.0,,3,3,3,3,3,3
my_images/3\ds2_01_04_2022_5CEE.tmp.jpg,2022.0,,3,3,3,3,3,3
my_images/3\ds2_01_04_2022_5D3F.tmp.jpg,2022.0,,3,3,3,3,3,3
my_images/3\ds2_01_04_2022_5DA2.tmp.jpg,2022.0,,3,3,1,1,2,3
my_images/3\ds2_01_04_2022_5DC2.tmp.jpg,2022.0,,3,0,0,0,1,0
my_images/3\ds2_01_04_2022_5DC3.tmp.jpg,2022.0,,3,3,3,3,3,3
my_images/3\ds2_01_04_2022_83FD.tmp.jpg,2022.0,,3,3,3,3,3,3
my_images/3\ds2_01_04_2022_854D.tmp.jpg,2022.0,,3,3,3,3,3,3
my_images/3\ds2_01_04_2022_859D.tmp.jpg,2022.0,,3,3,2,3,3,3
my_images/3\ds2_01_04_2022_865D.tmp.jpg,2022.0,,3,3,4,4,4,3
my_images/3\ds2_01_04_2022_867E.tmp.jpg,2022.0,,3,4,3,3,4,3
my_images/3\ds2_01_04_2022_87CC.tmp.jpg,2022.0,,3,2,3,2,0,2
my_images/3\ds2_01_04_2022_87DE.tmp.jpg,2022.0,,3,3,3,3,3,3
my_images/3\ds2_01_04_2022_8E99.tmp.jpg,2022.0,,3,4,3,3,3,3
my_images/3\ds2_01_04_2022_8EE9.tmp.jpg,2022.0,,3,3,3,2,2,3
my_images/3\ds2_01_04_2022_E5E9.tmp.jpg,2022.0,,3,2,3,3,3,3
my_images/3\ds2_01_04_2022_E60A.tmp.jpg,2022.0,,3,3,3,3,3,3
my_images/3\ds2_01_10_2021_9FB6.tmp.jpg,2021.0,,3,3,3,3,3,3
my_images/3\ds2_01_10_2021_A016.tmp.jpg,2021.0,,3,2,3,2,2,3
my_images/3\ds2_01_10_2021_A11A.tmp.jpg,2021.0,,3,3,3,2,3,3
my_images/3\ds2_03_05_2022_34DC.tmp.jpg,2022.0,,3,3,3,2,3,3
my_images/3\ds2_03_05_2022_38BD.tmp.jpg,2022.0,,3,3,3,0,0,1
my_images/3\ds2_03_05_2022_3AB7.tmp.jpg,2022.0,,3,4,4,4,4,4
my_images/3\ds2_03_05_2022_3B47.tmp.jpg,2022.0,,3,3,3,3,2,3
my_images/3\ds2_03_05_2022_3B9A.tmp.jpg,2022.0,,3,4,4,3,4,4
my_images/3\ds2_03_05_2022_3C7E.tmp.jpg,2022.0,,3,3,3,3,3,3
my_images/3\ds2_03_05_2022_3CA0.tmp.jpg,2022.0,,3,3,3,3,3,3
my_images/3\ds2_03_05_2022_8BC8.tmp.jpg,2022.0,,3,3,3,3,3,3
my_images/3\ds2_03_05_2022_8D22.tmp.jpg,2022.0,,3,3,3,3,3,3
my_images/3\ds2_03_05_2022_8D53.tmp.jpg,2022.0,,3,3,3,3,3,3
my_images/3\ds2_03_05_2022_8E43.tmp.jpg,2022.0,,3,3,3,3,0,3
my_images/3\ds2_03_05_2022_8E84.tmp.jpg,2022.0,,3,3,3,3,3,3
my_images/3\ds2_03_05_2022_8EA7.tmp.jpg,2022.0,,3,3,3,3,3,3
my_images/3\ds2_03_05_2022_8F17.tmp.jpg,2022.0,,3,4,3,4,4,3
my_images/3\ds2_03_05_2022_8F4A.tmp.jpg,2022.0,,3,3,3,3,3,4
my_images/3\ds2_03_05_2022_8F4B.tmp.jpg,2022.0,,3,3,3,4,4,3
my_images/3\ds2_03_05_2022_8F6D.tmp.jpg,2022.0,,3,3,3,3,3,3
my_images/3\ds2_03_05_2022_8F7E.tmp.jpg,2022.0,,3,3,3,3,3,2
my_images/3\ds2_03_05_2022_909F.tmp.jpg,2022.0,,3,3,3,3,3,3
my_images/3\ds2_03_05_2022_918D.tmp.jpg,2022.0,,3,3,3,3,3,3
my_images/3\ds2_03_05_2022_921E.tmp.jpg,2022.0,,3,3,3,2,3,2
my_images/3\ds2_03_05_2022_928E.tmp.jpg,2022.0,,3,3,3,3,3,3
my_images/3\ds2_03_05_2022_92F2.tmp.jpg,2022.0,,3,3,3,2,3,2
my_images/3\ds2_03_05_2022_955B.tmp.jpg,2022.0,,3,3,3,3,3,3
my_images/3\ds2_03_05_2022_958C.tmp.jpg,2022.0,,3,3,3,2,1,3
my_images/3\ds2_03_05_2022_959D.tmp.jpg,2022.0,,3,2,3,2,3,3
my_images/3\ds2_03_05_2022_95FD.tmp.jpg,2022.0,,3,3,3,3,4,3
my_images/3\ds2_03_05_2022_962E.tmp.jpg,2022.0,,3,2,3,2,2,3
my_images/3\ds2_03_05_2022_96C3.tmp.jpg,2022.0,,3,3,3,3,3,3
my_images/3\ds2_03_05_2022_96D4.tmp.jpg,2022.0,,3,3,3,3,3,1
my_images/3\ds2_03_05_2022_9928.tmp.jpg,2022.0,,3,3,3,3,3,3
my_images/3\ds2_03_05_2022_C4F6.tmp.jpg,2022.0,,3,3,3,1,2,3
my_images/3\ds2_03_05_2022_C630.tmp.jpg,2022.0,,3,3,4,3,4,3
my_images/3\ds2_03_05_2022_C69F.tmp.jpg,2022.0,,3,3,3,3,3,3
my_images/3\ds2_03_05_2022_C7DC.tmp.jpg,2022.0,,3,3,3,3,3,3
my_images/3\ds2_03_05_2022_C86B.tmp.jpg,2022.0,,3,3,3,3,3,3
my_images/3\ds2_03_05_2022_C89C.tmp.jpg,2022.0,,3,3,2,2,2,3
my_images/3\ds2_03_05_2022_C89D.tmp.jpg,2022.0,,3,3,3,3,3,3
my_images/3\ds2_03_05_2022_C9AD.tmp.jpg,2022.0,,3,3,3,3,3,3
my_images/3\ds2_03_05_2022_C9F4.tmp.jpg,2022.0,,3,3,3,3,3,3
my_images/3\ds2_03_05_2022_CA44.tmp.jpg,2022.0,,3,3,4,3,3,3
my_images/3\ds2_03_05_2022_CA84.tmp.jpg,2022.0,,3,3,3,3,3,3
my_images/3\ds2_03_05_2022_CAC5.tmp.jpg,2022.0,,3,3,3,3,3,3
my_images/3\ds2_03_05_2022_CAE6.tmp.jpg,2022.0,,3,3,2,3,3,3
my_images/3\ds2_03_05_2022_CC9A.tmp.jpg,2022.0,,3,3,3,3,3,3
my_images/3\ds2_03_05_2022_CCCD.tmp.jpg,2022.0,,3,3,3,3,3,3
my_images/3\ds2_03_05_2022_CCF0.tmp.jpg,2022.0,,3,3,3,3,3,3
my_images/3\ds2_03_05_2022_CD01.tmp.jpg,2022.0,,3,3,3,3,3,3
my_images/3\ds2_03_05_2022_CD35.tmp.jpg,2022.0,,3,3,3,3,3,3
my_images/3\ds2_03_05_2022_CDDD.tmp.jpg,2022.0,,3,3,4,3,3,3
my_images/3\ds2_03_05_2022_CDFD.tmp.jpg,2022.0,,3,3,3,3,3,3
my_images/3\ds2_03_05_2022_CDFE.tmp.jpg,2022.0,,3,3,4,2,3,3
my_images/3\ds2_03_05_2022_D7AD.tmp.jpg,2022.0,,3,3,3,4,3,4
my_images/3\ds2_03_05_2022_D7AE.tmp.jpg,2022.0,,3,3,3,3,3,3
my_images/3\ds2_03_05_2022_D7BE.tmp.jpg,2022.0,,3,3,4,4,4,3
my_images/3\ds2_03_11_2021_188F.tmp.jpg,2021.0,,3,3,3,3,3,3
my_images/3\ds2_03_11_2021_19B7.tmp.jpg,2021.0,,3,3,3,3,3,3
my_images/3\ds2_03_11_2021_19D8.tmp.jpg,2021.0,,3,4,3,3,3,3
my_images/3\ds2_03_11_2021_1A70.tmp.jpg,2021.0,,3,3,3,3,3,3
my_images/3\ds2_03_11_2021_1C53.tmp.jpg,2021.0,,3,3,3,3,3,3
my_images/3\ds2_03_11_2021_1C5F.tmp.jpg,2021.0,,3,3,3,3,3,3
my_images/3\ds2_03_11_2021_1C72.tmp.jpg,2021.0,,3,3,3,4,4,3
my_images/3\ds2_03_11_2021_1C85.tmp.jpg,2021.0,,3,3,3,3,3,3
my_images/3\ds2_03_11_2021_1CF7.tmp.jpg,2021.0,,3,3,3,2,3,3
my_images/3\ds2_03_11_2021_1F8F.tmp.jpg,2021.0,,3,3,4,3,3,3
my_images/3\ds2_03_11_2021_2020.tmp.jpg,2021.0,,3,3,3,2,2,3
my_images/3\ds2_03_11_2021_2140.tmp.jpg,2021.0,,3,3,3,3,3,3
my_images/3\ds2_03_11_2021_214E.tmp.jpg,2021.0,,3,3,3,3,3,2
my_images/3\ds2_03_11_2021_21B1.tmp.jpg,2021.0,,3,3,3,3,3,3
my_images/3\ds2_03_11_2021_247A.tmp.jpg,2021.0,,3,3,3,3,3,3
my_images/3\ds2_03_11_2021_24AC.tmp.jpg,2021.0,,3,3,4,3,3,3
my_images/3\ds2_03_11_2021_5FA9.tmp.jpg,2021.0,,3,4,4,4,4,3
my_images/3\ds2_03_11_2021_5FCA.tmp.jpg,2021.0,,3,4,4,4,4,3
my_images/3\ds2_03_11_2021_64F3.tmp.jpg,2021.0,,3,3,3,3,3,3
my_images/3\ds2_03_11_2021_6799.tmp.jpg,2021.0,,3,3,3,3,3,2
my_images/3\ds2_03_11_2021_6B31.tmp.jpg,2021.0,,3,3,3,3,3,3
my_images/3\ds2_03_11_2021_BF09.tmp.jpg,2021.0,,3,3,3,3,3,3
my_images/3\ds2_03_11_2021_BF69.tmp.jpg,2021.0,,3,3,3,3,3,3
my_images/3\ds2_03_11_2021_C0D2.tmp.jpg,2021.0,,3,4,3,4,4,4
my_images/3\ds2_03_11_2021_C113.tmp.jpg,2021.0,,3,4,3,4,3,3
my_images/3\ds2_03_11_2021_C233.tmp.jpg,2021.0,,3,3,3,3,3,3
my_images/3\ds2_03_11_2021_C3A4.tmp.jpg,2021.0,,3,3,3,3,3,2
my_images/3\ds2_03_11_2021_C3A5.tmp.jpg,2021.0,,3,3,3,3,3,3
my_images/3\ds2_03_11_2021_C47B.tmp.jpg,2021.0,,3,2,3,3,3,3
my_images/3\ds2_03_11_2021_C4CB.tmp.jpg,2021.0,,3,3,3,2,3,3
my_images/3\ds2_03_11_2021_C623.tmp.jpg,2021.0,,3,4,4,4,4,3
my_images/3\ds2_03_11_2021_C994.tmp.jpg,2021.0,,3,3,3,4,4,4
my_images/3\ds2_03_11_2021_C9F4.tmp.jpg,2021.0,,3,4,4,4,4,4
my_images/3\ds2_03_11_2021_CA37.tmp.jpg,2021.0,,3,3,3,4,4,3
my_images/3\ds2_03_11_2021_CA77.tmp.jpg,2021.0,,3,3,3,3,3,3
my_images/3\ds2_03_11_2021_CA78.tmp.jpg,2021.0,,3,3,3,3,3,3
my_images/3\ds2_03_11_2021_CA89.tmp.jpg,2021.0,,3,3,3,3,3,2
my_images/3\ds2_03_11_2021_CB28.tmp.jpg,2021.0,,3,3,2,3,3,2
my_images/3\ds2_03_11_2021_CB5A.tmp.jpg,2021.0,,3,4,3,3,3,3
my_images/3\ds2_03_11_2021_CBC9.tmp.jpg,2021.0,,3,3,3,3,3,3
my_images/3\ds2_03_11_2021_CBFA.tmp.jpg,2021.0,,3,3,3,3,4,3
my_images/3\ds2_04_04_2022_2871.tmp.jpg,2022.0,,3,3,3,3,3,2
my_images/3\ds2_04_04_2022_28C7.tmp.jpg,2022.0,,3,3,3,2,2,3
my_images/3\ds2_04_04_2022_293B.tmp.jpg,2022.0,,3,3,3,3,3,2
my_images/3\ds2_04_04_2022_8736.tmp.jpg,2022.0,,3,3,3,3,3,2
my_images/3\ds2_04_04_2022_8936.tmp.jpg,2022.0,,3,3,3,3,3,3
my_images/3\ds2_04_04_2022_8946.tmp.jpg,2022.0,,3,3,3,3,3,3
my_images/3\ds2_04_10_2021_2F3C.tmp.jpg,2021.0,,3,4,3,3,3,3
my_images/3\ds2_04_10_2021_3066.tmp.jpg,2021.0,,3,3,3,3,3,3
my_images/3\ds2_04_10_2021_AF32.tmp.jpg,2021.0,,3,2,3,2,2,3
my_images/3\ds2_04_10_2021_B002.tmp.jpg,2021.0,,3,2,1,2,2,3
my_images/3\ds2_04_10_2021_B106.tmp.jpg,2021.0,,3,3,3,2,2,2
my_images/3\ds2_04_10_2021_B147.tmp.jpg,2021.0,,3,4,0,0,1,1
my_images/3\ds2_04_11_2021_58A9.tmp.jpg,2021.0,,3,4,3,3,4,3
my_images/3\ds2_04_11_2021_5CB7.tmp.jpg,2021.0,,3,3,3,3,3,3
my_images/3\ds2_04_11_2021_6045.tmp.jpg,2021.0,,3,4,3,3,4,4
my_images/3\ds2_04_11_2021_9DD.tmp.jpg,2021.0,,3,4,3,3,3,3
my_images/3\ds2_04_11_2021_9E47.tmp.jpg,2021.0,,3,3,3,3,3,3
my_images/3\ds2_04_11_2021_9F55.tmp.jpg,2021.0,,3,3,3,2,3,3
my_images/3\ds2_04_11_2021_9FE.tmp.jpg,2021.0,,3,3,2,3,3,3
my_images/3\ds2_04_11_2021_A11C.tmp.jpg,2021.0,,3,3,3,2,3,3
my_images/3\ds2_04_11_2021_A3D0.tmp.jpg,2021.0,,3,3,2,3,3,4
my_images/3\ds2_04_11_2021_A685.tmp.jpg,2021.0,,3,3,3,3,2,3
my_images/3\ds2_04_11_2021_BB22.tmp.jpg,2021.0,,3,3,3,3,3,4
my_images/3\ds2_04_11_2021_BC9D.tmp.jpg,2021.0,,3,3,3,3,3,3
my_images/3\ds2_04_11_2021_BFEF.tmp.jpg,2021.0,,3,3,3,3,2,3
my_images/3\ds2_04_11_2021_BFF0.tmp.jpg,2021.0,,3,3,3,3,3,3
my_images/3\ds2_04_11_2021_C247.tmp.jpg,2021.0,,3,3,3,3,3,3
my_images/3\ds2_04_11_2021_C2E5.tmp.jpg,2021.0,,3,3,3,2,2,3
my_images/3\ds2_04_11_2021_C867.tmp.jpg,2021.0,,3,2,3,3,3,3
my_images/3\ds2_04_11_2021_C908.tmp.jpg,2021.0,,3,2,2,3,3,3
my_images/3\ds2_04_11_2021_CB1.tmp.jpg,2021.0,,3,3,4,3,3,3
my_images/3\ds2_04_11_2021_CCE2.tmp.jpg,2021.0,,3,2,3,2,2,3
my_images/3\ds2_04_11_2021_CE3C.tmp.jpg,2021.0,,3,4,4,4,4,4
my_images/3\ds2_04_11_2021_CE4A.tmp.jpg,2021.0,,3,4,3,4,4,3
my_images/3\ds2_04_11_2021_CFBC.tmp.jpg,2021.0,,3,4,3,4,4,3
my_images/3\ds2_04_11_2021_D260.tmp.jpg,2021.0,,3,3,3,3,3,3
my_images/3\ds2_04_11_2021_D4AC.tmp.jpg,2021.0,,3,2,3,3,3,3
my_images/3\ds2_04_11_2021_D82.tmp.jpg,2021.0,,3,3,4,2,2,3
my_images/3\ds2_04_11_2021_D92.tmp.jpg,2021.0,,3,3,3,3,3,3
my_images/3\ds2_04_11_2021_D93.tmp.jpg,2021.0,,3,3,2,3,3,3
my_images/3\ds2_04_11_2021_DD3A.tmp.jpg,2021.0,,3,2,3,3,2,3
my_images/3\ds2_04_11_2021_F21E.tmp.jpg,2021.0,,3,2,3,2,2,3
my_images/3\ds2_04_11_2021_F2BE.tmp.jpg,2021.0,,3,3,3,3,3,3
my_images/3\ds2_04_11_2021_F571.tmp.jpg,2021.0,,3,3,3,3,3,3
my_images/3\ds2_04_11_2021_F757.tmp.jpg,2021.0,,3,2,3,3,3,3
my_images/3\ds2_05_04_2022_17BA.tmp.jpg,2022.0,,3,3,4,4,4,3
my_images/3\ds2_05_04_2022_19F6.tmp.jpg,2022.0,,3,3,3,2,2,3
my_images/3\ds2_05_04_2022_1AE6.tmp.jpg,2022.0,,3,3,3,3,3,3
my_images/3\ds2_05_04_2022_2071.tmp.jpg,2022.0,,3,2,3,3,3,3
my_images/3\ds2_05_04_2022_20A2.tmp.jpg,2022.0,,3,3,3,2,3,3
my_images/3\ds2_05_04_2022_3125.tmp.jpg,2022.0,,3,3,3,3,3,3
my_images/3\ds2_05_04_2022_3DBA.tmp.jpg,2022.0,,3,3,3,4,4,3
my_images/3\ds2_05_04_2022_3E1C.tmp.jpg,2022.0,,3,4,4,4,4,3
my_images/3\ds2_05_04_2022_3EC0.tmp.jpg,2022.0,,3,3,3,3,3,3
my_images/3\ds2_05_04_2022_3FBD.tmp.jpg,2022.0,,3,3,3,3,3,3
my_images/3\ds2_05_04_2022_3FDF.tmp.jpg,2022.0,,3,4,3,3,3,3
my_images/3\ds2_05_04_2022_4073.tmp.jpg,2022.0,,3,3,3,3,3,3
my_images/3\ds2_05_04_2022_59C3.tmp.jpg,2022.0,,3,4,3,2,3,4
my_images/3\ds2_05_04_2022_F23C.tmp.jpg,2022.0,,3,3,2,3,2,3
my_images/3\ds2_05_04_2022_F28E.tmp.jpg,2022.0,,3,3,3,3,3,3
my_images/3\ds2_05_04_2022_F331.tmp.jpg,2022.0,,3,3,2,3,3,3
my_images/3\ds2_05_04_2022_F561.tmp.jpg,2022.0,,3,3,3,3,3,3
my_images/3\ds2_05_10_2021_4E11.tmp.jpg,2021.0,,3,3,3,3,2,3
my_images/3\ds2_05_10_2021_50E6.tmp.jpg,2021.0,,3,3,3,2,3,3
my_images/3\ds2_05_10_2021_527E.tmp.jpg,2021.0,,3,3,2,2,3,3
my_images/3\ds2_05_10_2021_5322.tmp.jpg,2021.0,,3,1,3,1,1,3
my_images/3\ds2_05_10_2021_53FF.tmp.jpg,2021.0,,3,3,3,3,3,3
my_images/3\ds2_05_10_2021_7BD4.tmp.jpg,2021.0,,3,3,4,3,3,2
my_images/3\ds2_05_10_2021_846C.tmp.jpg,2021.0,,3,3,2,3,3,3
my_images/3\ds2_05_11_2021_1AE1.tmp.jpg,2021.0,,3,3,3,2,1,2
my_images/3\ds2_05_11_2021_1FBF.tmp.jpg,2021.0,,3,3,3,3,3,3
my_images/3\ds2_05_11_2021_1FE1.tmp.jpg,2021.0,,3,3,3,2,3,3
my_images/3\ds2_05_11_2021_2419.tmp.jpg,2021.0,,3,3,3,3,3,3
my_images/3\ds2_05_11_2021_2687.tmp.jpg,2021.0,,3,3,3,4,3,4
my_images/3\ds2_05_11_2021_8DF7.tmp.jpg,2021.0,,3,0,3,3,3,0
my_images/3\ds2_05_11_2021_9216.tmp.jpg,2021.0,,3,2,3,3,3,3
my_images/3\ds2_05_11_2021_939B.tmp.jpg,2021.0,,3,3,3,3,3,3
my_images/3\ds2_05_11_2021_93DC.tmp.jpg,2021.0,,3,3,3,3,3,3
my_images/3\ds2_05_11_2021_947C.tmp.jpg,2021.0,,3,2,2,3,2,2
my_images/3\ds2_05_11_2021_948E.tmp.jpg,2021.0,,3,4,4,3,3,3
my_images/3\ds2_05_11_2021_94F0.tmp.jpg,2021.0,,3,4,4,4,4,3
my_images/3\ds2_05_11_2021_95F0.tmp.jpg,2021.0,,3,3,3,3,3,3
my_images/3\ds2_05_11_2021_9611.tmp.jpg,2021.0,,3,3,3,3,3,3
my_images/3\ds2_05_11_2021_97E8.tmp.jpg,2021.0,,3,3,3,3,3,3
my_images/3\ds2_05_11_2021_9848.tmp.jpg,2021.0,,3,3,3,3,3,3
my_images/3\ds2_05_11_2021_9AC7.tmp.jpg,2021.0,,3,2,3,3,3,3
my_images/3\ds2_05_11_2021_9BA2.tmp.jpg,2021.0,,3,3,3,3,3,3
my_images/3\ds2_05_11_2021_9BA3.tmp.jpg,2021.0,,3,3,2,2,2,3
my_images/3\ds2_05_11_2021_9F16.tmp.jpg,2021.0,,3,2,3,3,3,3
my_images/3\ds2_05_11_2021_9FA6.tmp.jpg,2021.0,,3,3,3,3,3,3
my_images/3\ds2_05_11_2021_9FC7.tmp.jpg,2021.0,,3,3,3,3,3,3
my_images/3\ds2_05_11_2021_9FD9.tmp.jpg,2021.0,,3,3,3,3,3,3
my_images/3\ds2_05_11_2021_A04D.tmp.jpg,2021.0,,3,4,3,4,4,3
my_images/3\ds2_05_11_2021_A106.tmp.jpg,2021.0,,3,3,2,3,3,3
my_images/3\ds2_05_11_2021_A275.tmp.jpg,2021.0,,3,3,3,3,3,3
my_images/3\ds2_05_11_2021_A276.tmp.jpg,2021.0,,3,3,3,3,4,3
my_images/3\ds2_05_11_2021_A30B.tmp.jpg,2021.0,,3,2,3,2,3,3
my_images/3\ds2_05_11_2021_A376.tmp.jpg,2021.0,,3,3,4,3,4,3
my_images/3\ds2_05_11_2021_AD4D.tmp.jpg,2021.0,,3,3,3,2,3,3
my_images/3\ds2_05_11_2021_ADCC.tmp.jpg,2021.0,,3,3,3,3,3,2
my_images/3\ds2_05_11_2021_FE2B.tmp.jpg,2021.0,,3,2,2,3,2,2
my_images/3\ds2_05_11_2021_FE2C.tmp.jpg,2021.0,,3,3,4,3,3,4
my_images/3\ds2_05_11_2021_FEAF.tmp.jpg,2021.0,,3,3,3,2,3,3
my_images/3\ds2_05_11_2021_FF13.tmp.jpg,2021.0,,3,3,3,2,2,3
my_images/3\ds2_06_01_2022_3AFE.tmp.jpg,2022.0,,3,3,3,3,3,3
my_images/3\ds2_06_01_2022_3C09.tmp.jpg,2022.0,,3,1,0,0,0,1
my_images/3\ds2_06_01_2022_3D75.tmp.jpg,2022.0,,3,3,3,4,3,3
my_images/3\ds2_06_01_2022_3E61.tmp.jpg,2022.0,,3,3,3,3,3,3
my_images/3\ds2_06_01_2022_3E73.tmp.jpg,2022.0,,3,3,4,3,4,4
my_images/3\ds2_06_01_2022_3F7E.tmp.jpg,2022.0,,3,3,3,3,3,3
my_images/3\ds2_06_01_2022_3FE2.tmp.jpg,2022.0,,3,3,3,3,3,3
my_images/3\ds2_06_01_2022_4003.tmp.jpg,2022.0,,3,3,4,3,3,3
my_images/3\ds2_06_01_2022_4025.tmp.jpg,2022.0,,3,2,3,3,3,3
my_images/3\ds2_06_01_2022_4075.tmp.jpg,2022.0,,3,3,3,3,3,3
my_images/3\ds2_06_01_2022_4096.tmp.jpg,2022.0,,3,3,3,3,3,3
my_images/3\ds2_06_01_2022_40C7.tmp.jpg,2022.0,,3,3,3,3,3,3
my_images/3\ds2_06_01_2022_40E8.tmp.jpg,2022.0,,3,3,3,3,3,3
my_images/3\ds2_06_01_2022_415E.tmp.jpg,2022.0,,3,3,3,3,3,3
my_images/3\ds2_06_01_2022_417F.tmp.jpg,2022.0,,3,3,3,4,4,3
my_images/3\ds2_06_01_2022_41B3.tmp.jpg,2022.0,,3,4,4,3,3,3
my_images/3\ds2_06_01_2022_41B4.tmp.jpg,2022.0,,3,2,3,3,3,3
my_images/3\ds2_06_01_2022_41D5.tmp.jpg,2022.0,,3,3,4,4,3,3
my_images/3\ds2_06_01_2022_4227.tmp.jpg,2022.0,,3,3,3,2,3,3
my_images/3\ds2_06_01_2022_4228.tmp.jpg,2022.0,,3,3,3,3,3,3
my_images/3\ds2_06_01_2022_4239.tmp.jpg,2022.0,,3,3,3,3,3,3
my_images/3\ds2_06_01_2022_42B9.tmp.jpg,2022.0,,3,3,3,3,3,3
my_images/3\ds2_06_01_2022_8CEF.tmp.jpg,2022.0,,3,3,3,3,2,3
my_images/3\ds2_06_01_2022_ECC6.tmp.jpg,2022.0,,3,3,3,3,3,3
my_images/3\ds2_06_01_2022_EEC6.tmp.jpg,2022.0,,3,3,4,3,3,3
my_images/3\ds2_06_01_2022_F0E7.tmp.jpg,2022.0,,3,3,3,3,3,3
my_images/3\ds2_06_01_2022_F1DA.tmp.jpg,2022.0,,3,4,3,4,3,4
my_images/3\ds2_06_01_2022_F21C.tmp.jpg,2022.0,,3,3,3,3,2,3
my_images/3\ds2_06_01_2022_F5D3.tmp.jpg,2022.0,,3,2,3,3,3,3
my_images/3\ds2_06_01_2022_F5E3.tmp.jpg,2022.0,,3,3,3,3,4,4
my_images/3\ds2_06_01_2022_F72B.tmp.jpg,2022.0,,3,3,3,3,3,3
my_images/3\ds2_06_01_2022_F73C.tmp.jpg,2022.0,,3,3,3,3,3,3
my_images/3\ds2_06_01_2022_F780.tmp.jpg,2022.0,,3,3,3,1,2,3
my_images/3\ds2_06_10_2021_6EEC.tmp.jpg,2021.0,,3,3,3,3,3,3
my_images/3\ds2_07_04_2022_17DC.tmp.jpg,2022.0,,3,3,3,3,3,3
my_images/3\ds2_07_04_2022_6F98.tmp.jpg,2022.0,,3,3,3,3,3,3
my_images/3\ds2_07_04_2022_7007.tmp.jpg,2022.0,,3,3,3,3,3,3
my_images/3\ds2_07_04_2022_72D3.tmp.jpg,2022.0,,3,2,1,2,2,3
my_images/3\ds2_07_04_2022_755D.tmp.jpg,2022.0,,3,3,3,3,4,3
my_images/3\ds2_07_04_2022_D644.tmp.jpg,2022.0,,3,3,3,3,3,3
my_images/3\ds2_07_04_2022_D7C1.tmp.jpg,2022.0,,3,3,3,1,3,1
my_images/3\ds2_07_04_2022_D876.tmp.jpg,2022.0,,3,3,3,3,3,4
my_images/3\ds2_07_04_2022_D8FA.tmp.jpg,2022.0,,3,3,3,4,4,4
my_images/3\ds2_07_04_2022_D9F3.tmp.jpg,2022.0,,3,3,3,3,3,3
my_images/3\ds2_07_04_2022_DA16.tmp.jpg,2022.0,,3,3,3,2,1,2
my_images/3\ds2_07_04_2022_DA48.tmp.jpg,2022.0,,3,3,4,3,3,2
my_images/3\ds2_07_04_2022_DCC7.tmp.jpg,2022.0,,3,4,0,0,0,0
my_images/3\ds2_07_04_2022_E03A.tmp.jpg,2022.0,,3,4,4,4,4,4
my_images/3\ds2_07_10_2021_3D65.tmp.jpg,2021.0,,3,3,4,3,3,3
my_images/3\ds2_07_10_2021_3DD5.tmp.jpg,2021.0,,3,3,4,3,4,3
my_images/3\ds2_07_10_2021_3E15.tmp.jpg,2021.0,,3,3,3,3,3,4
my_images/3\ds2_07_10_2021_4238.tmp.jpg,2021.0,,3,3,3,3,3,3
my_images/3\ds2_07_10_2021_BC14.tmp.jpg,2021.0,,3,3,3,3,3,1
my_images/3\ds2_07_10_2021_BDB8.tmp.jpg,2021.0,,3,2,2,2,2,3
my_images/3\ds2_08_02_2022_E6E5.tmp.jpg,2022.0,,3,3,3,3,3,3
my_images/3\ds2_08_02_2022_E727.tmp.jpg,2022.0,,3,3,3,3,3,3
my_images/3\ds2_08_02_2022_EE50.tmp.jpg,2022.0,,3,3,3,2,2,2
my_images/3\ds2_08_02_2022_EFB2.tmp.jpg,2022.0,,3,3,3,3,3,3
my_images/3\ds2_08_02_2022_F002.tmp.jpg,2022.0,,3,3,3,3,3,3
my_images/3\ds2_08_02_2022_F068.tmp.jpg,2022.0,,3,3,3,3,3,3
my_images/3\ds2_08_10_2021_7A28.tmp.jpg,2021.0,,3,3,3,3,3,3
my_images/3\ds2_08_10_2021_F6AF.tmp.jpg,2021.0,,3,3,3,3,3,3
my_images/3\ds2_08_11_2021_17C9.tmp.jpg,2021.0,,3,3,3,3,4,4
my_images/3\ds2_08_11_2021_1987.tmp.jpg,2021.0,,3,3,2,3,2,3
my_images/3\ds2_08_11_2021_19A8.tmp.jpg,2021.0,,3,3,3,3,3,3
my_images/3\ds2_08_11_2021_1B16.tmp.jpg,2021.0,,3,3,3,3,3,3
my_images/3\ds2_08_11_2021_1B56.tmp.jpg,2021.0,,3,3,3,3,3,3
my_images/3\ds2_08_11_2021_1DB.tmp.jpg,2021.0,,3,3,3,3,3,4
my_images/3\ds2_08_11_2021_1E3C.tmp.jpg,2021.0,,3,3,2,2,2,3
my_images/3\ds2_08_11_2021_222D.tmp.jpg,2021.0,,3,3,4,3,3,3
my_images/3\ds2_08_11_2021_23BE.tmp.jpg,2021.0,,3,3,3,3,3,3
my_images/3\ds2_08_11_2021_2825.tmp.jpg,2021.0,,3,3,3,3,3,3
my_images/3\ds2_08_11_2021_2977.tmp.jpg,2021.0,,3,3,3,2,2,1
my_images/3\ds2_08_11_2021_553.tmp.jpg,2021.0,,3,3,3,3,3,3
my_images/3\ds2_08_11_2021_5D7.tmp.jpg,2021.0,,3,3,3,3,3,3
my_images/3\ds2_08_11_2021_8094.tmp.jpg,2021.0,,3,3,3,2,2,2
my_images/3\ds2_08_11_2021_81A2.tmp.jpg,2021.0,,3,3,3,3,3,3
my_images/3\ds2_08_11_2021_8231.tmp.jpg,2021.0,,3,3,3,3,2,3
my_images/3\ds2_08_11_2021_830B.tmp.jpg,2021.0,,3,3,3,3,4,3
my_images/3\ds2_08_11_2021_836B.tmp.jpg,2021.0,,3,3,3,2,2,3
my_images/3\ds2_08_11_2021_838D.tmp.jpg,2021.0,,3,2,3,2,3,3
my_images/3\ds2_08_11_2021_8410.tmp.jpg,2021.0,,3,2,3,3,3,4
my_images/3\ds2_08_11_2021_8464.tmp.jpg,2021.0,,3,3,3,3,3,3
my_images/3\ds2_08_11_2021_84C2.tmp.jpg,2021.0,,3,2,2,2,2,3
my_images/3\ds2_08_11_2021_871A.tmp.jpg,2021.0,,3,3,3,2,3,3
my_images/3\ds2_08_11_2021_8811.tmp.jpg,2021.0,,3,3,4,3,2,3
my_images/3\ds2_08_11_2021_8823.tmp.jpg,2021.0,,3,2,3,2,3,3
my_images/3\ds2_08_11_2021_8836.tmp.jpg,2021.0,,3,3,2,2,1,2
my_images/3\ds2_08_11_2021_8A0F.tmp.jpg,2021.0,,3,3,4,3,3,3
my_images/3\ds2_08_11_2021_8AE1.tmp.jpg,2021.0,,3,3,3,3,3,3
my_images/3\ds2_08_11_2021_8B64.tmp.jpg,2021.0,,3,3,3,3,3,3
my_images/3\ds2_08_11_2021_8C28.tmp.jpg,2021.0,,3,3,3,3,3,4
my_images/3\ds2_08_11_2021_8C49.tmp.jpg,2021.0,,3,3,3,4,3,3
my_images/3\ds2_08_11_2021_8C8F.tmp.jpg,2021.0,,3,3,2,2,3,3
my_images/3\ds2_08_11_2021_8C9F.tmp.jpg,2021.0,,3,3,3,3,3,3
my_images/3\ds2_08_11_2021_8CC1.tmp.jpg,2021.0,,3,3,3,3,3,3
my_images/3\ds2_08_11_2021_8F7A.tmp.jpg,2021.0,,3,3,4,3,3,2
my_images/3\ds2_08_11_2021_9076.tmp.jpg,2021.0,,3,3,3,2,3,3
my_images/3\ds2_08_11_2021_90D8.tmp.jpg,2021.0,,3,3,3,4,3,3
my_images/3\ds2_08_11_2021_935A.tmp.jpg,2021.0,,3,4,3,3,3,3
my_images/3\ds2_08_11_2021_936B.tmp.jpg,2021.0,,3,3,3,3,3,3
my_images/3\ds2_08_11_2021_9467.tmp.jpg,2021.0,,3,2,3,2,3,3
my_images/3\ds2_08_11_2021_94E8.tmp.jpg,2021.0,,3,3,3,3,3,3
my_images/3\ds2_08_11_2021_9528.tmp.jpg,2021.0,,3,3,3,3,3,4
my_images/3\ds2_08_11_2021_9663.tmp.jpg,2021.0,,3,3,3,3,3,3
my_images/3\ds2_08_11_2021_9695.tmp.jpg,2021.0,,3,3,3,4,3,4
my_images/3\ds2_08_11_2021_96B5.tmp.jpg,2021.0,,3,3,3,3,3,3
my_images/3\ds2_08_11_2021_96F8.tmp.jpg,2021.0,,3,3,3,3,3,3
my_images/3\ds2_08_11_2021_980D.tmp.jpg,2021.0,,3,3,3,3,3,3
my_images/3\ds2_08_11_2021_984F.tmp.jpg,2021.0,,3,3,3,3,4,3
my_images/3\ds2_08_11_2021_9A50.tmp.jpg,2021.0,,3,3,3,3,3,3
my_images/3\ds2_08_11_2021_ADD.tmp.jpg,2021.0,,3,3,3,3,3,3
my_images/3\ds2_08_11_2021_BDE.tmp.jpg,2021.0,,3,3,3,3,2,3
my_images/3\ds2_08_11_2021_C61.tmp.jpg,2021.0,,3,3,3,3,3,3
my_images/3\ds2_08_11_2021_CB1.tmp.jpg,2021.0,,3,3,3,3,3,3
my_images/3\ds2_08_11_2021_D7F.tmp.jpg,2021.0,,3,3,3,3,3,3
my_images/3\ds2_08_11_2021_FE86.tmp.jpg,2021.0,,3,3,3,3,3,3
my_images/3\ds2_09_05_2022_2D3E.tmp.jpg,2022.0,,3,3,2,3,3,3
my_images/3\ds2_09_05_2022_2EA8.tmp.jpg,2022.0,,3,3,3,3,3,3
my_images/3\ds2_09_05_2022_3042.tmp.jpg,2022.0,,3,3,3,3,3,3
my_images/3\ds2_09_05_2022_3173.tmp.jpg,2022.0,,3,0,0,0,0,0
my_images/3\ds2_09_05_2022_3486.tmp.jpg,2022.0,,3,3,3,3,3,3
my_images/3\ds2_09_05_2022_34CB.tmp.jpg,2022.0,,3,3,3,3,3,3
my_images/3\ds2_09_05_2022_3677.tmp.jpg,2022.0,,3,3,3,3,3,3
my_images/3\ds2_09_05_2022_3788.tmp.jpg,2022.0,,3,3,3,3,3,3
my_images/3\ds2_09_05_2022_87A5.tmp.jpg,2022.0,,3,3,4,3,3,4
my_images/3\ds2_09_05_2022_88DF.tmp.jpg,2022.0,,3,3,3,4,4,3
my_images/3\ds2_09_05_2022_892F.tmp.jpg,2022.0,,3,3,3,3,4,3
my_images/3\ds2_09_05_2022_8952.tmp.jpg,2022.0,,3,4,3,4,4,3
my_images/3\ds2_09_05_2022_89E1.tmp.jpg,2022.0,,3,3,4,3,3,3
my_images/3\ds2_09_05_2022_8ADD.tmp.jpg,2022.0,,3,3,3,3,3,3
my_images/3\ds2_09_05_2022_8B3F.tmp.jpg,2022.0,,3,4,3,3,3,3
my_images/3\ds2_09_05_2022_8BB2.tmp.jpg,2022.0,,3,3,3,3,3,3
my_images/3\ds2_09_05_2022_8C07.tmp.jpg,2022.0,,3,4,4,4,4,4
my_images/3\ds2_09_05_2022_8CDB.tmp.jpg,2022.0,,3,2,3,3,3,3
my_images/3\ds2_09_05_2022_8CEB.tmp.jpg,2022.0,,3,4,4,4,4,3
my_images/3\ds2_09_05_2022_8DFB.tmp.jpg,2022.0,,3,2,3,3,4,3
my_images/3\ds2_09_05_2022_912F.tmp.jpg,2022.0,,3,3,3,3,3,3
my_images/3\ds2_09_05_2022_C5DD.tmp.jpg,2022.0,,3,4,4,4,4,3
my_images/3\ds2_09_05_2022_C86B.tmp.jpg,2022.0,,3,3,4,0,4,0
my_images/3\ds2_09_05_2022_C8D0.tmp.jpg,2022.0,,3,3,3,3,2,3
my_images/3\ds2_09_05_2022_C8F2.tmp.jpg,2022.0,,3,3,3,3,3,3
my_images/3\ds2_09_05_2022_C926.tmp.jpg,2022.0,,3,3,3,3,3,4
my_images/3\ds2_09_05_2022_C966.tmp.jpg,2022.0,,3,4,3,4,4,3
my_images/3\ds2_09_05_2022_CA08.tmp.jpg,2022.0,,3,3,3,3,3,3
my_images/3\ds2_09_05_2022_CA7B.tmp.jpg,2022.0,,3,3,1,0,0,0
my_images/3\ds2_09_05_2022_CA8C.tmp.jpg,2022.0,,3,3,3,3,3,3
my_images/3\ds2_09_05_2022_CB1A.tmp.jpg,2022.0,,3,4,4,4,4,3
my_images/3\ds2_09_05_2022_CB8C.tmp.jpg,2022.0,,3,4,3,3,4,3
my_images/3\ds2_09_05_2022_CD7C.tmp.jpg,2022.0,,3,3,4,3,3,4
my_images/3\ds2_09_05_2022_CDE2.tmp.jpg,2022.0,,3,4,3,3,3,3
my_images/3\ds2_09_05_2022_D1D0.tmp.jpg,2022.0,,3,3,3,3,4,3
my_images/3\ds2_09_05_2022_E162.tmp.jpg,2022.0,,3,3,3,3,3,3
my_images/3\ds2_09_11_2021_1031.tmp.jpg,2021.0,,3,3,3,3,3,3
my_images/3\ds2_09_11_2021_1032.tmp.jpg,2021.0,,3,3,3,3,3,3
my_images/3\ds2_09_11_2021_126E.tmp.jpg,2021.0,,3,3,4,3,3,3
my_images/3\ds2_09_11_2021_1616.tmp.jpg,2021.0,,3,3,4,4,4,4
my_images/3\ds2_09_11_2021_1B44.tmp.jpg,2021.0,,3,3,4,4,4,3
my_images/3\ds2_09_11_2021_2737.tmp.jpg,2021.0,,3,2,4,3,3,3
my_images/3\ds2_09_11_2021_27C6.tmp.jpg,2021.0,,3,3,3,3,3,3
my_images/3\ds2_09_11_2021_5BCD.tmp.jpg,2021.0,,3,3,3,3,3,3
my_images/3\ds2_09_11_2021_7527.tmp.jpg,2021.0,,3,3,3,3,3,3
my_images/3\ds2_09_11_2021_A49A.tmp.jpg,2021.0,,3,4,4,4,4,4
my_images/3\ds2_09_11_2021_A53C.tmp.jpg,2021.0,,3,3,3,3,3,3
my_images/3\ds2_09_11_2021_A54F.tmp.jpg,2021.0,,3,3,3,3,3,3
my_images/3\ds2_09_11_2021_A582.tmp.jpg,2021.0,,3,2,3,2,3,3
my_images/3\ds2_09_11_2021_B1DE.tmp.jpg,2021.0,,3,3,3,3,3,3
my_images/3\ds2_09_11_2021_B952.tmp.jpg,2021.0,,3,3,3,2,2,3
my_images/3\ds2_09_11_2021_C904.tmp.jpg,2021.0,,3,3,2,3,3,3
my_images/3\ds2_09_11_2021_CAAC.tmp.jpg,2021.0,,3,3,3,3,3,3
my_images/3\ds2_09_11_2021_CC63.tmp.jpg,2021.0,,3,3,3,3,4,3
my_images/3\ds2_09_11_2021_CFC1.tmp.jpg,2021.0,,3,3,3,3,3,3
my_images/3\ds2_09_11_2021_D166.tmp.jpg,2021.0,,3,3,3,3,3,4
my_images/3\ds2_09_11_2021_D466.tmp.jpg,2021.0,,3,3,4,3,3,3
my_images/3\ds2_09_11_2021_D4F5.tmp.jpg,2021.0,,3,3,4,3,3,3
my_images/3\ds2_09_11_2021_D797.tmp.jpg,2021.0,,3,3,4,3,3,3
my_images/3\ds2_09_11_2021_E278.tmp.jpg,2021.0,,3,3,4,3,3,3
my_images/3\ds2_09_11_2021_E529.tmp.jpg,2021.0,,3,3,3,3,3,3
my_images/3\ds2_09_11_2021_E693.tmp.jpg,2021.0,,3,4,0,1,1,0
my_images/3\ds2_09_11_2021_EF9D.tmp.jpg,2021.0,,3,3,3,3,3,3
my_images/3\ds2_10_11_2021_2419.tmp.jpg,2021.0,,3,2,3,2,3,3
my_images/3\ds2_10_11_2021_243A.tmp.jpg,2021.0,,3,3,0,0,0,3
my_images/3\ds2_10_11_2021_2507.tmp.jpg,2021.0,,3,3,4,3,3,3
my_images/3\ds2_10_11_2021_26B2.tmp.jpg,2021.0,,3,3,3,3,3,3
my_images/3\ds2_10_11_2021_26D2.tmp.jpg,2021.0,,3,3,3,3,1,3
my_images/3\ds2_10_11_2021_27AF.tmp.jpg,2021.0,,3,3,4,3,3,2
my_images/3\ds2_10_11_2021_2989.tmp.jpg,2021.0,,3,4,4,4,4,3
my_images/3\ds2_10_11_2021_299A.tmp.jpg,2021.0,,3,3,4,4,3,3
my_images/3\ds2_10_11_2021_A9C0.tmp.jpg,2021.0,,3,3,4,3,3,3
my_images/3\ds2_10_11_2021_AA9F.tmp.jpg,2021.0,,3,3,3,3,3,3
my_images/3\ds2_10_11_2021_AAD0.tmp.jpg,2021.0,,3,3,3,3,3,3
my_images/3\ds2_10_11_2021_AAF1.tmp.jpg,2021.0,,3,3,3,3,3,3
my_images/3\ds2_10_11_2021_AB44.tmp.jpg,2021.0,,3,3,3,3,3,3
my_images/3\ds2_10_11_2021_AB78.tmp.jpg,2021.0,,3,3,3,3,3,4
my_images/3\ds2_10_11_2021_ABBD.tmp.jpg,2021.0,,3,0,0,0,3,0
my_images/3\ds2_10_11_2021_AC1D.tmp.jpg,2021.0,,3,3,3,2,2,3
my_images/3\ds2_10_11_2021_AE63.tmp.jpg,2021.0,,3,3,3,3,3,3
my_images/3\ds2_10_11_2021_AF4E.tmp.jpg,2021.0,,3,3,3,2,3,3
my_images/3\ds2_10_11_2021_B08C.tmp.jpg,2021.0,,3,3,3,3,3,3
my_images/3\ds2_10_11_2021_B26D.tmp.jpg,2021.0,,3,3,3,3,3,3
my_images/3\ds2_10_11_2021_B290.tmp.jpg,2021.0,,3,3,3,3,3,3
my_images/3\ds2_10_11_2021_B2A1.tmp.jpg,2021.0,,3,3,3,2,3,3
my_images/3\ds2_10_11_2021_B2C2.tmp.jpg,2021.0,,3,3,3,3,3,4
my_images/3\ds2_10_11_2021_B842.tmp.jpg,2021.0,,3,2,1,3,2,1
my_images/3\ds2_10_11_2021_B854.tmp.jpg,2021.0,,3,3,3,3,3,3
my_images/3\ds2_10_11_2021_B885.tmp.jpg,2021.0,,3,3,3,3,3,3
my_images/3\ds2_10_11_2021_BAE9.tmp.jpg,2021.0,,3,3,3,3,3,3
my_images/3\ds2_10_11_2021_BC31.tmp.jpg,2021.0,,3,3,3,3,3,2
my_images/3\ds2_10_11_2021_BC71.tmp.jpg,2021.0,,3,3,3,3,3,2
my_images/3\ds2_10_11_2021_F1DC.tmp.jpg,2021.0,,3,3,3,2,3,3
my_images/3\ds2_10_11_2021_F30A.tmp.jpg,2021.0,,3,3,2,3,3,3
my_images/3\ds2_10_11_2021_F596.tmp.jpg,2021.0,,3,3,3,3,3,3
my_images/3\ds2_10_11_2021_F5A6.tmp.jpg,2021.0,,3,3,4,3,3,3
my_images/3\ds2_10_11_2021_F6C1.tmp.jpg,2021.0,,3,3,3,2,2,3
my_images/3\ds2_10_11_2021_F77A.tmp.jpg,2021.0,,3,3,3,3,3,3
my_images/3\ds2_10_11_2021_FA5D.tmp.jpg,2021.0,,3,3,3,3,2,3
my_images/3\ds2_10_11_2021_FACD.tmp.jpg,2021.0,,3,3,3,3,3,2
my_images/3\ds2_10_11_2021_FB50.tmp.jpg,2021.0,,3,3,4,3,3,3
my_images/3\ds2_11_04_2022_8A72.tmp.jpg,2022.0,,3,3,4,3,3,3
my_images/3\ds2_11_04_2022_8B5E.tmp.jpg,2022.0,,3,3,3,4,4,3
my_images/3\ds2_11_04_2022_8ECC.tmp.jpg,2022.0,,3,3,3,3,3,3
my_images/3\ds2_11_04_2022_98B9.tmp.jpg,2022.0,,3,3,3,3,3,3
my_images/3\ds2_11_04_2022_9BC7.tmp.jpg,2022.0,,3,3,2,2,0,3
my_images/3\ds2_11_04_2022_9C85.tmp.jpg,2022.0,,3,4,3,4,4,3
my_images/3\ds2_11_04_2022_9D9D.tmp.jpg,2022.0,,3,3,3,3,2,3
my_images/3\ds2_11_04_2022_9E6B.tmp.jpg,2022.0,,3,3,3,4,4,4
my_images/3\ds2_11_04_2022_9E8D.tmp.jpg,2022.0,,3,3,3,3,3,3
my_images/3\ds2_11_04_2022_A033.tmp.jpg,2022.0,,3,3,4,3,4,4
my_images/3\ds2_11_04_2022_A160.tmp.jpg,2022.0,,3,3,3,2,3,3
my_images/3\ds2_11_04_2022_A1E3.tmp.jpg,2022.0,,3,4,4,3,4,3
my_images/3\ds2_11_04_2022_A2B2.tmp.jpg,2022.0,,3,3,3,3,4,3
my_images/3\ds2_11_04_2022_A652.tmp.jpg,2022.0,,3,3,3,3,4,4
my_images/3\ds2_11_04_2022_CA82.tmp.jpg,2022.0,,3,3,3,3,3,4
my_images/3\ds2_11_04_2022_CD2F.tmp.jpg,2022.0,,3,4,3,4,4,3
my_images/3\ds2_11_04_2022_CE1D.tmp.jpg,2022.0,,3,4,4,3,3,3
my_images/3\ds2_11_04_2022_CE1E.tmp.jpg,2022.0,,3,3,3,3,3,3
my_images/3\ds2_11_04_2022_D090.tmp.jpg,2022.0,,3,3,3,3,3,3
my_images/3\ds2_11_04_2022_D141.tmp.jpg,2022.0,,3,3,3,4,4,3
my_images/3\ds2_11_04_2022_D1C0.tmp.jpg,2022.0,,3,3,3,3,4,3
my_images/3\ds2_11_04_2022_D2B4.tmp.jpg,2022.0,,3,3,3,3,3,4
my_images/3\ds2_11_04_2022_D72B.tmp.jpg,2022.0,,3,3,3,3,0,3
my_images/3\ds2_11_04_2022_D76D.tmp.jpg,2022.0,,3,3,3,3,3,3
my_images/3\ds2_11_04_2022_D7D2.tmp.jpg,2022.0,,3,3,3,4,4,4
my_images/3\ds2_11_04_2022_D7F3.tmp.jpg,2022.0,,3,3,3,2,3,3
my_images/3\ds2_11_04_2022_DAB6.tmp.jpg,2022.0,,3,3,3,3,3,3
my_images/3\ds2_11_04_2022_DD3F.tmp.jpg,2022.0,,3,3,3,3,3,3
my_images/3\ds2_11_04_2022_DE00.tmp.jpg,2022.0,,3,3,2,3,3,3
my_images/3\ds2_11_04_2022_E07F.tmp.jpg,2022.0,,3,3,3,3,3,2
my_images/3\ds2_11_04_2022_E11E.tmp.jpg,2022.0,,3,3,3,3,3,3
my_images/3\ds2_11_04_2022_E130.tmp.jpg,2022.0,,3,3,3,3,4,3
my_images/3\ds2_11_04_2022_E1E7.tmp.jpg,2022.0,,3,3,3,2,3,3
my_images/3\ds2_11_04_2022_ECA5.tmp.jpg,2022.0,,3,3,2,3,3,2
my_images/3\ds2_11_04_2022_F552.tmp.jpg,2022.0,,3,3,3,2,2,3
my_images/3\ds2_11_04_2022_F583.tmp.jpg,2022.0,,3,3,3,3,3,3
my_images/3\ds2_11_04_2022_F79A.tmp.jpg,2022.0,,3,3,3,3,3,3
my_images/3\ds2_12_04_2022_5C0E.tmp.jpg,2022.0,,3,3,3,3,3,3
my_images/3\ds2_12_04_2022_5C75.tmp.jpg,2022.0,,3,3,3,3,3,3
my_images/3\ds2_12_04_2022_885F.tmp.jpg,2022.0,,3,3,3,4,4,4
my_images/3\ds2_12_04_2022_8901.tmp.jpg,2022.0,,3,0,3,2,2,3
my_images/3\ds2_12_04_2022_8964.tmp.jpg,2022.0,,3,3,3,3,4,3
my_images/3\ds2_12_04_2022_89C8.tmp.jpg,2022.0,,3,3,3,0,3,1
my_images/3\ds2_12_04_2022_8AF6.tmp.jpg,2022.0,,3,3,3,3,3,3
my_images/3\ds2_12_04_2022_D149.tmp.jpg,2022.0,,3,3,3,3,3,3
my_images/3\ds2_12_04_2022_D17A.tmp.jpg,2022.0,,3,3,3,3,3,2
my_images/3\ds2_12_04_2022_D1AB.tmp.jpg,2022.0,,3,4,3,3,3,4
my_images/3\ds2_12_04_2022_D20F.tmp.jpg,2022.0,,3,3,4,4,4,4
my_images/3\ds2_12_04_2022_D220.tmp.jpg,2022.0,,3,2,2,2,2,3
my_images/3\ds2_12_04_2022_D282.tmp.jpg,2022.0,,3,3,3,3,3,3
my_images/3\ds2_12_04_2022_D2B4.tmp.jpg,2022.0,,3,3,3,3,3,3
my_images/3\ds2_12_04_2022_D2D6.tmp.jpg,2022.0,,3,4,4,4,4,3
my_images/3\ds2_12_05_2022_220.tmp.jpg,2022.0,,3,4,4,3,3,4
my_images/3\ds2_12_05_2022_65A.tmp.jpg,2022.0,,3,3,3,2,3,3
my_images/3\ds2_12_05_2022_6BA.tmp.jpg,2022.0,,3,3,3,3,3,2
my_images/3\ds2_12_05_2022_72A.tmp.jpg,2022.0,,3,3,3,3,3,3
my_images/3\ds2_12_05_2022_7B0.tmp.jpg,2022.0,,3,3,4,4,4,4
my_images/3\ds2_12_05_2022_7F1.tmp.jpg,2022.0,,3,3,3,2,3,3
my_images/3\ds2_12_05_2022_85C9.tmp.jpg,2022.0,,3,3,3,2,3,3
my_images/3\ds2_12_05_2022_8780.tmp.jpg,2022.0,,3,3,3,3,3,4
my_images/3\ds2_12_05_2022_887C.tmp.jpg,2022.0,,3,4,4,4,4,3
my_images/3\ds2_12_05_2022_895C.tmp.jpg,2022.0,,3,3,3,3,3,3
my_images/3\ds2_12_05_2022_8A0C.tmp.jpg,2022.0,,3,0,0,0,0,0
my_images/3\ds2_12_05_2022_8A1D.tmp.jpg,2022.0,,3,3,3,2,3,3
my_images/3\ds2_12_05_2022_8ABB.tmp.jpg,2022.0,,3,3,3,3,3,3
my_images/3\ds2_12_05_2022_8BA9.tmp.jpg,2022.0,,3,3,3,3,4,4
my_images/3\ds2_12_05_2022_8DDA.tmp.jpg,2022.0,,3,3,4,3,3,3
my_images/3\ds2_12_05_2022_8DF.tmp.jpg,2022.0,,3,3,4,3,3,3
my_images/3\ds2_12_05_2022_9117.tmp.jpg,2022.0,,3,3,3,3,3,3
my_images/3\ds2_12_05_2022_941.tmp.jpg,2022.0,,3,3,3,3,3,3
my_images/3\ds2_12_05_2022_96A6.tmp.jpg,2022.0,,3,3,3,3,4,3
my_images/3\ds2_12_05_2022_96C8.tmp.jpg,2022.0,,3,3,3,3,2,3
my_images/3\ds2_12_05_2022_A77F.tmp.jpg,2022.0,,3,3,4,3,4,3
my_images/3\ds2_12_05_2022_A7CF.tmp.jpg,2022.0,,3,3,3,3,4,3
my_images/3\ds2_12_05_2022_A800.tmp.jpg,2022.0,,3,3,3,2,2,2
my_images/3\ds2_12_05_2022_A95E.tmp.jpg,2022.0,,3,4,4,4,4,3
my_images/3\ds2_12_05_2022_AA54.tmp.jpg,2022.0,,3,3,3,3,3,3
my_images/3\ds2_12_05_2022_AA87.tmp.jpg,2022.0,,3,3,3,3,2,3
my_images/3\ds2_12_05_2022_ABB8.tmp.jpg,2022.0,,3,3,3,3,3,3
my_images/3\ds2_12_05_2022_AC1A.tmp.jpg,2022.0,,3,2,3,3,3,2
my_images/3\ds2_12_05_2022_AC7B.tmp.jpg,2022.0,,3,3,3,2,3,3
my_images/3\ds2_12_05_2022_AF1.tmp.jpg,2022.0,,3,3,3,4,3,3
my_images/3\ds2_12_05_2022_B00D.tmp.jpg,2022.0,,3,3,3,3,3,3
my_images/3\ds2_12_05_2022_B00E.tmp.jpg,2022.0,,3,3,3,1,3,1
my_images/3\ds2_12_05_2022_B09D.tmp.jpg,2022.0,,3,3,3,3,3,3
my_images/3\ds2_12_05_2022_B15C.tmp.jpg,2022.0,,3,4,4,4,4,4
my_images/3\ds2_12_05_2022_BC5.tmp.jpg,2022.0,,3,3,3,2,3,3
my_images/3\ds2_12_05_2022_C07.tmp.jpg,2022.0,,3,3,2,3,4,3
my_images/3\ds2_12_05_2022_C18.tmp.jpg,2022.0,,3,3,3,4,4,3
my_images/3\ds2_12_05_2022_C7A.tmp.jpg,2022.0,,3,4,4,4,4,4
my_images/3\ds2_12_05_2022_E36.tmp.jpg,2022.0,,3,3,3,4,3,3
my_images/3\ds2_12_05_2022_ECB.tmp.jpg,2022.0,,3,3,3,3,3,1
my_images/3\ds2_12_05_2022_EDB.tmp.jpg,2022.0,,3,3,3,3,3,3
my_images/3\ds2_13_10_2021_3413.tmp.jpg,2021.0,,3,4,4,4,4,4
my_images/3\ds2_13_10_2021_3454.tmp.jpg,2021.0,,3,3,3,3,3,3
my_images/3\ds2_13_10_2021_3476.tmp.jpg,2021.0,,3,3,3,3,3,3
my_images/3\ds2_13_10_2021_3487.tmp.jpg,2021.0,,3,3,3,3,3,3
my_images/3\ds2_13_10_2021_34A8.tmp.jpg,2021.0,,3,3,3,3,3,2
my_images/3\ds2_13_10_2021_3517.tmp.jpg,2021.0,,3,2,4,3,3,2
my_images/3\ds2_13_10_2021_3548.tmp.jpg,2021.0,,3,3,2,3,2,3
my_images/3\ds2_13_10_2021_35EB.tmp.jpg,2021.0,,3,1,1,1,0,1
my_images/3\ds2_13_10_2021_360C.tmp.jpg,2021.0,,3,3,3,3,3,3
my_images/3\ds2_13_10_2021_361E.tmp.jpg,2021.0,,3,3,3,2,3,3
my_images/3\ds2_13_10_2021_363F.tmp.jpg,2021.0,,3,3,4,4,4,3
my_images/3\ds2_13_10_2021_4D8A.tmp.jpg,2021.0,,3,3,4,4,4,3
my_images/3\ds2_13_10_2021_538E.tmp.jpg,2021.0,,3,3,3,3,3,3
my_images/3\ds2_13_10_2021_544F.tmp.jpg,2021.0,,3,3,3,3,3,3
my_images/3\ds2_13_10_2021_54A1.tmp.jpg,2021.0,,3,3,3,3,2,3
my_images/3\ds2_13_10_2021_5501.tmp.jpg,2021.0,,3,3,3,3,3,3
my_images/3\ds2_13_10_2021_5605.tmp.jpg,2021.0,,3,3,3,3,3,3
my_images/3\ds2_13_12_2021_1041.tmp.jpg,2021.0,,3,3,3,3,3,3
my_images/3\ds2_13_12_2021_1507.tmp.jpg,2021.0,,3,3,3,3,3,3
my_images/3\ds2_13_12_2021_1529.tmp.jpg,2021.0,,3,3,3,3,3,3
my_images/3\ds2_13_12_2021_15D6.tmp.jpg,2021.0,,3,3,2,3,3,3
my_images/3\ds2_13_12_2021_1924.tmp.jpg,2021.0,,3,3,4,3,4,4
my_images/3\ds2_13_12_2021_1AFD.tmp.jpg,2021.0,,3,3,3,3,3,3
my_images/3\ds2_13_12_2021_1B2F.tmp.jpg,2021.0,,3,3,3,3,3,4
my_images/3\ds2_13_12_2021_1B4F.tmp.jpg,2021.0,,3,3,3,3,3,3
my_images/3\ds2_13_12_2021_1B90.tmp.jpg,2021.0,,3,3,3,3,3,3
my_images/3\ds2_13_12_2021_1BE0.tmp.jpg,2021.0,,3,3,2,3,3,3
my_images/3\ds2_13_12_2021_1CBC.tmp.jpg,2021.0,,3,3,3,2,3,3
my_images/3\ds2_13_12_2021_3730.tmp.jpg,2021.0,,3,3,3,1,2,3
my_images/3\ds2_13_12_2021_430B.tmp.jpg,2021.0,,3,3,3,3,3,3
my_images/3\ds2_13_12_2021_B554.tmp.jpg,2021.0,,3,3,3,2,2,3
my_images/3\ds2_13_12_2021_B682.tmp.jpg,2021.0,,3,3,3,3,3,3
my_images/3\ds2_13_12_2021_B692.tmp.jpg,2021.0,,3,3,3,3,3,3
my_images/3\ds2_13_12_2021_B9E0.tmp.jpg,2021.0,,3,3,3,3,3,3
my_images/3\ds2_13_12_2021_BB98.tmp.jpg,2021.0,,3,3,3,3,3,3
my_images/3\ds2_13_12_2021_BC26.tmp.jpg,2021.0,,3,2,3,2,3,3
my_images/3\ds2_13_12_2021_C062.tmp.jpg,2021.0,,3,3,3,3,2,3
my_images/3\ds2_13_12_2021_C3C6.tmp.jpg,2021.0,,3,3,3,3,3,3
my_images/3\ds2_14_10_2021_2D6F.tmp.jpg,2021.0,,3,3,3,4,4,3
my_images/3\ds2_14_10_2021_2ED8.tmp.jpg,2021.0,,3,3,3,3,3,3
my_images/3\ds2_14_10_2021_2F0A.tmp.jpg,2021.0,,3,3,3,3,3,3
my_images/3\ds2_14_10_2021_2F4D.tmp.jpg,2021.0,,3,3,3,3,3,3
my_images/3\ds2_14_10_2021_2F6E.tmp.jpg,2021.0,,3,1,3,3,3,3
my_images/3\ds2_14_10_2021_2FA0.tmp.jpg,2021.0,,3,3,3,3,3,3
my_images/3\ds2_14_10_2021_2FD2.tmp.jpg,2021.0,,3,3,3,3,3,3
my_images/3\ds2_14_10_2021_2FF2.tmp.jpg,2021.0,,3,3,3,3,3,2
my_images/3\ds2_14_10_2021_3004.tmp.jpg,2021.0,,3,3,3,2,3,3
my_images/3\ds2_14_10_2021_30B4.tmp.jpg,2021.0,,3,3,3,3,2,3
my_images/3\ds2_14_10_2021_30F4.tmp.jpg,2021.0,,3,3,3,3,3,3
my_images/3\ds2_14_10_2021_3106.tmp.jpg,2021.0,,3,3,3,3,3,3
my_images/3\ds2_14_10_2021_331B.tmp.jpg,2021.0,,3,3,3,3,3,3
my_images/3\ds2_14_10_2021_553D.tmp.jpg,2021.0,,3,3,4,3,3,3
my_images/3\ds2_14_10_2021_556E.tmp.jpg,2021.0,,3,3,3,3,3,3
my_images/3\ds2_15_10_2021_186E.tmp.jpg,2021.0,,3,4,3,4,4,3
my_images/3\ds2_15_10_2021_1A58.tmp.jpg,2021.0,,3,3,4,4,4,3
my_images/3\ds2_15_10_2021_1AAA.tmp.jpg,2021.0,,3,3,3,3,3,4
my_images/3\ds2_15_10_2021_1B75.tmp.jpg,2021.0,,3,3,4,4,4,4
my_images/3\ds2_15_10_2021_1B77.tmp.jpg,2021.0,,3,3,3,3,3,4
my_images/3\ds2_15_10_2021_74B8.tmp.jpg,2021.0,,3,3,3,3,3,3
my_images/3\ds2_15_10_2021_7587.tmp.jpg,2021.0,,3,3,3,3,3,3
my_images/3\ds2_15_10_2021_75C8.tmp.jpg,2021.0,,3,4,4,4,4,4
my_images/3\ds2_15_10_2021_7629.tmp.jpg,2021.0,,3,3,3,3,2,3
my_images/3\ds2_15_10_2021_768B.tmp.jpg,2021.0,,3,1,2,0,0,1
my_images/3\ds2_15_10_2021_768C.tmp.jpg,2021.0,,3,3,3,3,3,3
my_images/3\ds2_15_10_2021_768D.tmp.jpg,2021.0,,3,3,3,2,2,3
my_images/3\ds2_16_11_2021_10FE.tmp.jpg,2021.0,,3,3,3,3,4,3
my_images/3\ds2_16_11_2021_112E.tmp.jpg,2021.0,,3,3,3,3,3,3
my_images/3\ds2_16_11_2021_1180.tmp.jpg,2021.0,,3,3,4,3,4,3
my_images/3\ds2_16_11_2021_1259.tmp.jpg,2021.0,,3,3,2,3,3,3
my_images/3\ds2_16_11_2021_127C.tmp.jpg,2021.0,,3,3,2,3,3,2
my_images/3\ds2_16_11_2021_12BD.tmp.jpg,2021.0,,3,3,3,3,3,3
my_images/3\ds2_16_11_2021_1301.tmp.jpg,2021.0,,3,2,3,3,3,3
my_images/3\ds2_16_11_2021_15C9.tmp.jpg,2021.0,,3,3,3,3,3,2
my_images/3\ds2_16_11_2021_15FC.tmp.jpg,2021.0,,3,3,3,3,3,3
my_images/3\ds2_16_11_2021_163F.tmp.jpg,2021.0,,3,3,3,3,3,3
my_images/3\ds2_16_11_2021_1650.tmp.jpg,2021.0,,3,3,3,4,4,4
my_images/3\ds2_16_11_2021_17F2.tmp.jpg,2021.0,,3,3,3,3,0,3
my_images/3\ds2_16_11_2021_1895.tmp.jpg,2021.0,,3,3,2,3,3,3
my_images/3\ds2_16_11_2021_1AD9.tmp.jpg,2021.0,,3,3,3,2,3,3
my_images/3\ds2_16_11_2021_20E5.tmp.jpg,2021.0,,3,4,3,4,4,4
my_images/3\ds2_16_11_2021_235E.tmp.jpg,2021.0,,3,3,3,3,3,4
my_images/3\ds2_16_11_2021_29A5.tmp.jpg,2021.0,,3,3,3,3,3,3
my_images/3\ds2_16_11_2021_2C85.tmp.jpg,2021.0,,3,3,3,3,2,2
my_images/3\ds2_16_11_2021_346A.tmp.jpg,2021.0,,3,3,3,3,3,3
my_images/3\ds2_16_11_2021_37E6.tmp.jpg,2021.0,,3,3,3,3,3,3
my_images/3\ds2_16_11_2021_40ED.tmp.jpg,2021.0,,3,3,3,3,3,2
my_images/3\ds2_16_11_2021_4B01.tmp.jpg,2021.0,,3,3,3,3,3,3
my_images/3\ds2_16_11_2021_53F.tmp.jpg,2021.0,,3,3,3,3,3,3
my_images/3\ds2_16_11_2021_5A1B.tmp.jpg,2021.0,,3,3,3,3,3,3
my_images/3\ds2_16_11_2021_5E75.tmp.jpg,2021.0,,3,2,3,2,2,3
my_images/3\ds2_16_11_2021_679.tmp.jpg,2021.0,,3,3,3,3,3,3
my_images/3\ds2_16_11_2021_6A46.tmp.jpg,2021.0,,3,2,2,2,2,3
my_images/3\ds2_16_11_2021_6CAA.tmp.jpg,2021.0,,3,3,3,3,3,3
my_images/3\ds2_16_11_2021_72E7.tmp.jpg,2021.0,,3,3,3,3,4,3
my_images/3\ds2_16_11_2021_771F.tmp.jpg,2021.0,,3,3,3,3,3,2
my_images/3\ds2_16_11_2021_77A1.tmp.jpg,2021.0,,3,3,3,3,3,3
my_images/3\ds2_16_11_2021_79C8.tmp.jpg,2021.0,,3,3,4,3,3,3
my_images/3\ds2_16_11_2021_7DF.tmp.jpg,2021.0,,3,3,4,3,3,3
my_images/3\ds2_16_11_2021_82AF.tmp.jpg,2021.0,,3,3,3,3,3,3
my_images/3\ds2_16_11_2021_83AB.tmp.jpg,2021.0,,3,3,3,3,3,3
my_images/3\ds2_16_11_2021_841A.tmp.jpg,2021.0,,3,4,3,3,3,3
my_images/3\ds2_16_11_2021_856F.tmp.jpg,2021.0,,3,3,3,3,3,3
my_images/3\ds2_16_11_2021_874A.tmp.jpg,2021.0,,3,3,3,3,3,3
my_images/3\ds2_16_11_2021_8881.tmp.jpg,2021.0,,3,3,0,2,0,2
my_images/3\ds2_16_11_2021_8CE1.tmp.jpg,2021.0,,3,3,3,2,3,3
my_images/3\ds2_16_11_2021_9076.tmp.jpg,2021.0,,3,3,3,2,2,2
my_images/3\ds2_16_11_2021_9308.tmp.jpg,2021.0,,3,3,3,2,2,3
my_images/3\ds2_16_11_2021_979E.tmp.jpg,2021.0,,3,4,3,3,3,3
my_images/3\ds2_16_11_2021_994A.tmp.jpg,2021.0,,3,4,4,3,3,3
my_images/3\ds2_16_11_2021_99AA.tmp.jpg,2021.0,,3,3,3,3,3,3
my_images/3\ds2_16_11_2021_A008.tmp.jpg,2021.0,,3,0,3,3,0,4
my_images/3\ds2_16_11_2021_A3BB.tmp.jpg,2021.0,,3,3,2,3,2,3
my_images/3\ds2_16_11_2021_AA22.tmp.jpg,2021.0,,3,3,2,2,2,3
my_images/3\ds2_16_11_2021_AA32.tmp.jpg,2021.0,,3,3,3,2,3,3
my_images/3\ds2_16_11_2021_AAA2.tmp.jpg,2021.0,,3,3,3,3,3,3
my_images/3\ds2_16_11_2021_AC0D.tmp.jpg,2021.0,,3,3,4,3,3,3
my_images/3\ds2_16_11_2021_AC71.tmp.jpg,2021.0,,3,3,3,3,3,4
my_images/3\ds2_16_11_2021_ACE5.tmp.jpg,2021.0,,3,3,4,3,3,3
my_images/3\ds2_16_11_2021_B17B.tmp.jpg,2021.0,,3,3,3,3,3,2
my_images/3\ds2_16_11_2021_BC10.tmp.jpg,2021.0,,3,3,3,3,3,3
my_images/3\ds2_16_11_2021_BF15.tmp.jpg,2021.0,,3,2,3,3,3,3
my_images/3\ds2_16_11_2021_C79B.tmp.jpg,2021.0,,3,3,3,3,2,3
my_images/3\ds2_16_11_2021_C80A.tmp.jpg,2021.0,,3,3,3,2,3,3
my_images/3\ds2_16_11_2021_CDCD.tmp.jpg,2021.0,,3,3,3,3,3,3
my_images/3\ds2_16_11_2021_D31.tmp.jpg,2021.0,,3,3,3,3,3,3
my_images/3\ds2_16_11_2021_D4C3.tmp.jpg,2021.0,,3,3,4,3,3,3
my_images/3\ds2_16_11_2021_D567.tmp.jpg,2021.0,,3,3,3,3,3,3
my_images/3\ds2_16_11_2021_D7DA.tmp.jpg,2021.0,,3,4,3,3,3,3
my_images/3\ds2_16_11_2021_D80A.tmp.jpg,2021.0,,3,3,3,3,3,3
my_images/3\ds2_16_11_2021_D993.tmp.jpg,2021.0,,3,3,3,3,3,3
my_images/3\ds2_16_11_2021_DB1C.tmp.jpg,2021.0,,3,3,3,3,3,3
my_images/3\ds2_16_11_2021_DDCF.tmp.jpg,2021.0,,3,4,3,4,4,3
my_images/3\ds2_16_11_2021_E71.tmp.jpg,2021.0,,3,3,3,3,3,3
my_images/3\ds2_16_11_2021_ED1.tmp.jpg,2021.0,,3,3,3,3,3,3
my_images/3\ds2_16_11_2021_ED2.tmp.jpg,2021.0,,3,3,3,3,3,3
my_images/3\ds2_16_11_2021_F15.tmp.jpg,2021.0,,3,3,3,3,3,3
my_images/3\ds2_16_11_2021_F442.tmp.jpg,2021.0,,3,3,3,3,3,3
my_images/3\ds2_16_11_2021_F745.tmp.jpg,2021.0,,3,3,3,3,3,3
my_images/3\ds2_16_11_2021_FD14.tmp.jpg,2021.0,,3,3,3,2,3,2
my_images/3\ds2_16_11_2021_FF5A.tmp.jpg,2021.0,,3,3,3,3,3,3
my_images/3\ds2_17_05_2022_207A.tmp.jpg,2022.0,,3,3,3,3,0,3
my_images/3\ds2_17_05_2022_2214.tmp.jpg,2022.0,,3,4,3,3,3,3
my_images/3\ds2_17_05_2022_23C.tmp.jpg,2022.0,,3,3,3,3,2,3
my_images/3\ds2_17_05_2022_2401.tmp.jpg,2022.0,,3,3,3,3,4,3
my_images/3\ds2_17_05_2022_24A5.tmp.jpg,2022.0,,3,2,3,3,3,3
my_images/3\ds2_17_05_2022_2668.tmp.jpg,2022.0,,3,3,3,3,3,3
my_images/3\ds2_17_05_2022_2904.tmp.jpg,2022.0,,3,3,4,4,3,3
my_images/3\ds2_17_05_2022_2966.tmp.jpg,2022.0,,3,3,3,3,3,3
my_images/3\ds2_17_05_2022_3B5.tmp.jpg,2022.0,,3,3,3,3,3,3
my_images/3\ds2_17_05_2022_4FC1.tmp.jpg,2022.0,,3,2,3,3,3,3
my_images/3\ds2_17_05_2022_50F.tmp.jpg,2022.0,,3,3,3,3,3,3
my_images/3\ds2_17_05_2022_52DB.tmp.jpg,2022.0,,3,4,4,4,4,3
my_images/3\ds2_17_05_2022_6E6.tmp.jpg,2022.0,,3,4,4,3,4,3
my_images/3\ds2_17_05_2022_EF7C.tmp.jpg,2022.0,,3,3,4,3,3,3
my_images/3\ds2_17_05_2022_EFBD.tmp.jpg,2022.0,,3,4,4,3,3,2
my_images/3\ds2_17_05_2022_F06B.tmp.jpg,2022.0,,3,3,3,3,3,3
my_images/3\ds2_17_05_2022_F282.tmp.jpg,2022.0,,3,3,3,3,3,3
my_images/3\ds2_17_05_2022_F2E4.tmp.jpg,2022.0,,3,3,3,3,3,4
my_images/3\ds2_17_05_2022_F3B4.tmp.jpg,2022.0,,3,3,4,3,4,4
my_images/3\ds2_17_05_2022_F3C4.tmp.jpg,2022.0,,3,3,3,3,3,3
my_images/3\ds2_17_05_2022_F3C5.tmp.jpg,2022.0,,3,3,4,3,4,3
my_images/3\ds2_17_05_2022_F3D6.tmp.jpg,2022.0,,3,3,3,3,3,3
my_images/3\ds2_17_05_2022_F486.tmp.jpg,2022.0,,3,4,4,3,3,3
my_images/3\ds2_17_05_2022_F4B7.tmp.jpg,2022.0,,3,3,3,3,3,3
my_images/3\ds2_17_05_2022_F4C8.tmp.jpg,2022.0,,3,3,3,3,3,2
my_images/3\ds2_17_05_2022_F5D4.tmp.jpg,2022.0,,3,3,3,3,4,3
my_images/3\ds2_17_05_2022_F653.tmp.jpg,2022.0,,3,2,3,3,3,3
my_images/3\ds2_17_05_2022_F6A5.tmp.jpg,2022.0,,3,3,3,3,3,3
my_images/3\ds2_17_05_2022_F748.tmp.jpg,2022.0,,3,3,4,3,3,3
my_images/3\ds2_17_05_2022_F867.tmp.jpg,2022.0,,3,3,3,3,3,3
my_images/3\ds2_17_11_2021_4A8E.tmp.jpg,2021.0,,3,3,3,4,3,3
my_images/3\ds2_17_11_2021_4AEE.tmp.jpg,2021.0,,3,3,3,3,3,3
my_images/3\ds2_17_11_2021_4BB0.tmp.jpg,2021.0,,3,4,4,3,4,4
my_images/3\ds2_17_11_2021_4BE4.tmp.jpg,2021.0,,3,3,3,3,3,3
my_images/3\ds2_17_11_2021_4C55.tmp.jpg,2021.0,,3,0,3,0,0,3
my_images/3\ds2_17_11_2021_9F23.tmp.jpg,2021.0,,3,3,2,3,3,3
my_images/3\ds2_17_11_2021_A01F.tmp.jpg,2021.0,,3,3,3,3,3,3
my_images/3\ds2_17_11_2021_A041.tmp.jpg,2021.0,,3,3,3,3,3,3
my_images/3\ds2_17_11_2021_A052.tmp.jpg,2021.0,,3,3,3,3,4,4
my_images/3\ds2_17_11_2021_A172.tmp.jpg,2021.0,,3,3,3,3,3,3
my_images/3\ds2_17_11_2021_A183.tmp.jpg,2021.0,,3,3,3,3,3,3
my_images/3\ds2_17_11_2021_A223.tmp.jpg,2021.0,,3,3,3,3,3,2
my_images/3\ds2_17_11_2021_A3A6.tmp.jpg,2021.0,,3,3,3,3,3,3
my_images/3\ds2_17_11_2021_A45A.tmp.jpg,2021.0,,3,3,3,3,3,3
my_images/3\ds2_18_03_2022_1221.tmp.jpg,2022.0,,3,2,3,2,2,2
my_images/3\ds2_18_03_2022_1231.tmp.jpg,2022.0,,3,4,3,3,4,3
my_images/3\ds2_18_03_2022_13EF.tmp.jpg,2022.0,,3,2,3,3,2,3
my_images/3\ds2_18_03_2022_153D.tmp.jpg,2022.0,,3,3,3,2,3,3
my_images/3\ds2_18_03_2022_1581.tmp.jpg,2022.0,,3,3,3,3,3,3
my_images/3\ds2_18_03_2022_15E1.tmp.jpg,2022.0,,3,3,3,3,3,3
my_images/3\ds2_18_03_2022_212.tmp.jpg,2022.0,,3,3,3,3,0,0
my_images/3\ds2_18_03_2022_36ED.tmp.jpg,2022.0,,3,3,2,3,3,3
my_images/3\ds2_18_03_2022_3843.tmp.jpg,2022.0,,3,3,3,3,3,3
my_images/3\ds2_18_03_2022_3893.tmp.jpg,2022.0,,3,3,3,3,3,3
my_images/3\ds2_18_03_2022_38F2.tmp.jpg,2022.0,,3,3,2,3,3,3
my_images/3\ds2_18_03_2022_3BA8.tmp.jpg,2022.0,,3,3,3,3,3,3
my_images/3\ds2_18_03_2022_3BC6.tmp.jpg,2022.0,,3,3,3,4,3,3
my_images/3\ds2_18_03_2022_3D63.tmp.jpg,2022.0,,3,3,3,2,3,3
my_images/3\ds2_18_03_2022_400F.tmp.jpg,2022.0,,3,3,3,3,3,3
my_images/3\ds2_18_03_2022_40E.tmp.jpg,2022.0,,3,3,3,3,3,3
my_images/3\ds2_18_03_2022_4137.tmp.jpg,2022.0,,3,3,3,3,3,3
my_images/3\ds2_18_03_2022_4178.tmp.jpg,2022.0,,3,3,3,3,4,3
my_images/3\ds2_18_03_2022_41AE.tmp.jpg,2022.0,,3,3,2,2,2,3
my_images/3\ds2_18_03_2022_42B1.tmp.jpg,2022.0,,3,3,3,3,3,3
my_images/3\ds2_18_03_2022_43A2.tmp.jpg,2022.0,,3,3,3,3,3,3
my_images/3\ds2_18_03_2022_4494.tmp.jpg,2022.0,,3,3,3,3,3,4
my_images/3\ds2_18_03_2022_44B7.tmp.jpg,2022.0,,3,2,3,3,3,3
my_images/3\ds2_18_03_2022_44D7.tmp.jpg,2022.0,,3,3,4,2,3,3
my_images/3\ds2_18_03_2022_44DA.tmp.jpg,2022.0,,3,2,3,3,3,3
my_images/3\ds2_18_03_2022_4548.tmp.jpg,2022.0,,3,3,3,2,3,3
my_images/3\ds2_18_03_2022_455A.tmp.jpg,2022.0,,3,3,3,3,2,2
my_images/3\ds2_18_03_2022_4607.tmp.jpg,2022.0,,3,3,3,3,3,3
my_images/3\ds2_18_03_2022_461B.tmp.jpg,2022.0,,3,2,3,2,3,3
my_images/3\ds2_18_03_2022_4669.tmp.jpg,2022.0,,3,3,3,3,3,3
my_images/3\ds2_18_03_2022_466F.tmp.jpg,2022.0,,3,3,3,3,3,3
my_images/3\ds2_18_03_2022_4736.tmp.jpg,2022.0,,3,3,3,3,2,2
my_images/3\ds2_18_03_2022_4757.tmp.jpg,2022.0,,3,3,3,2,3,3
my_images/3\ds2_18_03_2022_49.tmp.jpg,2022.0,,3,3,3,3,3,3
my_images/3\ds2_18_03_2022_495.tmp.jpg,2022.0,,3,4,4,4,4,4
my_images/3\ds2_18_03_2022_4C04.tmp.jpg,2022.0,,3,3,3,3,3,3
my_images/3\ds2_18_03_2022_4C5F.tmp.jpg,2022.0,,3,3,3,3,3,3
my_images/3\ds2_18_03_2022_4E9E.tmp.jpg,2022.0,,3,3,3,3,3,3
my_images/3\ds2_18_03_2022_4EB5.tmp.jpg,2022.0,,3,3,3,3,3,3
my_images/3\ds2_18_03_2022_4F3E.tmp.jpg,2022.0,,3,3,3,3,3,3
my_images/3\ds2_18_03_2022_4F9E.tmp.jpg,2022.0,,3,4,3,3,3,3
my_images/3\ds2_18_03_2022_5164.tmp.jpg,2022.0,,3,3,3,3,3,4
my_images/3\ds2_18_03_2022_554.tmp.jpg,2022.0,,3,3,3,3,3,3
my_images/3\ds2_18_03_2022_5545.tmp.jpg,2022.0,,3,3,3,3,3,3
my_images/3\ds2_18_03_2022_5566.tmp.jpg,2022.0,,3,3,3,3,3,3
my_images/3\ds2_18_03_2022_5605.tmp.jpg,2022.0,,3,4,4,4,4,3
my_images/3\ds2_18_03_2022_590F.tmp.jpg,2022.0,,3,3,3,3,3,3
my_images/3\ds2_18_03_2022_595.tmp.jpg,2022.0,,3,0,0,0,0,0
my_images/3\ds2_18_03_2022_59BA.tmp.jpg,2022.0,,3,3,3,3,3,3
my_images/3\ds2_18_03_2022_5B88.tmp.jpg,2022.0,,3,4,3,3,4,3
my_images/3\ds2_18_03_2022_5F72.tmp.jpg,2022.0,,3,3,3,3,3,3
my_images/3\ds2_18_03_2022_6C4.tmp.jpg,2022.0,,3,3,3,3,3,3
my_images/3\ds2_18_03_2022_6F04.tmp.jpg,2022.0,,3,3,4,4,4,3
my_images/3\ds2_18_03_2022_81F7.tmp.jpg,2022.0,,3,3,3,3,3,3
my_images/3\ds2_18_03_2022_86BA.tmp.jpg,2022.0,,3,3,3,3,3,3
my_images/3\ds2_18_03_2022_86D.tmp.jpg,2022.0,,3,3,3,3,4,3
my_images/3\ds2_18_03_2022_870E.tmp.jpg,2022.0,,3,3,2,2,3,3
my_images/3\ds2_18_03_2022_93F.tmp.jpg,2022.0,,3,4,4,3,3,3
my_images/3\ds2_18_03_2022_9F0.tmp.jpg,2022.0,,3,3,3,2,3,2
my_images/3\ds2_18_03_2022_A31.tmp.jpg,2022.0,,3,3,3,3,3,3
my_images/3\ds2_18_03_2022_AC5.tmp.jpg,2022.0,,3,3,4,2,3,3
my_images/3\ds2_18_03_2022_B48.tmp.jpg,2022.0,,3,3,3,3,3,2
my_images/3\ds2_18_03_2022_B6A.tmp.jpg,2022.0,,3,3,3,3,3,2
my_images/3\ds2_18_03_2022_BD1.tmp.jpg,2022.0,,3,3,3,3,3,3
my_images/3\ds2_18_03_2022_C13.tmp.jpg,2022.0,,3,3,3,3,3,3
my_images/3\ds2_18_03_2022_C14.tmp.jpg,2022.0,,3,0,4,0,3,3
my_images/3\ds2_18_03_2022_C15.tmp.jpg,2022.0,,3,3,2,3,3,3
my_images/3\ds2_18_03_2022_C58.tmp.jpg,2022.0,,3,3,3,3,4,4
my_images/3\ds2_18_03_2022_C69.tmp.jpg,2022.0,,3,1,4,3,3,3
my_images/3\ds2_18_03_2022_C7A.tmp.jpg,2022.0,,3,3,3,3,2,2
my_images/3\ds2_18_03_2022_CAC.tmp.jpg,2022.0,,3,3,3,2,3,3
my_images/3\ds2_18_03_2022_CD42.tmp.jpg,2022.0,,3,3,3,3,3,3
my_images/3\ds2_18_03_2022_D02.tmp.jpg,2022.0,,3,3,3,3,3,3
my_images/3\ds2_18_03_2022_D024.tmp.jpg,2022.0,,3,4,3,4,4,4
my_images/3\ds2_18_03_2022_D085.tmp.jpg,2022.0,,3,3,3,3,3,3
my_images/3\ds2_18_03_2022_D146.tmp.jpg,2022.0,,3,3,3,3,3,3
my_images/3\ds2_18_03_2022_D269.tmp.jpg,2022.0,,3,4,3,3,4,3
my_images/3\ds2_18_03_2022_D2C9.tmp.jpg,2022.0,,3,3,3,3,2,2
my_images/3\ds2_18_03_2022_D2EB.tmp.jpg,2022.0,,3,3,3,3,3,3
my_images/3\ds2_18_03_2022_D30C.tmp.jpg,2022.0,,3,3,4,3,3,4
my_images/3\ds2_18_03_2022_D41A.tmp.jpg,2022.0,,3,3,3,3,3,3
my_images/3\ds2_18_03_2022_D585.tmp.jpg,2022.0,,3,3,3,2,3,3
my_images/3\ds2_18_03_2022_D5F5.tmp.jpg,2022.0,,3,3,3,3,3,3
my_images/3\ds2_18_03_2022_D606.tmp.jpg,2022.0,,3,3,3,3,3,2
my_images/3\ds2_18_03_2022_D679.tmp.jpg,2022.0,,3,3,3,3,3,3
my_images/3\ds2_18_03_2022_D94.tmp.jpg,2022.0,,3,3,3,2,2,3
my_images/3\ds2_18_03_2022_D95.tmp.jpg,2022.0,,3,3,3,3,3,3
my_images/3\ds2_18_03_2022_E18E.tmp.jpg,2022.0,,3,3,3,3,3,3
my_images/3\ds2_18_03_2022_E378.tmp.jpg,2022.0,,3,3,3,3,3,3
my_images/3\ds2_18_03_2022_E457.tmp.jpg,2022.0,,3,3,3,3,3,3
my_images/3\ds2_18_03_2022_E86F.tmp.jpg,2022.0,,3,3,3,2,2,2
my_images/3\ds2_18_03_2022_EEF.tmp.jpg,2022.0,,3,3,4,3,4,3
my_images/3\ds2_18_03_2022_F4D7.tmp.jpg,2022.0,,3,3,2,3,3,3
my_images/3\ds2_18_03_2022_F74A.tmp.jpg,2022.0,,3,3,4,3,4,3
my_images/3\ds2_18_03_2022_FDB4.tmp.jpg,2022.0,,3,3,2,1,2,1
my_images/3\ds2_18_03_2022_FE81.tmp.jpg,2022.0,,3,3,3,3,3,3
my_images/3\ds2_19_01_2022_7460.tmp.jpg,2022.0,,3,3,3,3,2,3
my_images/3\ds2_19_01_2022_7618.tmp.jpg,2022.0,,3,3,2,3,3,3
my_images/3\ds2_19_01_2022_7C0B.tmp.jpg,2022.0,,3,2,3,3,3,3
my_images/3\ds2_19_01_2022_843A.tmp.jpg,2022.0,,3,3,3,2,3,3
my_images/3\ds2_19_01_2022_9742.tmp.jpg,2022.0,,3,3,3,3,4,3
my_images/3\ds2_19_01_2022_9820.tmp.jpg,2022.0,,3,3,2,3,3,3
my_images/3\ds2_19_01_2022_9AB7.tmp.jpg,2022.0,,3,3,2,3,3,3
my_images/3\ds2_19_01_2022_A5B2.tmp.jpg,2022.0,,3,3,3,3,3,4
my_images/3\ds2_19_01_2022_D92C.tmp.jpg,2022.0,,3,2,2,3,3,3
my_images/3\ds2_19_01_2022_D9CB.tmp.jpg,2022.0,,3,3,3,4,4,3
my_images/3\ds2_19_01_2022_DC4D.tmp.jpg,2022.0,,3,3,4,4,4,3
my_images/3\ds2_19_01_2022_DCFB.tmp.jpg,2022.0,,3,3,3,3,3,3
my_images/3\ds2_19_01_2022_DDC8.tmp.jpg,2022.0,,3,3,3,3,3,3
my_images/3\ds2_19_01_2022_DE18.tmp.jpg,2022.0,,3,3,2,3,3,3
my_images/3\ds2_19_01_2022_DED8.tmp.jpg,2022.0,,3,3,3,3,3,3
my_images/3\ds2_19_01_2022_DF08.tmp.jpg,2022.0,,3,3,3,3,3,3
my_images/3\ds2_19_01_2022_DFF5.tmp.jpg,2022.0,,3,3,2,3,3,3
my_images/3\ds2_19_01_2022_E038.tmp.jpg,2022.0,,3,3,4,4,4,3
my_images/3\ds2_19_01_2022_E058.tmp.jpg,2022.0,,3,3,3,3,4,4
my_images/3\ds2_19_01_2022_E059.tmp.jpg,2022.0,,3,3,4,3,3,3
my_images/3\ds2_19_01_2022_E09A.tmp.jpg,2022.0,,3,3,3,3,3,3
my_images/3\ds2_19_01_2022_E0AC.tmp.jpg,2022.0,,3,3,3,3,3,3
my_images/3\ds2_19_01_2022_E0CC.tmp.jpg,2022.0,,3,4,3,3,3,3
my_images/3\ds2_19_01_2022_E15D.tmp.jpg,2022.0,,3,3,3,3,3,3
my_images/3\ds2_19_01_2022_E17E.tmp.jpg,2022.0,,3,3,3,3,3,3
my_images/3\ds2_19_01_2022_E19F.tmp.jpg,2022.0,,3,3,3,3,3,3
my_images/3\ds2_19_01_2022_E224.tmp.jpg,2022.0,,3,3,3,3,3,2
my_images/3\ds2_19_01_2022_E247.tmp.jpg,2022.0,,3,3,3,3,3,3
my_images/3\ds2_19_01_2022_E2A7.tmp.jpg,2022.0,,3,3,2,3,4,3
my_images/3\ds2_19_01_2022_E434.tmp.jpg,2022.0,,3,2,3,3,3,3
my_images/3\ds2_19_01_2022_E465.tmp.jpg,2022.0,,3,3,3,3,3,3
my_images/3\ds2_19_01_2022_E4C5.tmp.jpg,2022.0,,3,2,3,2,3,3
my_images/3\ds2_19_01_2022_E4E6.tmp.jpg,2022.0,,3,3,3,3,4,3
my_images/3\ds2_19_01_2022_E526.tmp.jpg,2022.0,,3,3,3,4,3,3
my_images/3\ds2_19_01_2022_E5C5.tmp.jpg,2022.0,,3,3,3,3,3,3
my_images/3\ds2_19_01_2022_E7CC.tmp.jpg,2022.0,,3,3,3,3,3,3
my_images/3\ds2_19_01_2022_E8AB.tmp.jpg,2022.0,,3,2,3,3,3,3
my_images/3\ds2_19_01_2022_E8CC.tmp.jpg,2022.0,,3,0,4,3,0,3
my_images/3\ds2_19_01_2022_EF08.tmp.jpg,2022.0,,3,3,3,3,3,3
my_images/3\ds2_19_01_2022_F336.tmp.jpg,2022.0,,3,2,3,3,3,3
my_images/3\ds2_19_04_2022_1A2E.tmp.jpg,2022.0,,3,3,3,3,4,3
my_images/3\ds2_19_04_2022_1C0B.tmp.jpg,2022.0,,3,3,3,3,3,3
my_images/3\ds2_19_04_2022_1C5C.tmp.jpg,2022.0,,3,3,3,3,3,3
my_images/3\ds2_19_04_2022_1D0C.tmp.jpg,2022.0,,3,3,3,3,3,3
my_images/3\ds2_19_04_2022_1DF2.tmp.jpg,2022.0,,3,3,3,3,2,2
my_images/3\ds2_19_04_2022_20A2.tmp.jpg,2022.0,,3,3,3,3,2,2
my_images/3\ds2_19_04_2022_20B2.tmp.jpg,2022.0,,3,2,3,3,2,3
my_images/3\ds2_19_04_2022_20F5.tmp.jpg,2022.0,,3,3,3,4,4,4
my_images/3\ds2_19_04_2022_2115.tmp.jpg,2022.0,,3,3,3,3,4,4
my_images/3\ds2_19_04_2022_2117.tmp.jpg,2022.0,,3,3,3,3,3,3
my_images/3\ds2_19_04_2022_217C.tmp.jpg,2022.0,,3,3,3,3,3,3
my_images/3\ds2_19_04_2022_219D.tmp.jpg,2022.0,,3,0,0,0,0,3
my_images/3\ds2_19_04_2022_21FF.tmp.jpg,2022.0,,3,3,3,3,3,3
my_images/3\ds2_19_04_2022_22C3.tmp.jpg,2022.0,,3,3,3,3,3,3
my_images/3\ds2_19_04_2022_22D4.tmp.jpg,2022.0,,3,3,4,4,4,4
my_images/3\ds2_19_04_2022_2471.tmp.jpg,2022.0,,3,3,2,2,2,2
my_images/3\ds2_19_04_2022_255D.tmp.jpg,2022.0,,3,0,0,0,0,0
my_images/3\ds2_19_04_2022_2688.tmp.jpg,2022.0,,3,3,4,3,3,4
my_images/3\ds2_19_04_2022_28E5.tmp.jpg,2022.0,,3,3,3,3,3,3
my_images/3\ds2_19_04_2022_2D6F.tmp.jpg,2022.0,,3,3,3,3,3,3
my_images/3\ds2_19_04_2022_2D80.tmp.jpg,2022.0,,3,3,3,3,4,3
my_images/3\ds2_19_04_2022_2E3E.tmp.jpg,2022.0,,3,3,3,3,4,4
my_images/3\ds2_19_04_2022_2E9E.tmp.jpg,2022.0,,3,4,3,4,4,4
my_images/3\ds2_19_04_2022_2EEF.tmp.jpg,2022.0,,3,3,3,3,3,3
my_images/3\ds2_19_04_2022_2F43.tmp.jpg,2022.0,,3,3,3,3,3,2
my_images/3\ds2_19_04_2022_2F54.tmp.jpg,2022.0,,3,3,3,3,3,3
my_images/3\ds2_19_04_2022_2FA5.tmp.jpg,2022.0,,3,3,4,3,3,3
my_images/3\ds2_19_04_2022_2FD6.tmp.jpg,2022.0,,3,3,3,3,3,3
my_images/3\ds2_19_04_2022_3065.tmp.jpg,2022.0,,3,3,4,4,3,3
my_images/3\ds2_19_04_2022_30C5.tmp.jpg,2022.0,,3,3,3,3,4,3
my_images/3\ds2_19_04_2022_3140.tmp.jpg,2022.0,,3,4,4,3,3,4
my_images/3\ds2_19_04_2022_329F.tmp.jpg,2022.0,,3,3,2,3,2,3
my_images/3\ds2_19_04_2022_3B00.tmp.jpg,2022.0,,3,3,3,3,4,3
my_images/3\ds2_19_04_2022_4CDF.tmp.jpg,2022.0,,3,3,4,3,3,3
my_images/3\ds2_19_04_2022_8894.tmp.jpg,2022.0,,3,4,3,3,3,3
my_images/3\ds2_19_04_2022_AE62.tmp.jpg,2022.0,,3,2,2,2,2,1
my_images/3\ds2_19_04_2022_AF80.tmp.jpg,2022.0,,3,3,3,4,3,3
my_images/3\ds2_19_04_2022_B0A2.tmp.jpg,2022.0,,3,2,3,2,3,2
my_images/3\ds2_19_04_2022_B46C.tmp.jpg,2022.0,,3,3,3,3,3,3
my_images/3\ds2_19_04_2022_BEFC.tmp.jpg,2022.0,,3,3,3,3,3,3
my_images/3\ds2_19_04_2022_BF41.tmp.jpg,2022.0,,3,3,3,4,4,3
my_images/3\ds2_19_04_2022_D7B5.tmp.jpg,2022.0,,3,4,4,4,4,4
my_images/3\ds2_19_04_2022_D817.tmp.jpg,2022.0,,3,3,3,3,3,3
my_images/3\ds2_19_10_2021_4D03.tmp.jpg,2021.0,,3,3,3,3,3,3
my_images/3\ds2_19_10_2021_4D24.tmp.jpg,2021.0,,3,3,3,3,3,3
my_images/3\ds2_19_10_2021_AF1D.tmp.jpg,2021.0,,3,3,3,3,3,3
my_images/3\ds2_19_10_2021_AF8D.tmp.jpg,2021.0,,3,3,3,2,2,3
my_images/3\ds2_19_10_2021_B06B.tmp.jpg,2021.0,,3,2,2,2,1,2
my_images/3\ds2_19_10_2021_B0CB.tmp.jpg,2021.0,,3,3,3,3,3,3
my_images/3\ds2_19_10_2021_B0FD.tmp.jpg,2021.0,,3,3,4,3,3,3
my_images/3\ds2_19_10_2021_B10D.tmp.jpg,2021.0,,3,3,3,3,4,3
my_images/3\ds2_19_10_2021_B15F.tmp.jpg,2021.0,,3,4,3,3,3,3
my_images/3\ds2_19_10_2021_B181.tmp.jpg,2021.0,,3,3,3,3,3,3
my_images/3\ds2_19_10_2021_B1B3.tmp.jpg,2021.0,,3,3,3,3,3,3
my_images/3\ds2_19_10_2021_B1B4.tmp.jpg,2021.0,,3,3,2,2,1,3
my_images/3\ds2_19_10_2021_E684.tmp.jpg,2021.0,,3,3,3,3,2,3
my_images/3\ds2_20_05_2022_8058.tmp.jpg,2022.0,,3,3,3,0,3,3
my_images/3\ds2_20_05_2022_8340.tmp.jpg,2022.0,,3,3,4,4,4,4
my_images/3\ds2_20_05_2022_989A.tmp.jpg,2022.0,,3,2,3,3,3,3
my_images/3\ds2_20_05_2022_AD4F.tmp.jpg,2022.0,,3,4,4,4,4,3
my_images/3\ds2_20_05_2022_E6DE.tmp.jpg,2022.0,,3,4,3,3,4,3
my_images/3\ds2_20_05_2022_E70E.tmp.jpg,2022.0,,3,1,3,3,2,3
my_images/3\ds2_20_05_2022_E730.tmp.jpg,2022.0,,3,3,3,3,3,4
my_images/3\ds2_20_05_2022_E770.tmp.jpg,2022.0,,3,3,3,4,4,3
my_images/3\ds2_20_05_2022_E7A1.tmp.jpg,2022.0,,3,3,3,3,3,3
my_images/3\ds2_20_05_2022_E814.tmp.jpg,2022.0,,3,3,3,3,3,3
my_images/3\ds2_20_05_2022_E855.tmp.jpg,2022.0,,3,1,3,3,3,3
my_images/3\ds2_20_05_2022_E8B5.tmp.jpg,2022.0,,3,3,3,3,3,3
my_images/3\ds2_20_05_2022_E907.tmp.jpg,2022.0,,3,1,1,2,3,1
my_images/3\ds2_20_05_2022_E9F9.tmp.jpg,2022.0,,3,3,3,3,2,3
my_images/3\ds2_20_05_2022_EA1A.tmp.jpg,2022.0,,3,3,3,3,3,3
my_images/3\ds2_20_05_2022_EABE.tmp.jpg,2022.0,,3,3,3,3,4,3
my_images/3\ds2_20_09_2021_3741.tmp.jpg,2021.0,,3,3,3,3,3,3
my_images/3\ds2_20_09_2021_5DD4.tmp.jpg,2021.0,,3,3,3,3,3,3
my_images/3\ds2_20_09_2021_76D7.tmp.jpg,2021.0,,3,4,4,4,4,4
my_images/3\ds2_20_09_2021_9DD1.tmp.jpg,2021.0,,3,3,3,3,2,3
my_images/3\ds2_20_10_2021_3F99.tmp.jpg,2021.0,,3,3,4,4,4,3
my_images/3\ds2_20_10_2021_3FEA.tmp.jpg,2021.0,,3,4,3,3,3,3
my_images/3\ds2_20_10_2021_400B.tmp.jpg,2021.0,,3,3,3,4,4,3
my_images/3\ds2_20_10_2021_409C.tmp.jpg,2021.0,,3,2,2,2,2,2
my_images/3\ds2_20_10_2021_40BD.tmp.jpg,2021.0,,3,3,3,3,3,3
my_images/3\ds2_20_10_2021_40BE.tmp.jpg,2021.0,,3,3,3,3,3,3
my_images/3\ds2_20_10_2021_40BF.tmp.jpg,2021.0,,3,3,3,3,3,3
my_images/3\ds2_20_10_2021_41BE.tmp.jpg,2021.0,,3,3,3,3,3,3
my_images/3\ds2_20_10_2021_41BF.tmp.jpg,2021.0,,3,3,3,3,3,3
my_images/3\ds2_20_10_2021_41FF.tmp.jpg,2021.0,,3,3,3,3,3,3
my_images/3\ds2_20_10_2021_4D68.tmp.jpg,2021.0,,3,3,2,2,3,2
my_images/3\ds2_20_10_2021_4F43.tmp.jpg,2021.0,,3,3,3,3,3,3
my_images/3\ds2_20_10_2021_5366.tmp.jpg,2021.0,,3,3,3,2,3,3
my_images/3\ds2_20_10_2021_54D4.tmp.jpg,2021.0,,3,3,3,3,3,3
my_images/3\ds2_20_10_2021_55E4.tmp.jpg,2021.0,,3,3,4,3,3,3
my_images/3\ds2_20_10_2021_55F5.tmp.jpg,2021.0,,3,3,3,3,3,3
my_images/3\ds2_20_10_2021_57A1.tmp.jpg,2021.0,,3,3,3,3,3,3
my_images/3\ds2_20_10_2021_619A.tmp.jpg,2021.0,,3,3,3,3,3,3
my_images/3\ds2_20_10_2021_7D64.tmp.jpg,2021.0,,3,3,4,3,3,3
my_images/3\ds2_20_10_2021_7DE3.tmp.jpg,2021.0,,3,4,3,4,3,3
my_images/3\ds2_20_10_2021_8022.tmp.jpg,2021.0,,3,3,3,2,3,3
my_images/3\ds2_21_09_2021_63AC.tmp.jpg,2021.0,,3,3,3,3,3,3
my_images/3\ds2_21_09_2021_63AD.tmp.jpg,2021.0,,3,3,3,3,3,3
my_images/3\ds2_21_09_2021_64AC.tmp.jpg,2021.0,,3,3,3,3,3,3
my_images/3\ds2_21_09_2021_6B4.tmp.jpg,2021.0,,3,3,3,3,3,3
my_images/3\ds2_21_09_2021_7676.tmp.jpg,2021.0,,3,3,3,4,4,3
my_images/3\ds2_21_09_2021_7CB6.tmp.jpg,2021.0,,3,3,3,3,3,3
my_images/3\ds2_21_09_2021_7CD8.tmp.jpg,2021.0,,3,3,3,3,3,3
my_images/3\ds2_21_09_2021_7E24.tmp.jpg,2021.0,,3,3,3,3,3,3
my_images/3\ds2_21_09_2021_7E35.tmp.jpg,2021.0,,3,3,1,2,1,3
my_images/3\ds2_21_09_2021_7E95.tmp.jpg,2021.0,,3,2,3,3,3,3
my_images/3\ds2_21_09_2021_B5BF.tmp.jpg,2021.0,,3,1,3,3,3,3
my_images/3\ds2_21_09_2021_BBFD.tmp.jpg,2021.0,,3,3,3,2,3,3
my_images/3\ds2_21_09_2021_C17D.tmp.jpg,2021.0,,3,3,3,3,3,2
my_images/3\ds2_21_09_2021_C867.tmp.jpg,2021.0,,3,2,3,3,3,3
my_images/3\ds2_21_09_2021_E4AF.tmp.jpg,2021.0,,3,3,3,2,2,2
my_images/3\ds2_21_09_2021_EDAA.tmp.jpg,2021.0,,3,3,3,3,3,3
my_images/3\ds2_21_09_2021_FB19.tmp.jpg,2021.0,,3,3,3,3,3,3
my_images/3\ds2_21_10_2021_363.tmp.jpg,2021.0,,3,3,3,4,3,3
my_images/3\ds2_21_10_2021_393A.tmp.jpg,2021.0,,3,3,3,3,3,4
my_images/3\ds2_21_10_2021_3AD4.tmp.jpg,2021.0,,3,3,3,3,3,4
my_images/3\ds2_21_10_2021_3BE3.tmp.jpg,2021.0,,3,3,3,3,3,3
my_images/3\ds2_21_10_2021_6289.tmp.jpg,2021.0,,3,3,3,3,3,3
my_images/3\ds2_21_10_2021_6526.tmp.jpg,2021.0,,3,4,3,3,3,3
my_images/3\ds2_21_10_2021_6870.tmp.jpg,2021.0,,3,2,3,3,3,3
my_images/3\ds2_21_10_2021_DC28.tmp.jpg,2021.0,,3,3,2,3,3,3
my_images/3\ds2_21_10_2021_E2E7.tmp.jpg,2021.0,,3,3,4,4,3,3
my_images/3\ds2_21_10_2021_E318.tmp.jpg,2021.0,,3,3,3,3,2,3
my_images/3\ds2_21_10_2021_E348.tmp.jpg,2021.0,,3,3,3,3,3,3
my_images/3\ds2_21_10_2021_E742.tmp.jpg,2021.0,,3,3,3,3,3,4
my_images/3\ds2_21_10_2021_EB0D.tmp.jpg,2021.0,,3,3,3,3,3,3
my_images/3\ds2_21_10_2021_EB2E.tmp.jpg,2021.0,,3,2,3,2,3,3
my_images/3\ds2_21_10_2021_ED04.tmp.jpg,2021.0,,3,3,3,3,3,3
my_images/3\ds2_21_10_2021_EE60.tmp.jpg,2021.0,,3,3,3,1,1,3
my_images/3\ds2_21_10_2021_F538.tmp.jpg,2021.0,,3,2,3,2,3,3
my_images/3\ds2_22_03_2022_6328.tmp.jpg,2022.0,,3,3,3,3,3,3
my_images/3\ds2_22_03_2022_6369.tmp.jpg,2022.0,,3,3,2,3,3,3
my_images/3\ds2_22_03_2022_63D8.tmp.jpg,2022.0,,3,3,3,2,3,3
my_images/3\ds2_22_03_2022_66EB.tmp.jpg,2022.0,,3,3,3,3,3,3
my_images/3\ds2_22_03_2022_6916.tmp.jpg,2022.0,,3,3,3,3,4,3
my_images/3\ds2_22_03_2022_6A26.tmp.jpg,2022.0,,3,3,3,2,2,2
my_images/3\ds2_22_03_2022_6A47.tmp.jpg,2022.0,,3,3,3,3,3,3
my_images/3\ds2_22_03_2022_6D97.tmp.jpg,2022.0,,3,3,4,3,4,3
my_images/3\ds2_22_03_2022_6EE5.tmp.jpg,2022.0,,3,3,3,3,3,3
my_images/3\ds2_22_03_2022_6F55.tmp.jpg,2022.0,,3,3,3,2,3,3
my_images/3\ds2_22_03_2022_6FA7.tmp.jpg,2022.0,,3,3,4,3,3,3
my_images/3\ds2_22_03_2022_7490.tmp.jpg,2022.0,,3,3,3,3,3,3
my_images/3\ds2_22_03_2022_76DA.tmp.jpg,2022.0,,3,3,3,2,3,3
my_images/3\ds2_22_03_2022_7886.tmp.jpg,2022.0,,3,3,3,3,4,3
my_images/3\ds2_22_03_2022_7ED0.tmp.jpg,2022.0,,3,2,3,3,4,3
my_images/3\ds2_22_03_2022_A050.tmp.jpg,2022.0,,3,3,3,3,4,3
my_images/3\ds2_22_03_2022_A12C.tmp.jpg,2022.0,,3,4,2,2,2,4
my_images/3\ds2_22_03_2022_A43A.tmp.jpg,2022.0,,3,3,3,3,3,3
my_images/3\ds2_22_03_2022_A43E.tmp.jpg,2022.0,,3,3,3,3,3,3
my_images/3\ds2_22_03_2022_ABB2.tmp.jpg,2022.0,,3,3,3,3,3,3
my_images/3\ds2_22_03_2022_B1B9.tmp.jpg,2022.0,,3,2,3,0,0,3
my_images/3\ds2_22_03_2022_B390.tmp.jpg,2022.0,,3,2,3,3,3,3
my_images/3\ds2_22_03_2022_B793.tmp.jpg,2022.0,,3,4,4,4,4,3
my_images/3\ds2_22_03_2022_B805.tmp.jpg,2022.0,,3,3,4,3,4,3
my_images/3\ds2_22_03_2022_B893.tmp.jpg,2022.0,,3,3,3,3,3,3
my_images/3\ds2_22_03_2022_B8F7.tmp.jpg,2022.0,,3,3,3,3,3,3
my_images/3\ds2_22_03_2022_BAC2.tmp.jpg,2022.0,,3,3,3,3,3,3
my_images/3\ds2_22_03_2022_BCAC.tmp.jpg,2022.0,,3,2,3,2,3,3
my_images/3\ds2_22_03_2022_C3E9.tmp.jpg,2022.0,,3,3,3,3,4,3
my_images/3\ds2_22_03_2022_C4D2.tmp.jpg,2022.0,,3,3,3,3,2,3
my_images/3\ds2_22_03_2022_C533.tmp.jpg,2022.0,,3,3,3,3,3,3
my_images/3\ds2_22_03_2022_C680.tmp.jpg,2022.0,,3,2,2,2,3,3
my_images/3\ds2_22_09_2021_26F4.tmp.jpg,2021.0,,3,2,3,3,3,3
my_images/3\ds2_22_09_2021_28BB.tmp.jpg,2021.0,,3,3,3,3,3,3
my_images/3\ds2_22_09_2021_2D3C.tmp.jpg,2021.0,,3,4,3,3,3,3
my_images/3\ds2_22_09_2021_2D9C.tmp.jpg,2021.0,,3,3,3,3,3,3
my_images/3\ds2_22_09_2021_2E3A.tmp.jpg,2021.0,,3,3,3,2,3,3
my_images/3\ds2_22_09_2021_7565.tmp.jpg,2021.0,,3,2,3,3,2,3
my_images/3\ds2_22_09_2021_75C4.tmp.jpg,2021.0,,3,3,3,3,3,3
my_images/3\ds2_22_09_2021_7CBC.tmp.jpg,2021.0,,3,3,3,2,2,3
my_images/3\ds2_22_09_2021_82A9.tmp.jpg,2021.0,,3,3,3,3,3,3
my_images/3\ds2_22_09_2021_8F97.tmp.jpg,2021.0,,3,3,3,3,3,3
my_images/3\ds2_22_09_2021_8FD8.tmp.jpg,2021.0,,3,3,4,3,3,3
my_images/3\ds2_22_09_2021_90F9.tmp.jpg,2021.0,,3,3,3,3,3,3
my_images/3\ds2_22_09_2021_915B.tmp.jpg,2021.0,,3,3,3,4,3,4
my_images/3\ds2_22_09_2021_9222.tmp.jpg,2021.0,,3,3,3,3,3,3
my_images/3\ds2_22_09_2021_93D5.tmp.jpg,2021.0,,3,3,3,3,3,3
my_images/3\ds2_22_09_2021_9619.tmp.jpg,2021.0,,3,3,3,3,3,3
my_images/3\ds2_22_10_2021_122.tmp.jpg,2021.0,,3,3,3,3,3,3
my_images/3\ds2_22_10_2021_40.tmp.jpg,2021.0,,3,3,3,3,3,3
my_images/3\ds2_22_10_2021_4951.tmp.jpg,2021.0,,3,3,4,4,3,4
my_images/3\ds2_22_10_2021_4A9F.tmp.jpg,2021.0,,3,2,3,2,3,3
my_images/3\ds2_22_10_2021_4B0E.tmp.jpg,2021.0,,3,4,4,4,3,4
my_images/3\ds2_22_10_2021_4B9D.tmp.jpg,2021.0,,3,3,3,3,3,3
my_images/3\ds2_22_10_2021_4C4D.tmp.jpg,2021.0,,3,3,3,3,3,3
my_images/3\ds2_22_10_2021_4C6F.tmp.jpg,2021.0,,3,3,3,2,3,3
my_images/3\ds2_22_10_2021_4C80.tmp.jpg,2021.0,,3,3,3,2,2,3
my_images/3\ds2_22_10_2021_4ED.tmp.jpg,2021.0,,3,3,3,3,3,3
my_images/3\ds2_22_10_2021_5DA.tmp.jpg,2021.0,,3,3,3,3,3,3
my_images/3\ds2_22_10_2021_AFEF.tmp.jpg,2021.0,,3,4,4,3,4,3
my_images/3\ds2_22_10_2021_B1E9.tmp.jpg,2021.0,,3,3,3,3,3,2
my_images/3\ds2_22_10_2021_B20A.tmp.jpg,2021.0,,3,3,3,3,3,3
my_images/3\ds2_22_10_2021_B24B.tmp.jpg,2021.0,,3,3,3,3,3,4
my_images/3\ds2_22_10_2021_B28B.tmp.jpg,2021.0,,3,0,3,4,3,3
my_images/3\ds2_22_10_2021_B2FB.tmp.jpg,2021.0,,3,4,4,3,3,3
my_images/3\ds2_22_10_2021_B36A.tmp.jpg,2021.0,,3,3,3,3,3,3
my_images/3\ds2_22_10_2021_B3AB.tmp.jpg,2021.0,,3,3,3,3,3,3
my_images/3\ds2_22_10_2021_B3EC.tmp.jpg,2021.0,,3,3,3,3,3,3
my_images/3\ds2_22_10_2021_B46C.tmp.jpg,2021.0,,3,2,2,3,2,3
my_images/3\ds2_22_10_2021_B4BF.tmp.jpg,2021.0,,3,3,3,3,3,3
my_images/3\ds2_22_10_2021_B4D1.tmp.jpg,2021.0,,3,3,3,3,3,3
my_images/3\ds2_22_10_2021_B4F1.tmp.jpg,2021.0,,3,3,3,3,3,3
my_images/3\ds2_22_10_2021_F9A9.tmp.jpg,2021.0,,3,3,3,3,3,3
my_images/3\ds2_22_11_2021_6152.tmp.jpg,2021.0,,3,3,4,3,4,3
my_images/3\ds2_22_11_2021_6348.tmp.jpg,2021.0,,3,0,0,3,0,0
my_images/3\ds2_22_11_2021_6389.tmp.jpg,2021.0,,3,4,3,3,3,3
my_images/3\ds2_22_11_2021_6511.tmp.jpg,2021.0,,3,3,4,3,3,3
my_images/3\ds2_22_11_2021_662E.tmp.jpg,2021.0,,3,3,3,3,3,3
my_images/3\ds2_22_11_2021_662F.tmp.jpg,2021.0,,3,4,4,4,3,3
my_images/3\ds2_22_11_2021_6632.tmp.jpg,2021.0,,3,3,3,4,3,3
my_images/3\ds2_22_11_2021_6674.tmp.jpg,2021.0,,3,3,4,4,4,3
my_images/3\ds2_22_11_2021_6675.tmp.jpg,2021.0,,3,3,3,3,3,3
my_images/3\ds2_22_11_2021_66E6.tmp.jpg,2021.0,,3,3,3,3,3,3
my_images/3\ds2_22_11_2021_66E8.tmp.jpg,2021.0,,3,3,4,3,3,3
my_images/3\ds2_22_11_2021_66F9.tmp.jpg,2021.0,,3,3,3,3,3,3
my_images/3\ds2_22_11_2021_670A.tmp.jpg,2021.0,,3,3,3,2,3,3
my_images/3\ds2_22_11_2021_673A.tmp.jpg,2021.0,,3,3,3,3,3,3
my_images/3\ds2_22_11_2021_E316.tmp.jpg,2021.0,,3,3,3,4,3,2
my_images/3\ds2_22_11_2021_E367.tmp.jpg,2021.0,,3,3,3,3,3,3
my_images/3\ds2_22_11_2021_E377.tmp.jpg,2021.0,,3,3,3,3,3,3
my_images/3\ds2_22_11_2021_E49C.tmp.jpg,2021.0,,3,3,4,3,4,3
my_images/3\ds2_22_11_2021_E4AC.tmp.jpg,2021.0,,3,4,3,3,3,3
my_images/3\ds2_22_11_2021_E4CD.tmp.jpg,2021.0,,3,3,3,2,2,3
my_images/3\ds2_22_11_2021_E53F.tmp.jpg,2021.0,,3,3,3,2,3,3
my_images/3\ds2_22_11_2021_EAA7.tmp.jpg,2021.0,,3,3,3,3,4,3
my_images/3\ds2_23_03_2022_35B1.tmp.jpg,2022.0,,3,3,2,2,3,3
my_images/3\ds2_23_03_2022_35F3.tmp.jpg,2022.0,,3,3,3,3,4,3
my_images/3\ds2_23_03_2022_3771.tmp.jpg,2022.0,,3,4,2,3,2,3
my_images/3\ds2_23_03_2022_B012.tmp.jpg,2022.0,,3,3,3,3,3,3
my_images/3\ds2_23_03_2022_B894.tmp.jpg,2022.0,,3,3,3,3,4,3
my_images/3\ds2_23_03_2022_BD6F.tmp.jpg,2022.0,,3,4,3,3,3,3
my_images/3\ds2_23_03_2022_D4CE.tmp.jpg,2022.0,,3,3,2,2,2,3
my_images/3\ds2_23_03_2022_D7A1.tmp.jpg,2022.0,,3,3,3,3,3,3
my_images/3\ds2_23_03_2022_D7E2.tmp.jpg,2022.0,,3,1,3,2,3,3
my_images/3\ds2_23_03_2022_D7E3.tmp.jpg,2022.0,,3,3,4,3,4,3
my_images/3\ds2_23_03_2022_D857.tmp.jpg,2022.0,,3,3,3,3,3,3
my_images/3\ds2_23_03_2022_D8BB.tmp.jpg,2022.0,,3,3,3,2,3,2
my_images/3\ds2_23_03_2022_D91F.tmp.jpg,2022.0,,3,3,3,2,2,2
my_images/3\ds2_23_03_2022_D963.tmp.jpg,2022.0,,3,3,3,3,3,3
my_images/3\ds2_23_03_2022_DA2A.tmp.jpg,2022.0,,3,2,3,3,3,3
my_images/3\ds2_23_09_2021_9BD.tmp.jpg,2021.0,,3,3,3,3,3,3
my_images/3\ds2_23_09_2021_D42.tmp.jpg,2021.0,,3,3,2,2,3,4
my_images/3\ds2_24_01_2022_9359.tmp.jpg,2022.0,,3,3,2,3,2,3
my_images/3\ds2_24_01_2022_9765.tmp.jpg,2022.0,,3,1,0,3,2,3
my_images/3\ds2_24_01_2022_98D2.tmp.jpg,2022.0,,3,3,2,2,2,3
my_images/3\ds2_24_01_2022_9923.tmp.jpg,2022.0,,3,3,3,2,2,3
my_images/3\ds2_24_01_2022_9944.tmp.jpg,2022.0,,3,3,3,3,3,3
my_images/3\ds2_24_01_2022_9956.tmp.jpg,2022.0,,3,3,3,2,3,2
my_images/3\ds2_24_01_2022_9969.tmp.jpg,2022.0,,3,3,3,3,3,3
my_images/3\ds2_24_01_2022_9989.tmp.jpg,2022.0,,3,3,3,3,3,3
my_images/3\ds2_24_01_2022_9A51.tmp.jpg,2022.0,,3,1,1,1,2,3
my_images/3\ds2_24_01_2022_9C28.tmp.jpg,2022.0,,3,3,1,1,1,3
my_images/3\ds2_24_01_2022_9D55.tmp.jpg,2022.0,,3,0,3,3,3,0
my_images/3\ds2_24_03_2022_5C21.tmp.jpg,2022.0,,3,3,3,3,3,3
my_images/3\ds2_24_03_2022_5C80.tmp.jpg,2022.0,,3,3,3,3,3,3
my_images/3\ds2_24_03_2022_5CD4.tmp.jpg,2022.0,,3,3,2,3,3,3
my_images/3\ds2_24_03_2022_5CE6.tmp.jpg,2022.0,,3,3,3,2,3,3
my_images/3\ds2_24_03_2022_5D56.tmp.jpg,2022.0,,3,3,2,2,3,3
my_images/3\ds2_24_03_2022_5D57.tmp.jpg,2022.0,,3,3,2,3,3,3
my_images/3\ds2_24_03_2022_5E05.tmp.jpg,2022.0,,3,3,3,3,3,3
my_images/3\ds2_24_03_2022_5E77.tmp.jpg,2022.0,,3,3,4,3,3,3
my_images/3\ds2_24_03_2022_5E78.tmp.jpg,2022.0,,3,3,3,3,3,3
my_images/3\ds2_24_03_2022_5E79.tmp.jpg,2022.0,,3,3,3,4,4,3
my_images/3\ds2_24_03_2022_6E37.tmp.jpg,2022.0,,3,3,3,3,3,2
my_images/3\ds2_24_03_2022_6F84.tmp.jpg,2022.0,,3,1,0,2,1,0
my_images/3\ds2_24_03_2022_71B1.tmp.jpg,2022.0,,3,4,3,3,3,3
my_images/3\ds2_24_03_2022_76CF.tmp.jpg,2022.0,,3,3,3,3,3,3
my_images/3\ds2_24_03_2022_B4F7.tmp.jpg,2022.0,,3,3,4,3,4,3
my_images/3\ds2_24_03_2022_B508.tmp.jpg,2022.0,,3,4,4,4,4,3
my_images/3\ds2_24_03_2022_B58B.tmp.jpg,2022.0,,3,3,4,4,4,3
my_images/3\ds2_24_03_2022_B5F1.tmp.jpg,2022.0,,3,4,3,3,4,4
my_images/3\ds2_24_03_2022_B601.tmp.jpg,2022.0,,3,3,2,3,3,3
my_images/3\ds2_24_06_2022_3394.tmp.jpg,2022.0,,3,3,3,3,3,2
my_images/3\ds2_24_06_2022_33D4.tmp.jpg,2022.0,,3,3,3,3,3,3
my_images/3\ds2_24_06_2022_34C3.tmp.jpg,2022.0,,3,3,4,3,3,3
my_images/3\ds2_24_06_2022_3563.tmp.jpg,2022.0,,3,3,3,4,4,4
my_images/3\ds2_24_06_2022_35E2.tmp.jpg,2022.0,,3,3,3,3,4,3
my_images/3\ds2_24_06_2022_3661.tmp.jpg,2022.0,,3,3,3,3,3,3
my_images/3\ds2_24_06_2022_3792.tmp.jpg,2022.0,,3,3,3,3,4,3
my_images/3\ds2_24_06_2022_37C3.tmp.jpg,2022.0,,3,3,3,3,3,3
my_images/3\ds2_24_06_2022_39DE.tmp.jpg,2022.0,,3,3,3,3,3,3
my_images/3\ds2_24_06_2022_3A2E.tmp.jpg,2022.0,,3,3,3,3,3,3
my_images/3\ds2_24_06_2022_3C48.tmp.jpg,2022.0,,3,3,3,3,3,3
my_images/3\ds2_24_06_2022_3CB6.tmp.jpg,2022.0,,3,3,3,3,4,3
my_images/3\ds2_24_06_2022_3D99.tmp.jpg,2022.0,,3,3,2,2,0,3
my_images/3\ds2_24_06_2022_3DCE.tmp.jpg,2022.0,,3,3,3,3,3,3
my_images/3\ds2_24_06_2022_3DEF.tmp.jpg,2022.0,,3,3,3,3,3,3
my_images/3\ds2_24_06_2022_3E00.tmp.jpg,2022.0,,3,3,3,3,3,3
my_images/3\ds2_24_06_2022_3E01.tmp.jpg,2022.0,,3,3,2,2,2,3
my_images/3\ds2_24_06_2022_3F4F.tmp.jpg,2022.0,,3,3,3,3,3,3
my_images/3\ds2_24_06_2022_408C.tmp.jpg,2022.0,,3,3,3,3,4,3
my_images/3\ds2_24_06_2022_419A.tmp.jpg,2022.0,,3,3,3,3,4,3
my_images/3\ds2_24_06_2022_4430.tmp.jpg,2022.0,,3,3,3,3,3,3
my_images/3\ds2_24_06_2022_468A.tmp.jpg,2022.0,,3,3,3,3,3,3
my_images/3\ds2_24_06_2022_47B7.tmp.jpg,2022.0,,3,3,3,0,2,1
my_images/3\ds2_24_06_2022_4919.tmp.jpg,2022.0,,3,3,4,3,4,4
my_images/3\ds2_24_06_2022_49ED.tmp.jpg,2022.0,,3,3,3,3,3,3
my_images/3\ds2_24_06_2022_4A61.tmp.jpg,2022.0,,3,3,3,3,3,3
my_images/3\ds2_24_06_2022_4A8C.tmp.jpg,2022.0,,3,3,3,3,3,4
my_images/3\ds2_24_06_2022_4B1B.tmp.jpg,2022.0,,3,3,2,4,3,3
my_images/3\ds2_24_06_2022_4B3C.tmp.jpg,2022.0,,3,3,3,4,3,3
my_images/3\ds2_24_06_2022_4B9C.tmp.jpg,2022.0,,3,3,3,3,3,3
my_images/3\ds2_24_06_2022_4C11.tmp.jpg,2022.0,,3,3,3,2,2,3
my_images/3\ds2_24_06_2022_4C61.tmp.jpg,2022.0,,3,3,3,3,3,3
my_images/3\ds2_24_06_2022_4CB2.tmp.jpg,2022.0,,3,3,3,2,2,3
my_images/3\ds2_24_06_2022_4E88.tmp.jpg,2022.0,,3,3,3,3,3,2
my_images/3\ds2_24_06_2022_511E.tmp.jpg,2022.0,,3,2,2,2,3,3
my_images/3\ds2_24_06_2022_568F.tmp.jpg,2022.0,,3,3,3,3,4,3
my_images/3\ds2_24_06_2022_57E8.tmp.jpg,2022.0,,3,3,3,3,3,3
my_images/3\ds2_24_06_2022_5A2C.tmp.jpg,2022.0,,3,3,3,2,3,3
my_images/3\ds2_24_06_2022_5F37.tmp.jpg,2022.0,,3,3,3,3,3,3
my_images/3\ds2_24_06_2022_60F7.tmp.jpg,2022.0,,3,3,3,3,3,4
my_images/3\ds2_24_06_2022_6166.tmp.jpg,2022.0,,3,4,3,3,3,3
my_images/3\ds2_24_06_2022_6196.tmp.jpg,2022.0,,3,1,2,1,2,1
my_images/3\ds2_24_06_2022_61A7.tmp.jpg,2022.0,,3,3,3,3,3,3
my_images/3\ds2_24_06_2022_6274.tmp.jpg,2022.0,,3,3,3,4,3,3
my_images/3\ds2_24_06_2022_6305.tmp.jpg,2022.0,,3,3,3,3,4,4
my_images/3\ds2_24_06_2022_6322.tmp.jpg,2022.0,,3,3,4,3,3,3
my_images/3\ds2_24_06_2022_6346.tmp.jpg,2022.0,,3,4,3,3,3,3
my_images/3\ds2_24_06_2022_63F6.tmp.jpg,2022.0,,3,3,3,3,3,3
my_images/3\ds2_24_06_2022_63F7.tmp.jpg,2022.0,,3,4,2,3,2,3
my_images/3\ds2_24_06_2022_6418.tmp.jpg,2022.0,,3,3,3,3,3,3
my_images/3\ds2_24_06_2022_64F9.tmp.jpg,2022.0,,3,3,3,3,2,3
my_images/3\ds2_24_06_2022_655C.tmp.jpg,2022.0,,3,3,3,3,3,4
my_images/3\ds2_24_06_2022_674B.tmp.jpg,2022.0,,3,3,4,3,4,3
my_images/3\ds2_24_06_2022_683B.tmp.jpg,2022.0,,3,3,3,2,2,3
my_images/3\ds2_24_06_2022_69D4.tmp.jpg,2022.0,,3,3,3,3,3,3
my_images/3\ds2_24_06_2022_6ACC.tmp.jpg,2022.0,,3,4,3,3,3,3
my_images/3\ds2_24_06_2022_6B0F.tmp.jpg,2022.0,,3,4,3,4,4,4
my_images/3\ds2_24_06_2022_6B30.tmp.jpg,2022.0,,3,3,3,3,3,3
my_images/3\ds2_24_06_2022_6BC3.tmp.jpg,2022.0,,3,3,3,3,3,2
my_images/3\ds2_24_06_2022_6CC5.tmp.jpg,2022.0,,3,3,3,3,3,3
my_images/3\ds2_24_06_2022_6D08.tmp.jpg,2022.0,,3,3,3,3,3,2
my_images/3\ds2_24_06_2022_6DC2.tmp.jpg,2022.0,,3,3,2,3,3,3
my_images/3\ds2_24_06_2022_6E13.tmp.jpg,2022.0,,3,3,2,2,3,3
my_images/3\ds2_24_06_2022_6EDB.tmp.jpg,2022.0,,3,3,3,4,2,2
my_images/3\ds2_24_06_2022_6F0D.tmp.jpg,2022.0,,3,3,3,3,3,3
my_images/3\ds2_24_06_2022_6F0E.tmp.jpg,2022.0,,3,3,3,2,3,3
my_images/3\ds2_24_06_2022_7192.tmp.jpg,2022.0,,3,3,3,3,3,3
my_images/3\ds2_24_06_2022_75BF.tmp.jpg,2022.0,,3,3,4,3,3,4
my_images/3\ds2_24_06_2022_762A.tmp.jpg,2022.0,,3,3,3,3,4,3
my_images/3\ds2_24_06_2022_78BE.tmp.jpg,2022.0,,3,3,3,3,2,2
my_images/3\ds2_24_06_2022_79CA.tmp.jpg,2022.0,,3,3,3,3,3,3
my_images/3\ds2_24_06_2022_7AAF.tmp.jpg,2022.0,,3,3,3,2,3,3
my_images/3\ds2_24_06_2022_7CCB.tmp.jpg,2022.0,,3,0,3,3,2,2
my_images/3\ds2_24_06_2022_818A.tmp.jpg,2022.0,,3,3,3,3,3,3
my_images/3\ds2_24_06_2022_8273.tmp.jpg,2022.0,,3,4,4,4,4,3
my_images/3\ds2_24_06_2022_82E5.tmp.jpg,2022.0,,3,3,4,3,4,4
my_images/3\ds2_24_06_2022_8358.tmp.jpg,2022.0,,3,4,3,3,3,3
my_images/3\ds2_24_06_2022_847B.tmp.jpg,2022.0,,3,3,4,4,3,3
my_images/3\ds2_24_06_2022_852E.tmp.jpg,2022.0,,3,3,3,2,4,3
my_images/3\ds2_24_06_2022_8604.tmp.jpg,2022.0,,3,3,3,3,3,3
my_images/3\ds2_24_06_2022_86AF.tmp.jpg,2022.0,,3,3,3,2,3,3
my_images/3\ds2_24_06_2022_86EE.tmp.jpg,2022.0,,3,4,3,3,4,4
my_images/3\ds2_24_06_2022_8780.tmp.jpg,2022.0,,3,3,3,3,2,3
my_images/3\ds2_24_06_2022_8A22.tmp.jpg,2022.0,,3,3,4,3,3,3
my_images/3\ds2_24_06_2022_8BA1.tmp.jpg,2022.0,,3,1,3,2,2,1
my_images/3\ds2_24_06_2022_8CCE.tmp.jpg,2022.0,,3,2,2,2,2,3
my_images/3\ds2_24_06_2022_8E60.tmp.jpg,2022.0,,3,3,3,3,3,3
my_images/3\ds2_24_06_2022_9069.tmp.jpg,2022.0,,3,3,3,2,2,3
my_images/3\ds2_24_06_2022_9140.tmp.jpg,2022.0,,3,3,3,3,3,3
my_images/3\ds2_24_06_2022_92B5.tmp.jpg,2022.0,,3,2,2,2,2,3
my_images/3\ds2_24_06_2022_9580.tmp.jpg,2022.0,,3,3,2,2,2,3
my_images/3\ds2_24_06_2022_9A8B.tmp.jpg,2022.0,,3,3,3,3,3,3
my_images/3\ds2_24_06_2022_9B1E.tmp.jpg,2022.0,,3,3,3,3,3,3
my_images/3\ds2_24_06_2022_9CF3.tmp.jpg,2022.0,,3,3,3,2,3,2
my_images/3\ds2_24_06_2022_9D47.tmp.jpg,2022.0,,3,3,4,3,3,3
my_images/3\ds2_24_06_2022_9EB3.tmp.jpg,2022.0,,3,3,3,3,3,3
my_images/3\ds2_24_06_2022_9F45.tmp.jpg,2022.0,,3,3,3,2,3,3
my_images/3\ds2_24_06_2022_A136.tmp.jpg,2022.0,,3,3,3,2,3,2
my_images/3\ds2_24_06_2022_A1FC.tmp.jpg,2022.0,,3,3,3,3,3,3
my_images/3\ds2_24_06_2022_A24F.tmp.jpg,2022.0,,3,3,3,3,3,3
my_images/3\ds2_24_06_2022_A56E.tmp.jpg,2022.0,,3,3,3,3,3,3
my_images/3\ds2_24_06_2022_AA37.tmp.jpg,2022.0,,3,3,3,4,3,3
my_images/3\ds2_24_06_2022_B269.tmp.jpg,2022.0,,3,3,3,3,3,3
my_images/3\ds2_24_06_2022_B3B5.tmp.jpg,2022.0,,3,3,3,4,3,3
my_images/3\ds2_24_06_2022_B580.tmp.jpg,2022.0,,3,2,3,2,3,3
my_images/3\ds2_24_06_2022_B792.tmp.jpg,2022.0,,3,3,3,3,3,3
my_images/3\ds2_24_06_2022_B853.tmp.jpg,2022.0,,3,3,3,3,3,3
my_images/3\ds2_24_06_2022_B8D4.tmp.jpg,2022.0,,3,3,3,2,3,3
my_images/3\ds2_24_06_2022_BABD.tmp.jpg,2022.0,,3,2,3,3,3,3
my_images/3\ds2_24_06_2022_BEB1.tmp.jpg,2022.0,,3,3,3,3,3,3
my_images/3\ds2_24_06_2022_C822.tmp.jpg,2022.0,,3,3,3,3,3,3
my_images/3\ds2_24_06_2022_D3DD.tmp.jpg,2022.0,,3,3,3,3,3,2
my_images/3\ds2_24_06_2022_D470.tmp.jpg,2022.0,,3,3,3,3,3,3
my_images/3\ds2_24_06_2022_D5C2.tmp.jpg,2022.0,,3,3,4,4,4,3
my_images/3\ds2_24_06_2022_D9D4.tmp.jpg,2022.0,,3,4,3,3,3,3
my_images/3\ds2_24_06_2022_DBE6.tmp.jpg,2022.0,,3,3,3,3,3,3
my_images/3\ds2_24_06_2022_DBE7.tmp.jpg,2022.0,,3,3,3,3,2,3
my_images/3\ds2_24_06_2022_DCC6.tmp.jpg,2022.0,,3,3,3,3,3,3
my_images/3\ds2_24_06_2022_DD58.tmp.jpg,2022.0,,3,3,3,3,3,3
my_images/3\ds2_24_06_2022_DDED.tmp.jpg,2022.0,,3,3,3,3,3,3
my_images/3\ds2_24_06_2022_DE0E.tmp.jpg,2022.0,,3,3,3,4,4,3
my_images/3\ds2_24_06_2022_E47B.tmp.jpg,2022.0,,3,3,3,2,2,3
my_images/3\ds2_24_06_2022_E490.tmp.jpg,2022.0,,3,2,3,2,3,3
my_images/3\ds2_24_06_2022_E799.tmp.jpg,2022.0,,3,3,2,3,3,3
my_images/3\ds2_24_06_2022_E8C1.tmp.jpg,2022.0,,3,3,3,3,4,3
my_images/3\ds2_24_06_2022_E9B1.tmp.jpg,2022.0,,3,3,3,3,3,3
my_images/3\ds2_24_06_2022_EAA2.tmp.jpg,2022.0,,3,3,3,3,3,2
my_images/3\ds2_24_06_2022_EC9A.tmp.jpg,2022.0,,3,3,3,3,3,3
my_images/3\ds2_24_06_2022_EE8D.tmp.jpg,2022.0,,3,2,3,2,2,3
my_images/3\ds2_25_03_2022_97F2.tmp.jpg,2022.0,,3,2,3,3,3,3
my_images/3\ds2_25_03_2022_9823.tmp.jpg,2022.0,,3,3,3,3,3,3
my_images/3\ds2_25_03_2022_9834.tmp.jpg,2022.0,,3,3,3,3,3,3
my_images/3\ds2_25_03_2022_9877.tmp.jpg,2022.0,,3,3,3,3,2,2
my_images/3\ds2_25_03_2022_9963.tmp.jpg,2022.0,,3,3,3,3,3,3
my_images/3\ds2_25_03_2022_9975.tmp.jpg,2022.0,,3,3,3,1,2,3
my_images/3\ds2_25_03_2022_99E6.tmp.jpg,2022.0,,3,3,3,3,3,3
my_images/3\ds2_25_03_2022_9A5A.tmp.jpg,2022.0,,3,3,1,2,2,3
my_images/3\ds2_25_03_2022_9A7B.tmp.jpg,2022.0,,3,3,4,3,4,3
my_images/3\ds2_25_03_2022_9ACF.tmp.jpg,2022.0,,3,3,3,3,3,3
my_images/3\ds2_25_03_2022_9AF0.tmp.jpg,2022.0,,3,3,3,3,3,3
my_images/3\ds2_25_03_2022_9B11.tmp.jpg,2022.0,,3,3,3,3,3,3
my_images/3\ds2_25_03_2022_9B42.tmp.jpg,2022.0,,3,3,2,3,3,3
my_images/3\ds2_25_03_2022_BC41.tmp.jpg,2022.0,,3,0,0,0,0,0
my_images/3\ds2_25_03_2022_BD6E.tmp.jpg,2022.0,,3,2,3,0,3,3
my_images/3\ds2_25_03_2022_BDAF.tmp.jpg,2022.0,,3,4,3,4,4,3
my_images/3\ds2_25_03_2022_BECA.tmp.jpg,2022.0,,3,3,3,3,2,3
my_images/3\ds2_25_03_2022_BEEB.tmp.jpg,2022.0,,3,3,3,0,3,3
my_images/3\ds2_25_03_2022_BFA9.tmp.jpg,2022.0,,3,3,3,3,3,3
my_images/3\ds2_25_04_2022_1BA1.tmp.jpg,2022.0,,3,3,3,3,3,3
my_images/3\ds2_25_04_2022_1F9B.tmp.jpg,2022.0,,3,3,3,3,3,3
my_images/3\ds2_25_04_2022_21D5.tmp.jpg,2022.0,,3,3,3,3,3,3
my_images/3\ds2_25_04_2022_2481.tmp.jpg,2022.0,,3,3,3,3,3,3
my_images/3\ds2_25_04_2022_257D.tmp.jpg,2022.0,,3,3,3,3,3,3
my_images/3\ds2_25_04_2022_267C.tmp.jpg,2022.0,,3,3,3,3,3,3
my_images/3\ds2_25_04_2022_273F.tmp.jpg,2022.0,,3,4,4,3,4,3
my_images/3\ds2_25_04_2022_3162.tmp.jpg,2022.0,,3,3,3,3,3,3
my_images/3\ds2_25_04_2022_335A.tmp.jpg,2022.0,,3,3,3,3,3,3
my_images/3\ds2_25_04_2022_7B25.tmp.jpg,2022.0,,3,3,3,3,3,3
my_images/3\ds2_25_04_2022_7C9E.tmp.jpg,2022.0,,3,2,3,2,2,3
my_images/3\ds2_25_04_2022_7D8D.tmp.jpg,2022.0,,3,2,3,3,3,3
my_images/3\ds2_25_04_2022_7FC5.tmp.jpg,2022.0,,3,3,3,3,3,3
my_images/3\ds2_25_04_2022_8115.tmp.jpg,2022.0,,3,1,3,2,2,2
my_images/3\ds2_25_04_2022_836B.tmp.jpg,2022.0,,3,3,3,2,3,2
my_images/3\ds2_25_04_2022_8822.tmp.jpg,2022.0,,3,3,3,3,3,3
my_images/3\ds2_25_04_2022_8AD0.tmp.jpg,2022.0,,3,3,4,3,3,3
my_images/3\ds2_25_04_2022_8C8E.tmp.jpg,2022.0,,3,3,3,3,3,2
my_images/3\ds2_25_04_2022_8CBF.tmp.jpg,2022.0,,3,3,4,2,0,3
my_images/3\ds2_25_04_2022_8DFF.tmp.jpg,2022.0,,3,3,2,3,2,2
my_images/3\ds2_25_04_2022_B523.tmp.jpg,2022.0,,3,3,3,3,3,3
my_images/3\ds2_25_10_2021_31FF.tmp.jpg,2021.0,,3,0,1,1,3,0
my_images/3\ds2_25_10_2021_336A.tmp.jpg,2021.0,,3,3,3,2,2,3
my_images/3\ds2_25_10_2021_35CF.tmp.jpg,2021.0,,3,3,2,3,3,4
my_images/3\ds2_25_10_2021_35DF.tmp.jpg,2021.0,,3,3,3,3,3,3
my_images/3\ds2_25_10_2021_365F.tmp.jpg,2021.0,,3,3,3,3,3,3
my_images/3\ds2_25_10_2021_3660.tmp.jpg,2021.0,,3,3,2,3,3,3
my_images/3\ds2_25_10_2021_39C8.tmp.jpg,2021.0,,3,4,4,4,4,4
my_images/3\ds2_25_10_2021_3ACC.tmp.jpg,2021.0,,3,2,3,3,3,3
my_images/3\ds2_25_10_2021_3BE2.tmp.jpg,2021.0,,3,3,3,4,4,3
my_images/3\ds2_25_10_2021_955.tmp.jpg,2021.0,,3,3,3,3,3,3
my_images/3\ds2_25_10_2021_A7F.tmp.jpg,2021.0,,3,4,3,3,3,4
my_images/3\ds2_25_10_2021_D5CA.tmp.jpg,2021.0,,3,3,2,2,3,3
my_images/3\ds2_25_10_2021_D63E.tmp.jpg,2021.0,,3,4,4,3,3,3
my_images/3\ds2_25_10_2021_D922.tmp.jpg,2021.0,,3,3,3,3,3,3
my_images/3\ds2_26_10_2021_ACB6.tmp.jpg,2021.0,,3,3,3,2,2,3
my_images/3\ds2_26_10_2021_B48F.tmp.jpg,2021.0,,3,3,4,3,4,3
my_images/3\ds2_26_10_2021_B889.tmp.jpg,2021.0,,3,3,3,3,3,3
my_images/3\ds2_26_10_2021_B8FA.tmp.jpg,2021.0,,3,3,4,3,3,3
my_images/3\ds2_26_10_2021_C49E.tmp.jpg,2021.0,,3,3,3,3,3,3
my_images/3\ds2_26_10_2021_C54C.tmp.jpg,2021.0,,3,3,3,3,2,3
my_images/3\ds2_26_10_2021_CC30.tmp.jpg,2021.0,,3,3,3,3,3,2
my_images/3\ds2_26_10_2021_CDDC.tmp.jpg,2021.0,,3,3,3,2,3,3
my_images/3\ds2_26_10_2021_D88D.tmp.jpg,2021.0,,3,3,2,3,3,3
my_images/3\ds2_27_01_2022_7DBF.tmp.jpg,2022.0,,3,3,3,3,3,3
my_images/3\ds2_27_01_2022_7F9A.tmp.jpg,2022.0,,3,3,3,3,3,3
my_images/3\ds2_27_01_2022_806B.tmp.jpg,2022.0,,3,3,3,3,1,3
my_images/3\ds2_27_01_2022_80EA.tmp.jpg,2022.0,,3,3,3,3,3,3
my_images/3\ds2_27_01_2022_8208.tmp.jpg,2022.0,,3,3,3,3,3,2
my_images/3\ds2_27_01_2022_828A.tmp.jpg,2022.0,,3,3,1,3,2,3
my_images/3\ds2_27_01_2022_831C.tmp.jpg,2022.0,,3,1,1,1,1,1
my_images/3\ds2_27_01_2022_831D.tmp.jpg,2022.0,,3,3,3,3,3,3
my_images/3\ds2_27_01_2022_8419.tmp.jpg,2022.0,,3,3,3,2,3,3
my_images/3\ds2_27_01_2022_8766.tmp.jpg,2022.0,,3,3,3,3,3,3
my_images/3\ds2_27_01_2022_8891.tmp.jpg,2022.0,,3,3,3,3,3,3
my_images/3\ds2_27_01_2022_894F.tmp.jpg,2022.0,,3,3,3,3,3,3
my_images/3\ds2_27_04_2022_1FBF.tmp.jpg,2022.0,,3,2,3,3,4,3
my_images/3\ds2_27_04_2022_2C27.tmp.jpg,2022.0,,3,4,4,4,4,3
my_images/3\ds2_27_04_2022_2C49.tmp.jpg,2022.0,,3,3,4,3,3,4
my_images/3\ds2_27_04_2022_2D06.tmp.jpg,2022.0,,3,3,4,3,3,3
my_images/3\ds2_27_04_2022_2E29.tmp.jpg,2022.0,,3,3,3,3,3,4
my_images/3\ds2_27_04_2022_3071.tmp.jpg,2022.0,,3,3,3,4,3,3
my_images/3\ds2_27_04_2022_3590.tmp.jpg,2022.0,,3,3,3,3,3,3
my_images/3\ds2_27_04_2022_3700.tmp.jpg,2022.0,,3,3,3,0,0,0
my_images/3\ds2_27_04_2022_37F4.tmp.jpg,2022.0,,3,3,4,3,3,3
my_images/3\ds2_27_04_2022_8BA6.tmp.jpg,2022.0,,3,0,0,0,0,0
my_images/3\ds2_27_04_2022_8D38.tmp.jpg,2022.0,,3,0,1,0,2,2
my_images/3\ds2_27_04_2022_8E18.tmp.jpg,2022.0,,3,3,3,3,3,3
my_images/3\ds2_27_04_2022_8EA8.tmp.jpg,2022.0,,3,0,0,0,0,0
my_images/3\ds2_27_04_2022_8EC9.tmp.jpg,2022.0,,3,3,3,4,4,3
my_images/3\ds2_27_04_2022_90E6.tmp.jpg,2022.0,,3,4,3,3,3,4
my_images/3\ds2_27_04_2022_91D8.tmp.jpg,2022.0,,3,4,3,4,3,4
my_images/3\ds2_27_04_2022_96EC.tmp.jpg,2022.0,,3,2,2,3,3,3
my_images/3\ds2_27_04_2022_AC63.tmp.jpg,2022.0,,3,4,3,3,3,3
my_images/3\ds2_27_04_2022_B8CD.tmp.jpg,2022.0,,3,3,3,3,3,3
my_images/3\ds2_27_04_2022_BDB3.tmp.jpg,2022.0,,3,3,3,3,3,3
my_images/3\ds2_27_04_2022_C470.tmp.jpg,2022.0,,3,3,3,3,3,3
my_images/3\ds2_27_04_2022_C55E.tmp.jpg,2022.0,,3,3,3,3,2,3
my_images/3\ds2_27_04_2022_C62B.tmp.jpg,2022.0,,3,4,3,3,3,3
my_images/3\ds2_27_04_2022_C67B.tmp.jpg,2022.0,,3,3,3,3,4,3
my_images/3\ds2_27_04_2022_C6AC.tmp.jpg,2022.0,,3,3,3,3,3,3
my_images/3\ds2_27_04_2022_F869.tmp.jpg,2022.0,,3,3,3,3,3,3
my_images/3\ds2_27_04_2022_FA01.tmp.jpg,2022.0,,3,3,3,3,4,4
my_images/3\ds2_27_09_2021_35C7.tmp.jpg,2021.0,,3,3,4,3,3,3
my_images/3\ds2_27_09_2021_3850.tmp.jpg,2021.0,,3,3,3,3,3,3
my_images/3\ds2_27_09_2021_38A0.tmp.jpg,2021.0,,3,2,3,3,3,2
my_images/3\ds2_27_10_2021_830E.tmp.jpg,2021.0,,3,3,3,2,2,3
my_images/3\ds2_27_10_2021_8538.tmp.jpg,2021.0,,3,4,3,3,3,3
my_images/3\ds2_27_10_2021_DB70.tmp.jpg,2021.0,,3,3,3,3,3,2
my_images/3\ds2_27_10_2021_DBB0.tmp.jpg,2021.0,,3,4,3,3,3,3
my_images/3\ds2_27_10_2021_DC51.tmp.jpg,2021.0,,3,3,3,3,3,3
my_images/3\ds2_27_10_2021_DC62.tmp.jpg,2021.0,,3,3,3,3,3,3
my_images/3\ds2_27_10_2021_DCA6.tmp.jpg,2021.0,,3,3,1,2,3,3
my_images/3\ds2_28_03_2022_2392.tmp.jpg,2022.0,,3,4,4,4,4,3
my_images/3\ds2_28_03_2022_249B.tmp.jpg,2022.0,,3,3,3,3,3,3
my_images/3\ds2_28_03_2022_24DD.tmp.jpg,2022.0,,3,3,3,3,3,3
my_images/3\ds2_28_03_2022_24FF.tmp.jpg,2022.0,,3,4,3,3,3,3
my_images/3\ds2_28_03_2022_2564.tmp.jpg,2022.0,,3,3,3,3,3,3
my_images/3\ds2_28_03_2022_AFC9.tmp.jpg,2022.0,,3,3,3,3,4,3
my_images/3\ds2_28_03_2022_B0CF.tmp.jpg,2022.0,,3,3,3,0,0,3
my_images/3\ds2_28_03_2022_B156.tmp.jpg,2022.0,,3,3,3,0,0,3
my_images/3\ds2_28_03_2022_B1AD.tmp.jpg,2022.0,,3,1,3,0,2,3
my_images/3\ds2_28_09_2021_3DFE.tmp.jpg,2021.0,,3,2,3,3,3,3
my_images/3\ds2_28_09_2021_4486.tmp.jpg,2021.0,,3,3,3,3,3,3
my_images/3\ds2_28_09_2021_469A.tmp.jpg,2021.0,,3,2,3,2,3,3
my_images/3\ds2_28_10_2021_1048.tmp.jpg,2021.0,,3,3,3,3,3,3
my_images/3\ds2_28_10_2021_1069.tmp.jpg,2021.0,,3,3,2,2,2,3
my_images/3\ds2_28_10_2021_108B.tmp.jpg,2021.0,,3,3,3,3,3,2
my_images/3\ds2_28_10_2021_10DD.tmp.jpg,2021.0,,3,3,2,2,2,3
my_images/3\ds2_28_10_2021_10DE.tmp.jpg,2021.0,,3,3,3,2,3,3
my_images/3\ds2_28_10_2021_13F6.tmp.jpg,2021.0,,3,3,3,3,3,3
my_images/3\ds2_28_10_2021_1427.tmp.jpg,2021.0,,3,3,3,3,3,3
my_images/3\ds2_28_10_2021_864B.tmp.jpg,2021.0,,3,3,3,3,3,3
my_images/3\ds2_28_10_2021_86DF.tmp.jpg,2021.0,,3,3,3,2,2,3
my_images/3\ds2_28_10_2021_8807.tmp.jpg,2021.0,,3,3,3,3,3,3
my_images/3\ds2_28_10_2021_A96F.tmp.jpg,2021.0,,3,3,2,3,3,3
my_images/3\ds2_28_10_2021_AA95.tmp.jpg,2021.0,,3,3,3,3,3,3
my_images/3\ds2_28_10_2021_AD02.tmp.jpg,2021.0,,3,3,3,3,3,3
my_images/3\ds2_28_10_2021_AD83.tmp.jpg,2021.0,,3,3,3,2,2,3
my_images/3\ds2_28_10_2021_DA2.tmp.jpg,2021.0,,3,3,4,3,3,4
my_images/3\ds2_29_03_2022_55AA.tmp.jpg,2022.0,,3,0,4,0,0,4
my_images/3\ds2_29_03_2022_55F0.tmp.jpg,2022.0,,3,4,4,3,2,4
my_images/3\ds2_29_03_2022_EFDE.tmp.jpg,2022.0,,3,3,2,3,3,3
my_images/3\ds2_29_03_2022_F523.tmp.jpg,2022.0,,3,3,4,3,3,3
my_images/3\ds2_29_03_2022_F657.tmp.jpg,2022.0,,3,3,3,3,2,2
my_images/3\ds2_29_03_2022_F786.tmp.jpg,2022.0,,3,3,3,2,2,2
my_images/3\ds2_29_04_2022_4113.tmp.jpg,2022.0,,3,3,3,3,3,3
my_images/3\ds2_29_04_2022_4222.tmp.jpg,2022.0,,3,3,3,3,3,3
my_images/3\ds2_29_04_2022_42A4.tmp.jpg,2022.0,,3,3,4,3,3,3
my_images/3\ds2_29_04_2022_42C7.tmp.jpg,2022.0,,3,2,3,3,3,3
my_images/3\ds2_29_04_2022_42E8.tmp.jpg,2022.0,,3,4,3,3,3,4
my_images/3\ds2_29_04_2022_614B.tmp.jpg,2022.0,,3,3,3,3,3,3
my_images/3\ds2_29_04_2022_61AC.tmp.jpg,2022.0,,3,2,1,0,0,1
my_images/3\ds2_29_04_2022_6387.tmp.jpg,2022.0,,3,2,2,2,3,3
my_images/3\ds2_29_04_2022_6399.tmp.jpg,2022.0,,3,3,3,3,4,3
my_images/3\ds2_29_04_2022_E225.tmp.jpg,2022.0,,3,3,0,4,0,3
my_images/3\ds2_29_04_2022_E323.tmp.jpg,2022.0,,3,3,2,2,0,3
my_images/3\ds2_29_04_2022_E54E.tmp.jpg,2022.0,,3,4,4,3,3,3
my_images/3\ds2_29_09_2021_29C4.tmp.jpg,2021.0,,3,3,3,3,3,3
my_images/3\ds2_29_09_2021_70CA.tmp.jpg,2021.0,,3,3,3,3,3,4
my_images/3\ds2_29_09_2021_72C0.tmp.jpg,2021.0,,3,2,3,1,2,3
my_images/3\ds2_30_03_2022_5F61.tmp.jpg,2022.0,,3,3,3,3,4,3
my_images/3\ds2_30_03_2022_5FA2.tmp.jpg,2022.0,,3,3,3,3,3,3
my_images/3\ds2_30_03_2022_6014.tmp.jpg,2022.0,,3,3,3,3,3,3
my_images/3\ds2_30_03_2022_6025.tmp.jpg,2022.0,,3,3,4,4,4,3
my_images/3\ds2_30_03_2022_60D6.tmp.jpg,2022.0,,3,4,4,4,4,4
my_images/3\ds2_30_03_2022_60F8.tmp.jpg,2022.0,,3,4,4,3,4,3
my_images/3\ds2_30_03_2022_64A9.tmp.jpg,2022.0,,3,4,3,3,3,3
my_images/3\ds2_30_03_2022_64CA.tmp.jpg,2022.0,,3,2,3,3,3,3
my_images/3\ds2_30_03_2022_6549.tmp.jpg,2022.0,,3,3,3,3,4,3
my_images/3\ds2_30_03_2022_8065.tmp.jpg,2022.0,,3,3,4,4,4,3
my_images/3\ds2_30_03_2022_CBF7.tmp.jpg,2022.0,,3,3,3,4,4,4
my_images/3\ds2_30_03_2022_CC37.tmp.jpg,2022.0,,3,3,3,3,3,3
my_images/3\ds2_30_03_2022_CCE0.tmp.jpg,2022.0,,3,2,3,2,2,2
my_images/3\ds2_30_03_2022_CD24.tmp.jpg,2022.0,,3,4,3,4,4,4
my_images/3\ds2_30_09_2021_19E8.tmp.jpg,2021.0,,3,4,1,2,3,2
my_images/3\ds2_30_09_2021_1A57.tmp.jpg,2021.0,,3,3,3,3,3,3
my_images/3\ds2_30_09_2021_1B43.tmp.jpg,2021.0,,3,3,3,2,3,3
my_images/3\ds2_30_09_2021_1F7A.tmp.jpg,2021.0,,3,1,2,2,1,3
my_images/3\ds2_30_09_2021_5E4A.tmp.jpg,2021.0,,3,4,3,3,3,4
my_images/3\ds2_30_09_2021_5E7B.tmp.jpg,2021.0,,3,3,3,3,3,3
my_images/4\ds1_1018_B_-22.96477703722_-47.1474994576164.jpg,-22.96477703722,-47.1474994576164,4,1,3,2,3,3
my_images/4\ds1_1031_B_-22.967487_-47.144260.jpg,-22.967487,-47.14426,4,4,3,4,4,4
my_images/4\ds1_1034_B_-22.967579_-47.144424.jpg,-22.967579,-47.144424,4,3,3,3,4,3
my_images/4\ds1_1060_B_-22.9654831373642_-47.1431523579288.jpg,-22.9654831373642,-47.1431523579288,4,1,3,3,3,1
my_images/4\ds1_1077_B_-22.9667751627866_-47.1462327715991.jpg,-22.9667751627866,-47.1462327715991,4,3,4,3,3,3
my_images/4\ds1_1085_B_-22.9655199936026_-47.1461929828502.jpg,-22.9655199936026,-47.1461929828502,4,1,3,3,3,3
my_images/4\ds1_1089_B_-22.9647770422122_-47.1462994426426.jpg,-22.9647770422122,-47.1462994426426,4,3,3,3,3,3
my_images/4\ds1_1111_B_-22.9682125536103_-47.1467005223204.jpg,-22.9682125536103,-47.1467005223204,4,4,3,3,3,4
my_images/4\ds1_1113_B_-22.9687671122312_-47.1469369261739.jpg,-22.9687671122312,-47.1469369261739,4,4,4,4,4,4
my_images/4\ds1_1117_B_-22.968955513463_-47.1470173710048.jpg,-22.968955513463,-47.1470173710048,4,3,3,3,3,3
my_images/4\ds1_1163_B_-22.9661331350691_-47.1452670347082.jpg,-22.9661331350691,-47.1452670347082,4,3,3,2,3,3
my_images/4\ds1_1171_B_-22.9696008918759_-47.1449167361795.jpg,-22.9696008918759,-47.1449167361795,4,3,4,3,4,3
my_images/4\ds1_1184_B_-22.9665888625199_-47.1436919547945.jpg,-22.9665888625199,-47.1436919547945,4,3,3,3,4,3
my_images/4\ds1_1236_C_-22.9444407938215_-47.0995893383175.jpg,-22.9444407938215,-47.0995893383175,4,2,3,3,3,3
my_images/4\ds1_1239_C_-22.9449940590824_-47.0995217609239.jpg,-22.9449940590824,-47.0995217609239,4,1,1,1,3,1
my_images/4\ds1_1260_C_-22.939755247465_-47.0991613626105.jpg,-22.939755247465,-47.0991613626105,4,3,4,3,4,4
my_images/4\ds1_1262_C_-22.9400318062369_-47.0991279028283.jpg,-22.9400318062369,-47.0991279028283,4,3,3,3,4,3
my_images/4\ds1_1267_C_-22.9415379461212_-47.0992125734707.jpg,-22.9415379461212,-47.0992125734707,4,3,3,3,3,2
my_images/4\ds1_1269_C_-22.9422383118042_-47.0991198492141.jpg,-22.9422383118042,-47.0991198492141,4,2,3,3,3,3
my_images/4\ds1_1272_C_-22.9432380898061_-47.0989929443977.jpg,-22.9432380898061,-47.0989929443977,4,3,3,3,3,1
my_images/4\ds1_1274_C_-22.9434520778409_-47.0986522914175.jpg,-22.9434520778409,-47.0986522914175,4,3,3,3,3,2
my_images/4\ds1_1275_C_-22.9436111300007_-47.0986351503164.jpg,-22.9436111300007,-47.0986351503164,4,2,3,2,2,1
my_images/4\ds1_1278_C_-22.9437517017263_-47.0989432549776.jpg,-22.9437517017263,-47.0989432549776,4,3,3,3,3,3
my_images/4\ds1_1281_C_-22.9438417299246_-47.0986016622168.jpg,-22.9438417299246,-47.0986016622168,4,3,4,3,4,3
my_images/4\ds1_1282_C_-22.9439150316888_-47.0989098988104.jpg,-22.9439150316888,-47.0989098988104,4,3,3,3,3,3
my_images/4\ds1_1283_C_-22.9441317267482_-47.0988832160509.jpg,-22.9441317267482,-47.0988832160509,4,3,3,3,3,3
my_images/4\ds1_1288_C_-22.9450231918016_-47.098405411464.jpg,-22.9450231918016,-47.098405411464,4,2,3,3,3,3
my_images/4\ds1_1299_C_-22.9432600860625_-47.1002709321075.jpg,-22.9432600860625,-47.1002709321075,4,2,3,3,3,3
my_images/4\ds1_1301_C_-22.9435504878534_-47.1003307943721.jpg,-22.9435504878534,-47.1003307943721,4,2,3,3,3,3
my_images/4\ds1_1302_C_-22.9435638478607_-47.1004673939814.jpg,-22.9435638478607,-47.1004673939814,4,3,3,3,4,3
my_images/4\ds1_1303_C_-22.9432727237935_-47.1005097905769.jpg,-22.9432727237935,-47.1005097905769,4,3,4,4,4,4
my_images/4\ds1_1309_C_-22.9429751151576_-47.0992007368969.jpg,-22.9429751151576,-47.0992007368969,4,3,3,3,3,3
my_images/4\ds1_1310_C_-22.9422951235143_-47.0985181250455.jpg,-22.9422951235143,-47.0985181250455,4,2,3,3,3,3
my_images/4\ds1_1315_C_-22.9442547649251_-47.098189593671.jpg,-22.9442547649251,-47.098189593671,4,3,3,3,3,3
my_images/4\ds1_1316_C_-22.9443619298439_-47.0981564421613.jpg,-22.9443619298439,-47.0981564421613,4,3,3,3,3,3
my_images/4\ds1_1320_C_-22.9391738958975_-47.098434665373.jpg,-22.9391738958975,-47.098434665373,4,3,3,3,3,3
my_images/4\ds1_1323_C_-22.9389142906548_-47.0984015099415.jpg,-22.9389142906548,-47.0984015099415,4,3,3,3,2,3
my_images/4\ds1_1326_C_-22.9416574171084_-47.1021440761543.jpg,-22.9416574171084,-47.1021440761543,4,3,4,4,4,4
my_images/4\ds1_1329_C_-22.9420587722068_-47.099866110913.jpg,-22.9420587722068,-47.099866110913,4,2,3,3,3,3
my_images/4\ds1_1337_C_-22.9436315752368_-47.0999963771628.jpg,-22.9436315752368,-47.0999963771628,4,3,3,2,3,3
my_images/4\ds1_1339_C_-22.9439480505627_-47.0999828391174.jpg,-22.9439480505627,-47.0999828391174,4,3,3,3,3,3
my_images/4\ds1_1346_C_-22.944561574366_-47.099561294233.jpg,-22.944561574366,-47.099561294233,4,3,4,3,3,3
my_images/4\ds1_1347_C_-22.9448180823161_-47.0998624182288.jpg,-22.9448180823161,-47.0998624182288,4,3,3,3,3,3
my_images/4\ds1_1350_C_-22.939547651278_-47.0995716152449.jpg,-22.939547651278,-47.0995716152449,4,3,3,3,3,3
my_images/4\ds1_1351_C_-22.9415922332377_-47.1010656611122.jpg,-22.9415922332377,-47.1010656611122,4,3,3,3,3,3
my_images/4\ds1_1352_C_-22.9426651521105_-47.1009385363544.jpg,-22.9426651521105,-47.1009385363544,4,3,3,3,3,3
my_images/4\ds1_1353_C_-22.9394488953054_-47.0998562248623.jpg,-22.9394488953054,-47.0998562248623,4,2,3,3,3,3
my_images/4\ds1_1354_C_-22.9395659795771_-47.0999127250027.jpg,-22.9395659795771,-47.0999127250027,4,3,4,3,3,4
my_images/4\ds1_1355_C_-22.9397751486916_-47.0996906541528.jpg,-22.9397751486916,-47.0996906541528,4,4,3,3,3,3
my_images/4\ds1_1357_C_-22.939849308846_-47.1000362338663.jpg,-22.939849308846,-47.1000362338663,4,3,3,3,3,3
my_images/4\ds1_1358_C_-22.9401551138567_-47.0998806814656.jpg,-22.9401551138567,-47.0998806814656,4,4,3,3,3,3
my_images/4\ds1_1359_C_-22.9399929762431_-47.1000967520599.jpg,-22.9399929762431,-47.1000967520599,4,3,3,3,3,3
my_images/4\ds1_1360_C_-22.9400494206764_-47.100129990734.jpg,-22.9400494206764,-47.100129990734,4,4,3,3,3,4
my_images/4\ds1_1361_C_-22.9401152524982_-47.100149823188.jpg,-22.9401152524982,-47.100149823188,4,3,3,3,3,3
my_images/4\ds1_1362_C_-22.9403150899557_-47.0999506156732.jpg,-22.9403150899557,-47.0999506156732,4,3,3,3,3,3
my_images/4\ds1_1365_C_-22.9403255417035_-47.1002727899559.jpg,-22.9403255417035,-47.1002727899559,4,4,3,3,3,3
my_images/4\ds1_1370_C_-22.9413917178387_-47.1002934500731.jpg,-22.9413917178387,-47.1002934500731,4,3,3,3,3,3
my_images/4\ds1_1371_C_-22.94165500752_-47.1002665145073.jpg,-22.94165500752,-47.1002665145073,4,3,3,3,3,3
my_images/4\ds1_1373_C_-22.9418980642655_-47.1002264948819.jpg,-22.9418980642655,-47.1002264948819,4,3,3,3,3,3
my_images/4\ds1_1374_C_-22.9419524247427_-47.0998920588241.jpg,-22.9419524247427,-47.0998920588241,4,3,3,3,3,3
my_images/4\ds1_1376_C_-22.9408363558697_-47.1015504964683.jpg,-22.9408363558697,-47.1015504964683,4,4,3,3,4,3
my_images/4\ds1_1377_C_-22.9408396769041_-47.1017036175579.jpg,-22.9408396769041,-47.1017036175579,4,3,3,3,3,4
my_images/4\ds1_1378_C_-22.941160926945_-47.101786283744.jpg,-22.941160926945,-47.101786283744,4,2,3,3,3,3
my_images/4\ds1_1379_C_-22.9408533275234_-47.1018931567301.jpg,-22.9408533275234,-47.1018931567301,4,3,3,3,3,3
my_images/4\ds1_1385_C_-22.9450561602591_-47.0991959184248.jpg,-22.9450561602591,-47.0991959184248,4,4,3,3,3,4
my_images/4\ds1_1386_C_-22.9449797835401_-47.0990995845183.jpg,-22.9449797835401,-47.0990995845183,4,3,3,3,3,3
my_images/4\ds1_1388_C_-22.9387479336415_-47.1002189823629.jpg,-22.9387479336415,-47.1002189823629,4,3,3,3,3,3
my_images/4\ds1_1390_C_-22.9392551526688_-47.1007406869006.jpg,-22.9392551526688,-47.1007406869006,4,3,3,3,3,2
my_images/4\ds1_1391_C_-22.9395249146251_-47.1005523106298.jpg,-22.9395249146251,-47.1005523106298,4,3,3,3,3,2
my_images/4\ds1_1392_C_-22.939435142782_-47.1008606508153.jpg,-22.939435142782,-47.1008606508153,4,3,3,3,3,3
my_images/4\ds1_1397_C_-22.9405555020596_-47.1013033137689.jpg,-22.9405555020596,-47.1013033137689,4,4,3,3,4,4
my_images/4\ds1_1398_C_-22.9406764545587_-47.1013608503714.jpg,-22.9406764545587,-47.1013608503714,4,4,4,4,4,4
my_images/4\ds1_1399_C_-22.9408250967285_-47.1014206673435.jpg,-22.9408250967285,-47.1014206673435,4,4,3,3,3,3
my_images/4\ds1_1401_C_-22.9416585465352_-47.1010491372488.jpg,-22.9416585465352,-47.1010491372488,4,3,3,3,3,3
my_images/4\ds1_1403_C_-22.9419519543096_-47.1010252033491.jpg,-22.9419519543096,-47.1010252033491,4,3,3,3,3,3
my_images/4\ds1_1404_C_-22.9423085560276_-47.1009680260448.jpg,-22.9423085560276,-47.1009680260448,4,3,3,3,3,3
my_images/4\ds1_1405_C_-22.9424360394924_-47.1009858222981.jpg,-22.9424360394924,-47.1009858222981,4,4,4,4,4,4
my_images/4\ds1_1407_C_-22.9428752816378_-47.1012097911226.jpg,-22.9428752816378,-47.1012097911226,4,3,3,3,3,3
my_images/4\ds1_1409_C_-22.9428520967625_-47.100908374983.jpg,-22.9428520967625,-47.100908374983,4,3,3,3,3,3
my_images/4\ds1_1412_C_-22.9432983306135_-47.1011464265214.jpg,-22.9432983306135,-47.1011464265214,4,3,3,3,4,3
my_images/4\ds1_1415_C_-22.9443587091599_-47.1007118073235.jpg,-22.9443587091599,-47.1007118073235,4,3,3,2,3,3
my_images/4\ds1_1417_C_-22.9447155249203_-47.1006520971621.jpg,-22.9447155249203,-47.1006520971621,4,3,3,3,3,3
my_images/4\ds1_1425_C_-22.9404299439352_-47.0987158117308.jpg,-22.9404299439352,-47.0987158117308,4,3,3,3,3,3
my_images/4\ds1_1427_C_-22.940703772643_-47.0985679514633.jpg,-22.940703772643,-47.0985679514633,4,3,4,3,4,3
my_images/4\ds1_1429_C_-22.9385545385392_-47.0983214766548.jpg,-22.9385545385392,-47.0983214766548,4,3,3,3,3,3
my_images/4\ds1_1430_C_-22.9387013625008_-47.0983618606519.jpg,-22.9387013625008,-47.0983618606519,4,3,3,3,3,3
my_images/4\ds1_1432_C_-22.9388681448471_-47.098388319168.jpg,-22.9388681448471,-47.098388319168,4,2,2,3,2,3
my_images/4\ds1_1438_C_-22.939363980677_-47.0985015522621.jpg,-22.939363980677,-47.0985015522621,4,3,3,3,3,3
my_images/4\ds1_1441_C_-22.9400451473005_-47.0987406800143.jpg,-22.9400451473005,-47.0987406800143,4,3,3,4,3,3
my_images/4\ds1_1454_C_-22.9387276677616_-47.1000038017017.jpg,-22.9387276677616,-47.1000038017017,4,3,3,2,3,3
my_images/4\ds1_1455_C_-22.9381095491945_-47.0979274799138.jpg,-22.9381095491945,-47.0979274799138,4,3,3,3,3,3
my_images/4\ds1_1456_C_-22.938192363828_-47.098062805606.jpg,-22.938192363828,-47.098062805606,4,1,2,3,3,2
my_images/4\ds1_1486_C_-22.9398928558509_-47.0991485714995.jpg,-22.9398928558509,-47.0991485714995,4,3,3,3,3,3
my_images/4\ds1_1504_C_-22.9431136801547_-47.0993647920626.jpg,-22.9431136801547,-47.0993647920626,4,2,3,2,3,3
my_images/4\ds1_1507_C_-22.9432862846962_-47.1005955585072.jpg,-22.9432862846962,-47.1005955585072,4,3,3,3,3,3
my_images/4\ds1_1515_C_-22.9419371742209_-47.1021166919071.jpg,-22.9419371742209,-47.1021166919071,4,4,4,4,4,4
my_images/4\ds1_1564_C_-22.9394592593639_-47.1005469193859.jpg,-22.9394592593639,-47.1005469193859,4,2,3,3,3,3
my_images/4\ds1_1578_C_-22.94442263164_-47.1006964046875.jpg,-22.94442263164,-47.1006964046875,4,3,3,3,3,3
my_images/4\ds1_1594_C_-22.9400451473005_-47.0987406800143.jpg,-22.9400451473005,-47.0987406800143,4,3,3,4,3,3
my_images/4\ds1_1853_M_-22.970173231429_-47.1318318412652.jpg,-22.970173231429,-47.1318318412652,4,3,3,3,3,2
my_images/4\ds1_1867_M_-22.9706518171063_-47.1300967260118.jpg,-22.9706518171063,-47.1300967260118,4,3,3,3,3,3
my_images/4\ds1_1880_M_-22.9719380682502_-47.130804762036.jpg,-22.9719380682502,-47.130804762036,4,3,4,3,3,3
my_images/4\ds1_1896_M_-22.9705720639871_-47.1327252476529.jpg,-22.9705720639871,-47.1327252476529,4,3,3,3,3,4
my_images/4\ds1_1928_M_-22.9739222356328_-47.1331787785839.jpg,-22.9739222356328,-47.1331787785839,4,4,4,3,4,4
my_images/4\ds1_1930_M_-22.9739937320885_-47.1332737106274.jpg,-22.9739937320885,-47.1332737106274,4,4,4,4,4,4
my_images/4\ds1_1978_M_-22.9690207369112_-47.1309469743474.jpg,-22.9690207369112,-47.1309469743474,4,3,3,3,3,3
my_images/4\ds1_2007_M_-22.9728935377861_-47.1334342841269.jpg,-22.9728935377861,-47.1334342841269,4,3,3,3,3,3
my_images/4\ds1_2076_M_-22.9682198137894_-47.1332246170959.jpg,-22.9682198137894,-47.1332246170959,4,3,3,2,3,3
my_images/4\ds1_2118_M_-22.9696137440986_-47.1308101983439.jpg,-22.9696137440986,-47.1308101983439,4,3,3,3,3,3
my_images/4\ds1_2138_M_-22.9698946552673_-47.1317726414709.jpg,-22.9698946552673,-47.1317726414709,4,3,3,3,3,3
my_images/4\ds1_2186_M_-22.9739779001503_-47.1332536503428.jpg,-22.9739779001503,-47.1332536503428,4,4,4,4,4,4
my_images/4\ds1_2209_M_-22.969110678164_-47.1312088240919.jpg,-22.969110678164,-47.1312088240919,4,1,2,2,3,1
my_images/4\ds1_302_A_-22.9905909806126_-47.1191640633668.jpg,-22.9905909806126,-47.1191640633668,4,3,3,3,3,3
my_images/4\ds1_554_B_-22.9682831459267_-47.142661894311.jpg,-22.9682831459267,-47.142661894311,4,3,4,3,3,3
my_images/4\ds1_580_B_-22.9680499937945_-47.1450391949199.jpg,-22.9680499937945,-47.1450391949199,4,3,4,3,4,3
my_images/4\ds1_582_B_-22.9677909027378_-47.1454761345485.jpg,-22.9677909027378,-47.1454761345485,4,3,2,1,1,1
my_images/4\ds1_622_B_-22.9668557244044_-47.1430967797572.jpg,-22.9668557244044,-47.1430967797572,4,3,3,3,4,3
my_images/4\ds1_641_B_-22.969342333208_-47.1428566643786.jpg,-22.969342333208,-47.1428566643786,4,3,3,3,3,3
my_images/4\ds1_643_B_-22.9685429363226_-47.142393064837.jpg,-22.9685429363226,-47.142393064837,4,2,3,2,3,3
my_images/4\ds1_675_B_-22.9656718422375_-47.1463847667905.jpg,-22.9656718422375,-47.1463847667905,4,3,3,3,3,3
my_images/4\ds1_686_B_-22.9649049077636_-47.1462650936736.jpg,-22.9649049077636,-47.1462650936736,4,3,3,3,4,3
my_images/4\ds1_695_B_-22.9670052662824_-47.1459574047958.jpg,-22.9670052662824,-47.1459574047958,4,4,4,4,4,4
my_images/4\ds1_709_B_-22.9690266702397_-47.1470324181344.jpg,-22.9690266702397,-47.1470324181344,4,4,3,3,4,4
my_images/4\ds1_718_B_-22.969164_-47.146538.jpg,-22.969164,-47.146538,4,2,3,3,3,3
my_images/4\ds1_735_B_-22.9687050832247_-47.1465171622493.jpg,-22.9687050832247,-47.1465171622493,4,3,3,2,3,3
my_images/4\ds1_740_B_-22.9668772371565_-47.146590452557.jpg,-22.9668772371565,-47.146590452557,4,3,4,3,3,3
my_images/4\ds1_762_B_-22.9651797980446_-47.1471149219191.jpg,-22.9651797980446,-47.1471149219191,4,3,3,3,3,3
my_images/4\ds1_772_B_-22.9672920640946_-47.1465281700111.jpg,-22.9672920640946,-47.1465281700111,4,3,3,2,3,3
my_images/4\ds1_788_B_-22.9697207739846_-47.1456231576953.jpg,-22.9697207739846,-47.1456231576953,4,3,3,3,3,1
my_images/4\ds1_7_A_-22.9892656772424_-47.1196532954528.jpg,-22.9892656772424,-47.1196532954528,4,3,3,3,3,3
my_images/4\ds1_817_B_-22.9693922354305_-47.1448407119146.jpg,-22.9693922354305,-47.1448407119146,4,3,3,3,3,3
my_images/4\ds1_823_B_-22.9684135784186_-47.144460077733.jpg,-22.9684135784186,-47.144460077733,4,3,3,3,4,3
my_images/4\ds1_828_B_-22.9688066452348_-47.1446179140659.jpg,-22.9688066452348,-47.1446179140659,4,3,3,3,4,3
my_images/4\ds1_850_B_-22.9654971691586_-47.1441341697728.jpg,-22.9654971691586,-47.1441341697728,4,3,3,3,3,3
my_images/4\ds1_859_B_-22.9671634995881_-47.1443201049739.jpg,-22.9671634995881,-47.1443201049739,4,3,3,3,3,3
my_images/4\ds1_866_B_-22.9664918587415_-47.143697049466.jpg,-22.9664918587415,-47.143697049466,4,3,3,3,3,3
my_images/4\ds1_873_B_-22.9662684617147_-47.1434580407841.jpg,-22.9662684617147,-47.1434580407841,4,3,3,3,3,3
my_images/4\ds1_888_B_-22.9671525765861_-47.1434256813859.jpg,-22.9671525765861,-47.1434256813859,4,3,3,3,3,3
my_images/4\ds1_896_B_-22.9668169288965_-47.1436953561934.jpg,-22.9668169288965,-47.1436953561934,4,3,3,3,4,3
my_images/4\ds1_911_B_-22.9693470649967_-47.1460695030142.jpg,-22.9693470649967,-47.1460695030142,4,3,3,3,3,1
my_images/4\ds1_920_B_-22.9684429415698_-47.145432515805.jpg,-22.9684429415698,-47.145432515805,4,3,3,3,3,3
my_images/4\ds1_937_B_-22.9654970305861_-47.1454919570681.jpg,-22.9654970305861,-47.1454919570681,4,2,3,3,3,2
my_images/4\ds1_943_B_-22.965279465046_-47.1457894263874.jpg,-22.965279465046,-47.1457894263874,4,3,3,2,3,3
my_images/4\ds1_945_B_-22.9674133254056_-47.1455280881386.jpg,-22.9674133254056,-47.1455280881386,4,3,3,3,4,3
my_images/4\ds1_946_B_-22.9673447530853_-47.1455378279844.jpg,-22.9673447530853,-47.1455378279844,4,3,4,3,4,3
my_images/4\ds1_949_B_-22.9670571882741_-47.1453169125655.jpg,-22.9670571882741,-47.1453169125655,4,3,3,3,3,3
my_images/4\ds1_955_B_-22.9691632105168_-47.1473706940751.jpg,-22.9691632105168,-47.1473706940751,4,4,3,3,3,3
my_images/4\ds1_978_B_-22.9657396500332_-47.1450311675251.jpg,-22.9657396500332,-47.1450311675251,4,3,3,3,3,3
my_images/4\ds2_01_04_2022_58CB.tmp.jpg,2022.0,,4,4,4,4,4,4
my_images/4\ds2_01_04_2022_823C.tmp.jpg,2022.0,,4,4,4,3,4,4
my_images/4\ds2_01_04_2022_A3AD.tmp.jpg,2022.0,,4,4,4,2,4,4
my_images/4\ds2_01_10_2021_9D2C.tmp.jpg,2021.0,,4,4,4,3,3,2
my_images/4\ds2_01_10_2021_9E95.tmp.jpg,2021.0,,4,4,3,3,2,4
my_images/4\ds2_01_10_2021_9F14.tmp.jpg,2021.0,,4,4,3,2,1,4
my_images/4\ds2_01_10_2021_9F76.tmp.jpg,2021.0,,4,2,4,3,3,4
my_images/4\ds2_01_10_2021_A047.tmp.jpg,2021.0,,4,4,4,2,3,2
my_images/4\ds2_01_10_2021_A0CA.tmp.jpg,2021.0,,4,4,4,2,3,4
my_images/4\ds2_01_10_2021_A1E7.tmp.jpg,2021.0,,4,4,4,2,3,4
my_images/4\ds2_03_05_2022_32F4.tmp.jpg,2022.0,,4,4,4,4,4,4
my_images/4\ds2_03_05_2022_3363.tmp.jpg,2022.0,,4,4,4,4,4,4
my_images/4\ds2_03_05_2022_357B.tmp.jpg,2022.0,,4,4,3,3,4,4
my_images/4\ds2_03_05_2022_358C.tmp.jpg,2022.0,,4,4,3,4,4,4
my_images/4\ds2_03_05_2022_37E0.tmp.jpg,2022.0,,4,4,4,4,4,4
my_images/4\ds2_03_05_2022_39D8.tmp.jpg,2022.0,,4,4,4,4,4,4
my_images/4\ds2_03_05_2022_3AF7.tmp.jpg,2022.0,,4,2,4,3,4,4
my_images/4\ds2_03_05_2022_3B78.tmp.jpg,2022.0,,4,4,4,0,4,4
my_images/4\ds2_03_05_2022_3C3A.tmp.jpg,2022.0,,4,4,4,4,3,4
my_images/4\ds2_03_05_2022_3C6B.tmp.jpg,2022.0,,4,4,4,4,3,4
my_images/4\ds2_03_05_2022_3C8F.tmp.jpg,2022.0,,4,4,3,4,4,4
my_images/4\ds2_03_05_2022_3D43.tmp.jpg,2022.0,,4,3,4,4,4,4
my_images/4\ds2_03_05_2022_3D54.tmp.jpg,2022.0,,4,4,4,4,4,4
my_images/4\ds2_03_05_2022_3DC6.tmp.jpg,2022.0,,4,4,4,3,3,4
my_images/4\ds2_03_05_2022_3DE6.tmp.jpg,2022.0,,4,4,4,4,4,4
my_images/4\ds2_03_05_2022_3E84.tmp.jpg,2022.0,,4,4,4,3,2,4
my_images/4\ds2_03_05_2022_3EF6.tmp.jpg,2022.0,,4,4,4,4,4,4
my_images/4\ds2_03_05_2022_3FA5.tmp.jpg,2022.0,,4,4,4,4,4,4
my_images/4\ds2_03_05_2022_4015.tmp.jpg,2022.0,,4,4,4,3,3,3
my_images/4\ds2_03_05_2022_8D93.tmp.jpg,2022.0,,4,4,4,3,3,2
my_images/4\ds2_03_05_2022_8DD4.tmp.jpg,2022.0,,4,4,4,4,3,3
my_images/4\ds2_03_05_2022_92E2.tmp.jpg,2022.0,,4,3,4,4,4,4
my_images/4\ds2_03_05_2022_CD47.tmp.jpg,2022.0,,4,4,4,4,4,4
my_images/4\ds2_03_05_2022_CE10.tmp.jpg,2022.0,,4,4,4,3,3,4
my_images/4\ds2_03_11_2021_1993.tmp.jpg,2021.0,,4,4,4,2,4,4
my_images/4\ds2_03_11_2021_1C20.tmp.jpg,2021.0,,4,4,4,3,3,3
my_images/4\ds2_03_11_2021_1C75.tmp.jpg,2021.0,,4,4,4,4,4,3
my_images/4\ds2_03_11_2021_1C82.tmp.jpg,2021.0,,4,4,4,3,4,4
my_images/4\ds2_03_11_2021_1C96.tmp.jpg,2021.0,,4,4,4,4,4,4
my_images/4\ds2_03_11_2021_20E0.tmp.jpg,2021.0,,4,4,4,3,3,3
my_images/4\ds2_03_11_2021_246A.tmp.jpg,2021.0,,4,4,4,4,4,4
my_images/4\ds2_03_11_2021_607E.tmp.jpg,2021.0,,4,4,2,2,2,4
my_images/4\ds2_03_11_2021_6090.tmp.jpg,2021.0,,4,4,4,3,3,4
my_images/4\ds2_03_11_2021_60F3.tmp.jpg,2021.0,,4,4,4,4,3,4
my_images/4\ds2_03_11_2021_6BA4.tmp.jpg,2021.0,,4,3,4,3,3,4
my_images/4\ds2_03_11_2021_6C5D.tmp.jpg,2021.0,,4,4,4,3,3,2
my_images/4\ds2_03_11_2021_709B.tmp.jpg,2021.0,,4,4,4,4,4,4
my_images/4\ds2_03_11_2021_7179.tmp.jpg,2021.0,,4,4,4,3,3,4
my_images/4\ds2_04_04_2022_29C0.tmp.jpg,2022.0,,4,4,4,3,4,4
my_images/4\ds2_04_04_2022_863A.tmp.jpg,2022.0,,4,4,4,3,3,4
my_images/4\ds2_04_10_2021_AF72.tmp.jpg,2021.0,,4,4,3,3,4,4
my_images/4\ds2_04_10_2021_B003.tmp.jpg,2021.0,,4,4,2,3,2,4
my_images/4\ds2_04_10_2021_B0C3.tmp.jpg,2021.0,,4,4,3,3,3,4
my_images/4\ds2_04_10_2021_B0E4.tmp.jpg,2021.0,,4,4,4,3,3,2
my_images/4\ds2_04_10_2021_B116.tmp.jpg,2021.0,,4,4,4,3,3,4
my_images/4\ds2_04_10_2021_B1B7.tmp.jpg,2021.0,,4,4,2,3,3,4
my_images/4\ds2_04_10_2021_B2B9.tmp.jpg,2021.0,,4,1,4,2,2,4
my_images/4\ds2_04_10_2021_B309.tmp.jpg,2021.0,,4,4,4,3,3,4
my_images/4\ds2_04_10_2021_B32B.tmp.jpg,2021.0,,4,4,4,4,3,3
my_images/4\ds2_04_10_2021_B33C.tmp.jpg,2021.0,,4,4,4,3,3,4
my_images/4\ds2_04_10_2021_B36D.tmp.jpg,2021.0,,4,3,4,3,4,4
my_images/4\ds2_04_11_2021_4EF6.tmp.jpg,2021.0,,4,4,4,4,3,4
my_images/4\ds2_04_11_2021_5300.tmp.jpg,2021.0,,4,2,4,2,3,4
my_images/4\ds2_04_11_2021_9AC.tmp.jpg,2021.0,,4,4,3,4,4,4
my_images/4\ds2_04_11_2021_9C71.tmp.jpg,2021.0,,4,4,3,4,4,4
my_images/4\ds2_04_11_2021_A2F3.tmp.jpg,2021.0,,4,4,2,4,3,4
my_images/4\ds2_04_11_2021_AA9C.tmp.jpg,2021.0,,4,4,4,4,4,4
my_images/4\ds2_04_11_2021_CF9A.tmp.jpg,2021.0,,4,4,4,3,3,3
my_images/4\ds2_04_11_2021_D24F.tmp.jpg,2021.0,,4,4,4,4,3,4
my_images/4\ds2_04_11_2021_F582.tmp.jpg,2021.0,,4,4,4,3,3,2
my_images/4\ds2_04_11_2021_F626.tmp.jpg,2021.0,,4,4,4,3,3,4
my_images/4\ds2_05_04_2022_3E8D.tmp.jpg,2022.0,,4,4,4,4,3,3
my_images/4\ds2_05_04_2022_4062.tmp.jpg,2022.0,,4,4,4,3,3,4
my_images/4\ds2_05_04_2022_F330.tmp.jpg,2022.0,,4,4,4,4,4,4
my_images/4\ds2_05_04_2022_F4D0.tmp.jpg,2022.0,,4,4,4,4,4,4
my_images/4\ds2_05_04_2022_F54F.tmp.jpg,2022.0,,4,4,4,4,3,4
my_images/4\ds2_05_10_2021_4EA0.tmp.jpg,2021.0,,4,4,1,3,3,4
my_images/4\ds2_05_10_2021_4EC1.tmp.jpg,2021.0,,4,3,4,4,4,4
my_images/4\ds2_05_10_2021_52D0.tmp.jpg,2021.0,,4,4,4,3,2,4
my_images/4\ds2_05_10_2021_52F1.tmp.jpg,2021.0,,4,2,4,2,2,4
my_images/4\ds2_05_10_2021_5549.tmp.jpg,2021.0,,4,1,4,3,3,4
my_images/4\ds2_05_10_2021_5D98.tmp.jpg,2021.0,,4,4,2,2,2,4
my_images/4\ds2_05_10_2021_60A7.tmp.jpg,2021.0,,4,4,4,3,2,4
my_images/4\ds2_05_11_2021_1988.tmp.jpg,2021.0,,4,4,4,3,3,3
my_images/4\ds2_05_11_2021_1F4C.tmp.jpg,2021.0,,4,4,4,4,4,4
my_images/4\ds2_05_11_2021_1FE0.tmp.jpg,2021.0,,4,2,4,3,3,4
my_images/4\ds2_05_11_2021_2121.tmp.jpg,2021.0,,4,4,4,4,3,4
my_images/4\ds2_05_11_2021_7159.tmp.jpg,2021.0,,4,4,4,4,4,4
my_images/4\ds2_05_11_2021_98B8.tmp.jpg,2021.0,,4,4,4,4,4,4
my_images/4\ds2_05_11_2021_9E09.tmp.jpg,2021.0,,4,4,4,4,4,4
my_images/4\ds2_05_11_2021_9EA3.tmp.jpg,2021.0,,4,4,3,3,3,4
my_images/4\ds2_05_11_2021_9FE9.tmp.jpg,2021.0,,4,4,4,4,4,4
my_images/4\ds2_05_11_2021_A2F5.tmp.jpg,2021.0,,4,4,4,4,4,4
my_images/4\ds2_05_11_2021_A426.tmp.jpg,2021.0,,4,3,4,3,3,4
my_images/4\ds2_05_11_2021_A7C9.tmp.jpg,2021.0,,4,4,2,4,4,4
my_images/4\ds2_06_01_2022_3D53.tmp.jpg,2022.0,,4,4,4,4,4,4
my_images/4\ds2_06_01_2022_3FF3.tmp.jpg,2022.0,,4,4,4,4,4,4
my_images/4\ds2_06_01_2022_418F.tmp.jpg,2022.0,,4,4,4,4,4,4
my_images/4\ds2_06_01_2022_41B2.tmp.jpg,2022.0,,4,4,4,3,3,4
my_images/4\ds2_06_01_2022_42D9.tmp.jpg,2022.0,,4,4,4,4,4,4
my_images/4\ds2_06_01_2022_A91.tmp.jpg,2022.0,,4,4,3,4,3,4
my_images/4\ds2_06_01_2022_ED74.tmp.jpg,2022.0,,4,4,3,4,3,4
my_images/4\ds2_06_01_2022_EDA5.tmp.jpg,2022.0,,4,4,4,4,4,4
my_images/4\ds2_06_01_2022_F055.tmp.jpg,2022.0,,4,4,4,4,4,4
my_images/4\ds2_06_01_2022_F21B.tmp.jpg,2022.0,,4,4,4,4,3,3
my_images/4\ds2_06_01_2022_F77F.tmp.jpg,2022.0,,4,4,4,4,4,4
my_images/4\ds2_06_01_2022_F7B1.tmp.jpg,2022.0,,4,3,4,4,4,4
my_images/4\ds2_07_04_2022_821E.tmp.jpg,2022.0,,4,4,4,4,3,4
my_images/4\ds2_07_04_2022_D9E2.tmp.jpg,2022.0,,4,4,4,3,4,4
my_images/4\ds2_07_04_2022_DA7E.tmp.jpg,2022.0,,4,4,4,3,3,2
my_images/4\ds2_07_04_2022_EF13.tmp.jpg,2022.0,,4,2,4,3,4,4
my_images/4\ds2_07_10_2021_BC03.tmp.jpg,2021.0,,4,4,3,3,3,4
my_images/4\ds2_07_10_2021_BC54.tmp.jpg,2021.0,,4,4,4,2,3,4
my_images/4\ds2_07_10_2021_BCD7.tmp.jpg,2021.0,,4,4,4,4,3,4
my_images/4\ds2_07_10_2021_BD37.tmp.jpg,2021.0,,4,4,2,2,3,4
my_images/4\ds2_07_10_2021_BDB9.tmp.jpg,2021.0,,4,4,4,3,3,2
my_images/4\ds2_07_10_2021_BDBA.tmp.jpg,2021.0,,4,4,3,3,3,4
my_images/4\ds2_07_10_2021_BE39.tmp.jpg,2021.0,,4,4,4,0,2,4
my_images/4\ds2_08_02_2022_E728.tmp.jpg,2022.0,,4,4,4,4,4,4
my_images/4\ds2_08_02_2022_E779.tmp.jpg,2022.0,,4,4,4,4,4,4
my_images/4\ds2_08_02_2022_E789.tmp.jpg,2022.0,,4,4,4,4,3,4
my_images/4\ds2_08_02_2022_E902.tmp.jpg,2022.0,,4,4,4,4,4,4
my_images/4\ds2_08_02_2022_E9EF.tmp.jpg,2022.0,,4,4,4,4,4,4
my_images/4\ds2_08_02_2022_EC39.tmp.jpg,2022.0,,4,4,2,3,3,3
my_images/4\ds2_08_02_2022_EEE0.tmp.jpg,2022.0,,4,4,4,3,3,4
my_images/4\ds2_08_02_2022_F057.tmp.jpg,2022.0,,4,4,4,3,3,3
my_images/4\ds2_08_02_2022_F35A.tmp.jpg,2022.0,,4,4,4,4,4,4
my_images/4\ds2_08_02_2022_F475.tmp.jpg,2022.0,,4,4,4,4,4,4
my_images/4\ds2_08_02_2022_F952.tmp.jpg,2022.0,,4,3,4,3,3,4
my_images/4\ds2_08_10_2021_7714.tmp.jpg,2021.0,,4,4,4,3,3,4
my_images/4\ds2_08_10_2021_7939.tmp.jpg,2021.0,,4,4,4,3,3,4
my_images/4\ds2_08_10_2021_79E7.tmp.jpg,2021.0,,4,4,4,2,3,4
my_images/4\ds2_08_10_2021_7A49.tmp.jpg,2021.0,,4,4,4,4,4,4
my_images/4\ds2_08_10_2021_7AD7.tmp.jpg,2021.0,,4,4,4,3,3,4
my_images/4\ds2_08_10_2021_7B2B.tmp.jpg,2021.0,,4,3,4,3,3,4
my_images/4\ds2_08_10_2021_7B6D.tmp.jpg,2021.0,,4,3,2,3,3,3
my_images/4\ds2_08_10_2021_7B8D.tmp.jpg,2021.0,,4,4,4,4,4,4
my_images/4\ds2_08_10_2021_7C7A.tmp.jpg,2021.0,,4,4,4,2,3,4
my_images/4\ds2_08_11_2021_1AC5.tmp.jpg,2021.0,,4,3,4,4,4,3
my_images/4\ds2_08_11_2021_22E.tmp.jpg,2021.0,,4,4,3,3,3,4
my_images/4\ds2_08_11_2021_2790.tmp.jpg,2021.0,,4,4,4,4,4,4
my_images/4\ds2_08_11_2021_291.tmp.jpg,2021.0,,4,4,3,4,4,4
my_images/4\ds2_08_11_2021_440.tmp.jpg,2021.0,,4,4,4,4,4,4
my_images/4\ds2_08_11_2021_4D1.tmp.jpg,2021.0,,4,4,4,3,3,4
my_images/4\ds2_08_11_2021_705.tmp.jpg,2021.0,,4,4,3,3,3,4
my_images/4\ds2_08_11_2021_8254.tmp.jpg,2021.0,,4,4,4,3,4,3
my_images/4\ds2_08_11_2021_96D6.tmp.jpg,2021.0,,4,4,3,3,3,4
my_images/4\ds2_08_11_2021_A8B.tmp.jpg,2021.0,,4,4,4,3,3,4
my_images/4\ds2_08_11_2021_AEE.tmp.jpg,2021.0,,4,4,4,4,4,4
my_images/4\ds2_08_11_2021_B8E.tmp.jpg,2021.0,,4,4,4,4,4,4
my_images/4\ds2_08_11_2021_C51.tmp.jpg,2021.0,,4,4,4,3,3,4
my_images/4\ds2_09_05_2022_3083.tmp.jpg,2022.0,,4,2,4,3,3,4
my_images/4\ds2_09_05_2022_3095.tmp.jpg,2022.0,,4,2,4,4,4,4
my_images/4\ds2_09_05_2022_31C4.tmp.jpg,2022.0,,4,4,4,4,4,4
my_images/4\ds2_09_05_2022_8726.tmp.jpg,2022.0,,4,4,4,4,4,4
my_images/4\ds2_09_05_2022_8AEF.tmp.jpg,2022.0,,4,4,4,4,4,4
my_images/4\ds2_09_05_2022_8B60.tmp.jpg,2022.0,,4,4,3,3,3,4
my_images/4\ds2_09_05_2022_8BE3.tmp.jpg,2022.0,,4,4,4,4,4,4
my_images/4\ds2_09_05_2022_8BF6.tmp.jpg,2022.0,,4,4,4,3,4,4
my_images/4\ds2_09_05_2022_8C57.tmp.jpg,2022.0,,4,4,4,4,4,4
my_images/4\ds2_09_05_2022_8C88.tmp.jpg,2022.0,,4,4,4,3,4,4
my_images/4\ds2_09_05_2022_8CB8.tmp.jpg,2022.0,,4,4,4,4,4,4
my_images/4\ds2_09_05_2022_8EAB.tmp.jpg,2022.0,,4,3,4,4,4,4
my_images/4\ds2_09_05_2022_C777.tmp.jpg,2022.0,,4,4,4,3,3,4
my_images/4\ds2_09_05_2022_C87C.tmp.jpg,2022.0,,4,4,4,3,3,3
my_images/4\ds2_09_05_2022_C8BE.tmp.jpg,2022.0,,4,4,4,4,4,4
my_images/4\ds2_09_05_2022_CDAE.tmp.jpg,2022.0,,4,4,4,4,3,4
my_images/4\ds2_09_05_2022_CE03.tmp.jpg,2022.0,,4,0,4,0,2,4
my_images/4\ds2_09_05_2022_D25E.tmp.jpg,2022.0,,4,4,4,4,4,4
my_images/4\ds2_09_05_2022_D35A.tmp.jpg,2022.0,,4,4,4,3,2,4
my_images/4\ds2_09_11_2021_1DCB.tmp.jpg,2021.0,,4,4,3,3,4,4
my_images/4\ds2_09_11_2021_1FD2.tmp.jpg,2021.0,,4,3,3,3,3,4
my_images/4\ds2_09_11_2021_2AA.tmp.jpg,2021.0,,4,4,4,4,4,4
my_images/4\ds2_10_11_2021_2651.tmp.jpg,2021.0,,4,4,4,4,4,4
my_images/4\ds2_10_11_2021_27C1.tmp.jpg,2021.0,,4,4,4,4,4,4
my_images/4\ds2_10_11_2021_AEBC.tmp.jpg,2021.0,,4,4,4,4,4,4
my_images/4\ds2_10_11_2021_AF1C.tmp.jpg,2021.0,,4,4,3,3,3,4
my_images/4\ds2_10_11_2021_B0AF.tmp.jpg,2021.0,,4,4,4,4,4,4
my_images/4\ds2_10_11_2021_B26E.tmp.jpg,2021.0,,4,3,4,4,3,4
my_images/4\ds2_10_11_2021_B821.tmp.jpg,2021.0,,4,4,4,4,4,4
my_images/4\ds2_10_11_2021_B9F0.tmp.jpg,2021.0,,4,4,4,4,4,3
my_images/4\ds2_10_11_2021_BA44.tmp.jpg,2021.0,,4,4,4,4,4,4
my_images/4\ds2_10_11_2021_BAE8.tmp.jpg,2021.0,,4,4,3,3,3,4
my_images/4\ds2_10_11_2021_BB0C.tmp.jpg,2021.0,,4,4,4,3,3,4
my_images/4\ds2_10_11_2021_BBFF.tmp.jpg,2021.0,,4,4,4,4,4,4
my_images/4\ds2_10_11_2021_BE50.tmp.jpg,2021.0,,4,4,4,4,4,4
my_images/4\ds2_10_11_2021_BF21.tmp.jpg,2021.0,,4,4,4,4,4,4
my_images/4\ds2_10_11_2021_F19B.tmp.jpg,2021.0,,4,4,4,4,4,4
my_images/4\ds2_10_11_2021_F1ED.tmp.jpg,2021.0,,4,3,4,4,4,4
my_images/4\ds2_10_11_2021_F379.tmp.jpg,2021.0,,4,4,4,4,3,3
my_images/4\ds2_10_11_2021_F677.tmp.jpg,2021.0,,4,3,4,4,3,4
my_images/4\ds2_10_11_2021_F6E7.tmp.jpg,2021.0,,4,4,4,4,4,4
my_images/4\ds2_11_04_2022_9D71.tmp.jpg,2022.0,,4,3,4,4,4,4
my_images/4\ds2_11_04_2022_9DD8.tmp.jpg,2022.0,,4,4,4,3,2,4
my_images/4\ds2_11_04_2022_9E0A.tmp.jpg,2022.0,,4,4,4,4,4,4
my_images/4\ds2_11_04_2022_9EAD.tmp.jpg,2022.0,,4,4,4,4,4,4
my_images/4\ds2_11_04_2022_A021.tmp.jpg,2022.0,,4,4,4,4,4,4
my_images/4\ds2_11_04_2022_A1E2.tmp.jpg,2022.0,,4,4,4,4,4,3
my_images/4\ds2_11_04_2022_CBC2.tmp.jpg,2022.0,,4,4,4,4,4,4
my_images/4\ds2_11_04_2022_D0A1.tmp.jpg,2022.0,,4,4,4,4,3,4
my_images/4\ds2_11_04_2022_D1F2.tmp.jpg,2022.0,,4,4,4,4,4,4
my_images/4\ds2_11_04_2022_D203.tmp.jpg,2022.0,,4,4,4,4,4,3
my_images/4\ds2_11_04_2022_D233.tmp.jpg,2022.0,,4,4,4,4,4,4
my_images/4\ds2_11_04_2022_DD60.tmp.jpg,2022.0,,4,4,4,4,4,4
my_images/4\ds2_11_04_2022_E258.tmp.jpg,2022.0,,4,4,4,3,3,2
my_images/4\ds2_11_04_2022_E2B9.tmp.jpg,2022.0,,4,3,4,3,3,3
my_images/4\ds2_11_04_2022_F868.tmp.jpg,2022.0,,4,4,4,4,3,4
my_images/4\ds2_12_04_2022_8880.tmp.jpg,2022.0,,4,4,4,3,4,4
my_images/4\ds2_12_04_2022_88D0.tmp.jpg,2022.0,,4,0,0,4,0,0
my_images/4\ds2_12_04_2022_D1DC.tmp.jpg,2022.0,,4,4,4,4,4,4
my_images/4\ds2_12_04_2022_D281.tmp.jpg,2022.0,,4,4,4,4,4,4
my_images/4\ds2_12_05_2022_1B45.tmp.jpg,2022.0,,4,4,4,4,4,4
my_images/4\ds2_12_05_2022_4C2.tmp.jpg,2022.0,,4,4,4,4,4,4
my_images/4\ds2_12_05_2022_73C.tmp.jpg,2022.0,,4,4,4,4,4,4
my_images/4\ds2_12_05_2022_75E.tmp.jpg,2022.0,,4,4,4,4,4,4
my_images/4\ds2_12_05_2022_812.tmp.jpg,2022.0,,4,4,4,4,4,4
my_images/4\ds2_12_05_2022_900.tmp.jpg,2022.0,,4,4,4,4,4,4
my_images/4\ds2_12_05_2022_A8BE.tmp.jpg,2022.0,,4,4,4,4,4,4
my_images/4\ds2_12_05_2022_ABD9.tmp.jpg,2022.0,,4,4,4,4,3,4
my_images/4\ds2_12_05_2022_AC0.tmp.jpg,2022.0,,4,4,4,4,4,4
my_images/4\ds2_12_05_2022_ACDD.tmp.jpg,2022.0,,4,4,4,4,4,4
my_images/4\ds2_12_05_2022_B43.tmp.jpg,2022.0,,4,4,4,3,3,4
my_images/4\ds2_12_05_2022_B93.tmp.jpg,2022.0,,4,4,4,4,4,4
my_images/4\ds2_12_05_2022_C8B.tmp.jpg,2022.0,,4,4,4,3,4,4
my_images/4\ds2_12_05_2022_CFB.tmp.jpg,2022.0,,4,4,4,4,4,4
my_images/4\ds2_12_05_2022_E47.tmp.jpg,2022.0,,4,4,4,3,4,4
my_images/4\ds2_12_05_2022_EB9.tmp.jpg,2022.0,,4,4,4,4,4,4
my_images/4\ds2_12_05_2022_ECA.tmp.jpg,2022.0,,4,4,4,4,4,4
my_images/4\ds2_12_05_2022_F1C.tmp.jpg,2022.0,,4,4,4,3,4,4
my_images/4\ds2_12_05_2022_F2D.tmp.jpg,2022.0,,4,4,4,4,4,3
my_images/4\ds2_13_12_2021_1237.tmp.jpg,2021.0,,4,4,4,4,3,4
my_images/4\ds2_13_12_2021_19B3.tmp.jpg,2021.0,,4,4,4,3,3,3
my_images/4\ds2_13_12_2021_27F9.tmp.jpg,2021.0,,4,4,4,4,3,4
my_images/4\ds2_13_12_2021_33A4.tmp.jpg,2021.0,,4,4,3,3,4,4
my_images/4\ds2_13_12_2021_3D4D.tmp.jpg,2021.0,,4,4,4,4,4,4
my_images/4\ds2_13_12_2021_C28B.tmp.jpg,2021.0,,4,4,4,3,4,4
my_images/4\ds2_13_12_2021_C4C2.tmp.jpg,2021.0,,4,4,4,3,4,3
my_images/4\ds2_13_12_2021_D4C4.tmp.jpg,2021.0,,4,3,4,3,4,4
my_images/4\ds2_15_10_2021_1B76.tmp.jpg,2021.0,,4,4,4,4,3,4
my_images/4\ds2_15_10_2021_76CE.tmp.jpg,2021.0,,4,4,4,3,3,4
my_images/4\ds2_16_11_2021_16F4.tmp.jpg,2021.0,,4,4,4,4,4,4
my_images/4\ds2_16_11_2021_1CCA.tmp.jpg,2021.0,,4,4,4,3,3,4
my_images/4\ds2_16_11_2021_27CC.tmp.jpg,2021.0,,4,4,4,3,4,4
my_images/4\ds2_16_11_2021_2983.tmp.jpg,2021.0,,4,4,4,4,4,3
my_images/4\ds2_16_11_2021_3A5.tmp.jpg,2021.0,,4,3,4,4,4,4
my_images/4\ds2_16_11_2021_6E42.tmp.jpg,2021.0,,4,4,4,3,3,4
my_images/4\ds2_16_11_2021_B038.tmp.jpg,2021.0,,4,4,4,4,4,4
my_images/4\ds2_16_11_2021_B3A0.tmp.jpg,2021.0,,4,4,4,4,4,4
my_images/4\ds2_16_11_2021_D12C.tmp.jpg,2021.0,,4,4,4,3,3,4
my_images/4\ds2_16_11_2021_D4E4.tmp.jpg,2021.0,,4,4,4,3,3,3
my_images/4\ds2_16_11_2021_F53E.tmp.jpg,2021.0,,4,4,4,3,4,4
my_images/4\ds2_17_05_2022_1FEB.tmp.jpg,2022.0,,4,4,4,3,4,4
my_images/4\ds2_17_05_2022_2453.tmp.jpg,2022.0,,4,4,4,4,4,4
my_images/4\ds2_17_05_2022_2474.tmp.jpg,2022.0,,4,4,4,3,3,4
my_images/4\ds2_17_05_2022_2514.tmp.jpg,2022.0,,4,4,4,3,0,4
my_images/4\ds2_17_05_2022_2536.tmp.jpg,2022.0,,4,3,4,4,4,4
my_images/4\ds2_17_05_2022_2616.tmp.jpg,2022.0,,4,4,4,2,2,1
my_images/4\ds2_17_05_2022_28C2.tmp.jpg,2022.0,,4,4,4,3,4,4
my_images/4\ds2_17_05_2022_2A05.tmp.jpg,2022.0,,4,4,4,3,4,4
my_images/4\ds2_17_05_2022_36BB.tmp.jpg,2022.0,,4,4,4,4,4,2
my_images/4\ds2_17_05_2022_F271.tmp.jpg,2022.0,,4,4,4,4,4,4
my_images/4\ds2_17_05_2022_F7E8.tmp.jpg,2022.0,,4,4,4,4,4,4
my_images/4\ds2_17_11_2021_4B5F.tmp.jpg,2021.0,,4,4,4,4,4,4
my_images/4\ds2_17_11_2021_A1E2.tmp.jpg,2021.0,,4,4,4,3,3,4
my_images/4\ds2_18_03_2022_11EF.tmp.jpg,2022.0,,4,4,4,4,4,4
my_images/4\ds2_18_03_2022_139E.tmp.jpg,2022.0,,4,4,4,4,3,2
my_images/4\ds2_18_03_2022_1460.tmp.jpg,2022.0,,4,4,4,4,4,4
my_images/4\ds2_18_03_2022_1571.tmp.jpg,2022.0,,4,4,2,3,3,4
my_images/4\ds2_18_03_2022_1613.tmp.jpg,2022.0,,4,4,4,4,3,4
my_images/4\ds2_18_03_2022_1624.tmp.jpg,2022.0,,4,4,4,4,4,4
my_images/4\ds2_18_03_2022_201.tmp.jpg,2022.0,,4,4,4,4,4,4
my_images/4\ds2_18_03_2022_334C.tmp.jpg,2022.0,,4,4,4,3,4,4
my_images/4\ds2_18_03_2022_36AB.tmp.jpg,2022.0,,4,4,4,4,4,4
my_images/4\ds2_18_03_2022_3903.tmp.jpg,2022.0,,4,4,4,4,4,4
my_images/4\ds2_18_03_2022_39E.tmp.jpg,2022.0,,4,4,4,4,4,4
my_images/4\ds2_18_03_2022_3CB4.tmp.jpg,2022.0,,4,4,4,4,4,4
my_images/4\ds2_18_03_2022_3D53.tmp.jpg,2022.0,,4,4,4,3,4,3
my_images/4\ds2_18_03_2022_3E50.tmp.jpg,2022.0,,4,4,4,3,3,2
my_images/4\ds2_18_03_2022_3EC2.tmp.jpg,2022.0,,4,4,4,3,4,3
my_images/4\ds2_18_03_2022_41D9.tmp.jpg,2022.0,,4,4,4,4,4,4
my_images/4\ds2_18_03_2022_43E4.tmp.jpg,2022.0,,4,4,4,3,2,4
my_images/4\ds2_18_03_2022_441.tmp.jpg,2022.0,,4,4,3,4,4,4
my_images/4\ds2_18_03_2022_44F8.tmp.jpg,2022.0,,4,3,3,3,1,4
my_images/4\ds2_18_03_2022_4670.tmp.jpg,2022.0,,4,4,4,3,3,4
my_images/4\ds2_18_03_2022_4714.tmp.jpg,2022.0,,4,4,4,4,4,4
my_images/4\ds2_18_03_2022_473.tmp.jpg,2022.0,,4,3,4,4,4,4
my_images/4\ds2_18_03_2022_499C.tmp.jpg,2022.0,,4,4,4,4,3,4
my_images/4\ds2_18_03_2022_5524.tmp.jpg,2022.0,,4,4,4,4,4,4
my_images/4\ds2_18_03_2022_69B8.tmp.jpg,2022.0,,4,4,4,4,4,4
my_images/4\ds2_18_03_2022_80F2.tmp.jpg,2022.0,,4,4,4,3,3,4
my_images/4\ds2_18_03_2022_81D.tmp.jpg,2022.0,,4,4,4,4,4,4
my_images/4\ds2_18_03_2022_9AE.tmp.jpg,2022.0,,4,4,4,2,3,4
my_images/4\ds2_18_03_2022_9DF.tmp.jpg,2022.0,,4,4,4,4,4,4
my_images/4\ds2_18_03_2022_AB3.tmp.jpg,2022.0,,4,4,4,3,4,4
my_images/4\ds2_18_03_2022_AC6.tmp.jpg,2022.0,,4,4,4,3,4,4
my_images/4\ds2_18_03_2022_B49.tmp.jpg,2022.0,,4,4,4,3,4,4
my_images/4\ds2_18_03_2022_B8B.tmp.jpg,2022.0,,4,4,4,3,4,4
my_images/4\ds2_18_03_2022_BBD.tmp.jpg,2022.0,,4,4,4,3,3,3
my_images/4\ds2_18_03_2022_C12.tmp.jpg,2022.0,,4,4,4,3,4,4
my_images/4\ds2_18_03_2022_CBC.tmp.jpg,2022.0,,4,4,4,4,4,4
my_images/4\ds2_18_03_2022_CE1.tmp.jpg,2022.0,,4,0,4,4,4,4
my_images/4\ds2_18_03_2022_D03.tmp.jpg,2022.0,,4,3,4,3,3,4
my_images/4\ds2_18_03_2022_D247.tmp.jpg,2022.0,,4,4,4,4,4,4
my_images/4\ds2_18_03_2022_D53.tmp.jpg,2022.0,,4,4,4,4,4,4
my_images/4\ds2_18_03_2022_D658.tmp.jpg,2022.0,,4,4,4,4,4,4
my_images/4\ds2_18_03_2022_D6D9.tmp.jpg,2022.0,,4,4,4,4,4,4
my_images/4\ds2_18_03_2022_DAB7.tmp.jpg,2022.0,,4,3,4,4,4,4
my_images/4\ds2_18_03_2022_DC9D.tmp.jpg,2022.0,,4,4,4,4,4,4
my_images/4\ds2_18_03_2022_E16A.tmp.jpg,2022.0,,4,3,4,4,3,4
my_images/4\ds2_18_03_2022_E19F.tmp.jpg,2022.0,,4,4,4,4,4,4
my_images/4\ds2_18_03_2022_E2CA.tmp.jpg,2022.0,,4,4,4,4,4,4
my_images/4\ds2_18_03_2022_E3C8.tmp.jpg,2022.0,,4,4,4,4,4,4
my_images/4\ds2_18_03_2022_F0BE.tmp.jpg,2022.0,,4,4,4,3,3,4
my_images/4\ds2_19_01_2022_1BEE.tmp.jpg,2022.0,,4,4,4,3,3,4
my_images/4\ds2_19_01_2022_7DD2.tmp.jpg,2022.0,,4,4,4,4,4,4
my_images/4\ds2_19_01_2022_7F71.tmp.jpg,2022.0,,4,4,4,3,4,4
my_images/4\ds2_19_01_2022_7FB1.tmp.jpg,2022.0,,4,4,4,4,4,4
my_images/4\ds2_19_01_2022_81AA.tmp.jpg,2022.0,,4,4,4,4,3,4
my_images/4\ds2_19_01_2022_81BB.tmp.jpg,2022.0,,4,2,4,3,4,4
my_images/4\ds2_19_01_2022_820B.tmp.jpg,2022.0,,4,4,4,4,3,4
my_images/4\ds2_19_01_2022_823C.tmp.jpg,2022.0,,4,4,4,3,4,4
my_images/4\ds2_19_01_2022_83D9.tmp.jpg,2022.0,,4,4,4,3,4,4
my_images/4\ds2_19_01_2022_8EE7.tmp.jpg,2022.0,,4,4,4,4,4,3
my_images/4\ds2_19_01_2022_908E.tmp.jpg,2022.0,,4,4,4,3,3,3
my_images/4\ds2_19_01_2022_96F1.tmp.jpg,2022.0,,4,4,4,4,3,4
my_images/4\ds2_19_01_2022_A1FB.tmp.jpg,2022.0,,4,4,4,4,4,4
my_images/4\ds2_19_01_2022_E10D.tmp.jpg,2022.0,,4,3,4,3,3,4
my_images/4\ds2_19_01_2022_E86A.tmp.jpg,2022.0,,4,4,4,3,3,4
my_images/4\ds2_19_01_2022_EFC7.tmp.jpg,2022.0,,4,3,4,3,3,4
my_images/4\ds2_19_04_2022_179E.tmp.jpg,2022.0,,4,4,4,3,4,4
my_images/4\ds2_19_04_2022_197D.tmp.jpg,2022.0,,4,3,4,3,3,4
my_images/4\ds2_19_04_2022_1D2D.tmp.jpg,2022.0,,4,3,4,3,3,4
my_images/4\ds2_19_04_2022_1D7F.tmp.jpg,2022.0,,4,4,4,4,4,4
my_images/4\ds2_19_04_2022_2000.tmp.jpg,2022.0,,4,4,4,3,4,4
my_images/4\ds2_19_04_2022_21AE.tmp.jpg,2022.0,,4,4,4,4,4,4
my_images/4\ds2_19_04_2022_2270.tmp.jpg,2022.0,,4,4,4,3,4,2
my_images/4\ds2_19_04_2022_22A2.tmp.jpg,2022.0,,4,4,4,4,4,4
my_images/4\ds2_19_04_2022_22F5.tmp.jpg,2022.0,,4,4,4,3,3,4
my_images/4\ds2_19_04_2022_2420.tmp.jpg,2022.0,,4,3,4,4,4,4
my_images/4\ds2_19_04_2022_248D.tmp.jpg,2022.0,,4,4,3,4,4,4
my_images/4\ds2_19_04_2022_28D6.tmp.jpg,2022.0,,4,4,4,3,4,4
my_images/4\ds2_19_04_2022_292B.tmp.jpg,2022.0,,4,4,3,3,3,4
my_images/4\ds2_19_04_2022_2982.tmp.jpg,2022.0,,4,4,4,0,4,4
my_images/4\ds2_19_04_2022_2B8C.tmp.jpg,2022.0,,4,3,4,3,3,4
my_images/4\ds2_19_04_2022_2F5F.tmp.jpg,2022.0,,4,4,4,4,4,4
my_images/4\ds2_19_04_2022_2FA6.tmp.jpg,2022.0,,4,4,4,4,3,4
my_images/4\ds2_19_04_2022_3027.tmp.jpg,2022.0,,4,4,4,4,4,4
my_images/4\ds2_19_04_2022_3028.tmp.jpg,2022.0,,4,4,4,3,3,2
my_images/4\ds2_19_04_2022_30EA.tmp.jpg,2022.0,,4,4,4,4,4,4
my_images/4\ds2_19_04_2022_310B.tmp.jpg,2022.0,,4,4,4,3,3,4
my_images/4\ds2_19_04_2022_311D.tmp.jpg,2022.0,,4,4,2,3,4,4
my_images/4\ds2_19_04_2022_325F.tmp.jpg,2022.0,,4,4,4,3,4,4
my_images/4\ds2_19_04_2022_3A7B.tmp.jpg,2022.0,,4,2,4,2,4,4
my_images/4\ds2_19_04_2022_3ACE.tmp.jpg,2022.0,,4,4,4,3,0,4
my_images/4\ds2_19_04_2022_3B31.tmp.jpg,2022.0,,4,4,3,4,4,4
my_images/4\ds2_19_04_2022_47FB.tmp.jpg,2022.0,,4,4,4,3,4,4
my_images/4\ds2_19_04_2022_AFE1.tmp.jpg,2022.0,,4,3,4,2,3,4
my_images/4\ds2_19_10_2021_AF0C.tmp.jpg,2021.0,,4,4,4,4,4,4
my_images/4\ds2_19_10_2021_E597.tmp.jpg,2021.0,,4,4,4,4,3,4
my_images/4\ds2_20_05_2022_E7C3.tmp.jpg,2022.0,,4,4,4,4,4,4
my_images/4\ds2_20_05_2022_E7D4.tmp.jpg,2022.0,,4,4,4,4,4,4
my_images/4\ds2_20_05_2022_E8D6.tmp.jpg,2022.0,,4,4,4,4,4,4
my_images/4\ds2_20_05_2022_E928.tmp.jpg,2022.0,,4,4,4,4,4,4
my_images/4\ds2_20_05_2022_E9D7.tmp.jpg,2022.0,,4,4,4,3,4,4
my_images/4\ds2_20_05_2022_E9D8.tmp.jpg,2022.0,,4,3,4,4,4,4
my_images/4\ds2_20_05_2022_EA5B.tmp.jpg,2022.0,,4,4,4,4,4,4
my_images/4\ds2_20_05_2022_EA8C.tmp.jpg,2022.0,,4,4,4,4,4,4
my_images/4\ds2_20_05_2022_EACE.tmp.jpg,2022.0,,4,4,4,4,4,4
my_images/4\ds2_20_09_2021_3D61.tmp.jpg,2021.0,,4,4,4,2,2,4
my_images/4\ds2_20_09_2021_3E50.tmp.jpg,2021.0,,4,2,3,3,3,4
my_images/4\ds2_20_09_2021_3F2E.tmp.jpg,2021.0,,4,4,4,3,3,4
my_images/4\ds2_20_09_2021_3F3E.tmp.jpg,2021.0,,4,4,4,4,3,4
my_images/4\ds2_20_09_2021_5A43.tmp.jpg,2021.0,,4,3,4,4,3,4
my_images/4\ds2_20_09_2021_5AF1.tmp.jpg,2021.0,,4,2,4,3,2,3
my_images/4\ds2_20_09_2021_5D07.tmp.jpg,2021.0,,4,4,4,3,2,4
my_images/4\ds2_20_09_2021_60C4.tmp.jpg,2021.0,,4,4,4,3,3,4
my_images/4\ds2_20_09_2021_65BA.tmp.jpg,2021.0,,4,4,4,3,4,4
my_images/4\ds2_20_09_2021_6639.tmp.jpg,2021.0,,4,4,4,3,3,4
my_images/4\ds2_20_09_2021_7821.tmp.jpg,2021.0,,4,4,3,3,3,4
my_images/4\ds2_20_09_2021_9E14.tmp.jpg,2021.0,,4,4,4,4,3,4
my_images/4\ds2_20_09_2021_AB4A.tmp.jpg,2021.0,,4,4,4,3,4,3
my_images/4\ds2_20_09_2021_CEC7.tmp.jpg,2021.0,,4,4,4,2,3,2
my_images/4\ds2_20_09_2021_CFE2.tmp.jpg,2021.0,,4,2,3,3,3,3
my_images/4\ds2_20_09_2021_D0DE.tmp.jpg,2021.0,,4,4,4,4,3,4
my_images/4\ds2_20_09_2021_D10F.tmp.jpg,2021.0,,4,4,3,3,3,3
my_images/4\ds2_20_09_2021_D120.tmp.jpg,2021.0,,4,4,4,3,3,3
my_images/4\ds2_20_09_2021_D17F.tmp.jpg,2021.0,,4,0,0,4,1,0
my_images/4\ds2_20_09_2021_D181.tmp.jpg,2021.0,,4,4,4,4,3,4
my_images/4\ds2_20_09_2021_D192.tmp.jpg,2021.0,,4,4,4,3,3,3
my_images/4\ds2_20_09_2021_D461.tmp.jpg,2021.0,,4,3,4,3,3,4
my_images/4\ds2_20_09_2021_D473.tmp.jpg,2021.0,,4,4,3,3,3,4
my_images/4\ds2_20_09_2021_D474.tmp.png,2021.0,,4,0,4,4,3,4
my_images/4\ds2_20_09_2021_D773.tmp.jpg,2021.0,,4,4,4,4,4,4
my_images/4\ds2_20_09_2021_D784.tmp.jpg,2021.0,,4,4,4,4,4,4
my_images/4\ds2_20_09_2021_DA66.tmp.jpg,2021.0,,4,3,4,4,3,4
my_images/4\ds2_20_09_2021_DA97.tmp.jpg,2021.0,,4,2,2,3,3,4
my_images/4\ds2_20_09_2021_DBD1.tmp.jpg,2021.0,,4,4,4,4,0,4
my_images/4\ds2_20_09_2021_DCAE.tmp.jpg,2021.0,,4,0,4,4,3,0
my_images/4\ds2_20_09_2021_E0E8.tmp.jpg,2021.0,,4,4,3,2,2,4
my_images/4\ds2_20_10_2021_5245.tmp.jpg,2021.0,,4,4,3,4,4,4
my_images/4\ds2_21_09_2021_68C6.tmp.jpg,2021.0,,4,4,4,4,4,4
my_images/4\ds2_21_09_2021_6CC0.tmp.jpg,2021.0,,4,4,4,4,4,4
my_images/4\ds2_21_09_2021_7B2C.tmp.jpg,2021.0,,4,4,4,4,4,4
my_images/4\ds2_21_09_2021_7B3D.tmp.jpg,2021.0,,4,4,4,4,4,3
my_images/4\ds2_21_09_2021_C269.tmp.jpg,2021.0,,4,4,4,4,4,4
my_images/4\ds2_21_09_2021_FD17.tmp.jpg,2021.0,,4,3,4,4,4,4
my_images/4\ds2_21_10_2021_6375.tmp.jpg,2021.0,,4,4,4,4,4,4
my_images/4\ds2_21_10_2021_67EF.tmp.jpg,2021.0,,4,4,4,4,3,4
my_images/4\ds2_21_10_2021_D81E.tmp.jpg,2021.0,,4,4,4,4,4,4
my_images/4\ds2_21_10_2021_DC39.tmp.jpg,2021.0,,4,4,4,4,4,4
my_images/4\ds2_21_10_2021_DC5A.tmp.jpg,2021.0,,4,4,4,3,4,4
my_images/4\ds2_21_10_2021_E035.tmp.jpg,2021.0,,4,4,4,4,4,3
my_images/4\ds2_22_03_2022_66FD.tmp.jpg,2022.0,,4,4,4,4,3,4
my_images/4\ds2_22_03_2022_6878.tmp.jpg,2022.0,,4,4,4,4,4,4
my_images/4\ds2_22_03_2022_6E16.tmp.jpg,2022.0,,4,4,4,4,4,4
my_images/4\ds2_22_03_2022_6F96.tmp.jpg,2022.0,,4,4,4,4,3,3
my_images/4\ds2_22_03_2022_700D.tmp.jpg,2022.0,,4,4,4,3,3,4
my_images/4\ds2_22_03_2022_713E.tmp.jpg,2022.0,,4,4,4,4,4,4
my_images/4\ds2_22_03_2022_747F.tmp.jpg,2022.0,,4,4,4,4,4,4
my_images/4\ds2_22_03_2022_79A5.tmp.jpg,2022.0,,4,4,4,3,4,4
my_images/4\ds2_22_03_2022_849B.tmp.jpg,2022.0,,4,4,4,4,3,4
my_images/4\ds2_22_03_2022_9F54.tmp.jpg,2022.0,,4,4,4,3,4,4
my_images/4\ds2_22_03_2022_A2F3.tmp.jpg,2022.0,,4,4,4,4,4,3
my_images/4\ds2_22_03_2022_A5E5.tmp.jpg,2022.0,,4,4,4,2,3,4
my_images/4\ds2_22_03_2022_B976.tmp.jpg,2022.0,,4,4,4,2,3,2
my_images/4\ds2_22_03_2022_BC2E.tmp.jpg,2022.0,,4,4,4,3,4,4
my_images/4\ds2_22_03_2022_C388.tmp.jpg,2022.0,,4,4,4,4,4,4
my_images/4\ds2_22_09_2021_204B.tmp.jpg,2021.0,,4,4,4,4,4,4
my_images/4\ds2_22_09_2021_2AC3.tmp.jpg,2021.0,,4,4,4,3,4,4
my_images/4\ds2_22_09_2021_2B03.tmp.jpg,2021.0,,4,4,4,3,3,4
my_images/4\ds2_22_09_2021_2BE0.tmp.jpg,2021.0,,4,4,3,4,3,4
my_images/4\ds2_22_09_2021_2CAD.tmp.jpg,2021.0,,4,4,4,3,3,4
my_images/4\ds2_22_09_2021_346A.tmp.jpg,2021.0,,4,4,4,4,4,3
my_images/4\ds2_22_09_2021_85D8.tmp.jpg,2021.0,,4,4,4,3,3,4
my_images/4\ds2_22_10_2021_154A.tmp.jpg,2021.0,,4,4,4,3,3,4
my_images/4\ds2_22_10_2021_4E37.tmp.jpg,2021.0,,4,4,4,4,4,4
my_images/4\ds2_22_10_2021_B1A9.tmp.jpg,2021.0,,4,4,4,4,4,4
my_images/4\ds2_22_10_2021_B40C.tmp.jpg,2021.0,,4,4,4,3,2,4
my_images/4\ds2_22_10_2021_B4BE.tmp.jpg,2021.0,,4,4,4,4,3,4
my_images/4\ds2_22_10_2021_FFEE.tmp.jpg,2021.0,,4,4,2,3,2,4
my_images/4\ds2_22_11_2021_E2A6.tmp.jpg,2021.0,,4,4,4,4,4,4
my_images/4\ds2_22_11_2021_E41A.tmp.jpg,2021.0,,4,4,4,4,4,4
my_images/4\ds2_22_11_2021_E9B9.tmp.jpg,2021.0,,4,4,4,4,4,4
my_images/4\ds2_22_11_2021_EB0B.tmp.jpg,2021.0,,4,4,4,4,4,4
my_images/4\ds2_22_11_2021_EE4D.tmp.jpg,2021.0,,4,4,3,4,4,4
my_images/4\ds2_23_03_2022_3550.tmp.jpg,2022.0,,4,4,4,4,4,4
my_images/4\ds2_23_03_2022_35A1.tmp.jpg,2022.0,,4,4,4,4,4,4
my_images/4\ds2_23_03_2022_3603.tmp.jpg,2022.0,,4,4,4,3,3,4
my_images/4\ds2_23_03_2022_3663.tmp.jpg,2022.0,,4,4,4,3,4,4
my_images/4\ds2_23_03_2022_36F2.tmp.jpg,2022.0,,4,4,4,3,3,4
my_images/4\ds2_23_03_2022_D878.tmp.jpg,2022.0,,4,4,4,4,4,4
my_images/4\ds2_23_03_2022_D9A5.tmp.jpg,2022.0,,4,4,4,4,4,4
my_images/4\ds2_24_03_2022_B310.tmp.jpg,2022.0,,4,4,4,3,4,3
my_images/4\ds2_24_03_2022_B58A.tmp.jpg,2022.0,,4,4,4,3,3,4
my_images/4\ds2_24_03_2022_B633.tmp.jpg,2022.0,,4,4,4,4,4,4
my_images/4\ds2_24_03_2022_B645.tmp.jpg,2022.0,,4,4,4,4,4,4
my_images/4\ds2_24_03_2022_B6D4.tmp.jpg,2022.0,,4,4,4,3,4,4
my_images/4\ds2_24_06_2022_393E.tmp.jpg,2022.0,,4,2,4,4,4,4
my_images/4\ds2_24_06_2022_39BD.tmp.jpg,2022.0,,4,4,4,4,4,4
my_images/4\ds2_24_06_2022_3BAF.tmp.jpg,2022.0,,4,4,4,4,4,4
my_images/4\ds2_24_06_2022_3BE0.tmp.jpg,2022.0,,4,2,4,3,3,4
my_images/4\ds2_24_06_2022_3BF1.tmp.jpg,2022.0,,4,4,4,4,4,4
my_images/4\ds2_24_06_2022_3C83.tmp.jpg,2022.0,,4,4,4,4,4,3
my_images/4\ds2_24_06_2022_3D67.tmp.jpg,2022.0,,4,3,4,3,4,4
my_images/4\ds2_24_06_2022_3DEE.tmp.jpg,2022.0,,4,4,4,4,4,4
my_images/4\ds2_24_06_2022_3E34.tmp.jpg,2022.0,,4,4,4,4,4,2
my_images/4\ds2_24_06_2022_3E79.tmp.jpg,2022.0,,4,4,4,4,4,4
my_images/4\ds2_24_06_2022_3ECB.tmp.jpg,2022.0,,4,4,4,4,4,4
my_images/4\ds2_24_06_2022_3F4E.tmp.jpg,2022.0,,4,3,3,3,3,3
my_images/4\ds2_24_06_2022_44DE.tmp.jpg,2022.0,,4,4,4,4,4,4
my_images/4\ds2_24_06_2022_45CD.tmp.jpg,2022.0,,4,3,4,4,4,4
my_images/4\ds2_24_06_2022_48A5.tmp.jpg,2022.0,,4,4,4,4,4,3
my_images/4\ds2_24_06_2022_49BB.tmp.jpg,2022.0,,4,4,4,4,4,3
my_images/4\ds2_24_06_2022_4BDE.tmp.jpg,2022.0,,4,4,4,4,4,4
my_images/4\ds2_24_06_2022_4CC3.tmp.jpg,2022.0,,4,4,4,4,4,4
my_images/4\ds2_24_06_2022_60A7.tmp.jpg,2022.0,,4,4,4,4,4,4
my_images/4\ds2_24_06_2022_6345.tmp.jpg,2022.0,,4,4,4,3,4,4
my_images/4\ds2_24_06_2022_6566.tmp.jpg,2022.0,,4,4,4,3,4,4
my_images/4\ds2_24_06_2022_66E9.tmp.jpg,2022.0,,4,4,4,4,4,4
my_images/4\ds2_24_06_2022_6982.tmp.jpg,2022.0,,4,4,4,1,4,0
my_images/4\ds2_24_06_2022_6A07.tmp.jpg,2022.0,,4,4,4,3,3,4
my_images/4\ds2_24_06_2022_6DA0.tmp.jpg,2022.0,,4,4,4,4,4,3
my_images/4\ds2_24_06_2022_6FFE.tmp.jpg,2022.0,,4,4,4,4,4,4
my_images/4\ds2_24_06_2022_7611.tmp.jpg,2022.0,,4,4,4,4,4,4
my_images/4\ds2_24_06_2022_7616.tmp.jpg,2022.0,,4,3,4,4,3,4
my_images/4\ds2_24_06_2022_85BC.tmp.jpg,2022.0,,4,4,4,3,4,4
my_images/4\ds2_24_06_2022_86CB.tmp.jpg,2022.0,,4,4,4,4,4,4
my_images/4\ds2_24_06_2022_86EF.tmp.jpg,2022.0,,4,4,4,4,4,4
my_images/4\ds2_24_06_2022_86FD.tmp.jpg,2022.0,,4,4,4,4,4,4
my_images/4\ds2_24_06_2022_876F.tmp.jpg,2022.0,,4,4,4,3,3,3
my_images/4\ds2_24_06_2022_8861.tmp.jpg,2022.0,,4,4,4,4,4,3
my_images/4\ds2_24_06_2022_8ECD.tmp.jpg,2022.0,,4,4,3,3,4,4
my_images/4\ds2_24_06_2022_9D26.tmp.jpg,2022.0,,4,4,4,4,3,4
my_images/4\ds2_24_06_2022_DD06.tmp.jpg,2022.0,,4,4,4,4,3,4
my_images/4\ds2_24_06_2022_E970.tmp.jpg,2022.0,,4,4,4,4,4,4
my_images/4\ds2_24_09_2021_FDD9.tmp.jpg,2021.0,,4,4,4,4,4,4
my_images/4\ds2_25_03_2022_9AAE.tmp.jpg,2022.0,,4,4,4,4,4,4
my_images/4\ds2_25_03_2022_BE72.tmp.jpg,2022.0,,4,4,3,4,4,4
my_images/4\ds2_25_03_2022_BEA7.tmp.jpg,2022.0,,4,4,4,3,4,3
my_images/4\ds2_25_04_2022_2209.tmp.jpg,2022.0,,4,4,4,4,3,4
my_images/4\ds2_25_04_2022_7DFC.tmp.jpg,2022.0,,4,4,4,4,4,3
my_images/4\ds2_25_04_2022_81D3.tmp.jpg,2022.0,,4,4,4,4,4,4
my_images/4\ds2_26_10_2021_B2B8.tmp.jpg,2021.0,,4,4,4,4,4,4
my_images/4\ds2_26_10_2021_CAE0.tmp.jpg,2021.0,,4,4,4,4,3,4
my_images/4\ds2_27_01_2022_802A.tmp.jpg,2022.0,,4,3,3,3,3,4
my_images/4\ds2_27_01_2022_81D7.tmp.jpg,2022.0,,4,2,4,4,3,4
my_images/4\ds2_27_01_2022_8209.tmp.jpg,2022.0,,4,4,3,3,3,3
my_images/4\ds2_27_01_2022_8249.tmp.jpg,2022.0,,4,4,4,4,4,4
my_images/4\ds2_27_01_2022_82FB.tmp.jpg,2022.0,,4,4,3,3,3,4
my_images/4\ds2_27_04_2022_2BF6.tmp.jpg,2022.0,,4,4,4,4,3,4
my_images/4\ds2_27_04_2022_2D27.tmp.jpg,2022.0,,4,3,4,4,4,4
my_images/4\ds2_27_04_2022_2D87.tmp.jpg,2022.0,,4,4,4,3,4,4
my_images/4\ds2_27_04_2022_2DA8.tmp.jpg,2022.0,,4,4,4,3,3,4
my_images/4\ds2_27_04_2022_2F37.tmp.jpg,2022.0,,4,3,4,2,4,4
my_images/4\ds2_27_04_2022_319C.tmp.jpg,2022.0,,4,3,3,3,3,4
my_images/4\ds2_27_04_2022_34BF.tmp.jpg,2022.0,,4,4,4,3,4,4
my_images/4\ds2_27_04_2022_3A35.tmp.jpg,2022.0,,4,4,4,4,3,3
my_images/4\ds2_27_04_2022_8CD5.tmp.jpg,2022.0,,4,3,4,3,4,4
my_images/4\ds2_27_04_2022_90F8.tmp.jpg,2022.0,,4,4,3,3,3,3
my_images/4\ds2_27_04_2022_AC13.tmp.jpg,2022.0,,4,4,4,4,4,4
my_images/4\ds2_27_04_2022_AE6B.tmp.jpg,2022.0,,4,3,4,4,4,4
my_images/4\ds2_27_04_2022_BD72.tmp.jpg,2022.0,,4,4,4,4,4,4
my_images/4\ds2_27_04_2022_C799.tmp.jpg,2022.0,,4,4,4,4,4,3
my_images/4\ds2_27_04_2022_D7C9.tmp.jpg,2022.0,,4,4,1,3,3,4
my_images/4\ds2_27_04_2022_F690.tmp.jpg,2022.0,,4,4,4,4,4,4
my_images/4\ds2_27_04_2022_FA42.tmp.jpg,2022.0,,4,4,4,4,3,4
my_images/4\ds2_27_10_2021_8559.tmp.jpg,2021.0,,4,4,4,3,4,4
my_images/4\ds2_27_10_2021_DB0D.tmp.jpg,2021.0,,4,4,4,2,2,4
my_images/4\ds2_27_10_2021_DB0E.tmp.jpg,2021.0,,4,3,4,3,3,4
my_images/4\ds2_27_10_2021_DC30.tmp.jpg,2021.0,,4,4,4,2,3,4
my_images/4\ds2_27_10_2021_DCE9.tmp.jpg,2021.0,,4,4,4,3,4,3
my_images/4\ds2_28_03_2022_B145.tmp.jpg,2022.0,,4,4,4,3,4,4
my_images/4\ds2_28_03_2022_B19C.tmp.jpg,2022.0,,4,4,4,4,4,4
my_images/4\ds2_28_03_2022_B1AF.tmp.jpg,2022.0,,4,4,4,3,3,4
my_images/4\ds2_28_10_2021_1319.tmp.jpg,2021.0,,4,4,4,3,4,4
my_images/4\ds2_28_10_2021_161D.tmp.jpg,2021.0,,4,4,0,4,3,2
my_images/4\ds2_28_10_2021_86BF.tmp.jpg,2021.0,,4,3,4,4,3,4
my_images/4\ds2_28_10_2021_A60C.tmp.jpg,2021.0,,4,4,4,2,3,4
my_images/4\ds2_28_10_2021_A91B.tmp.jpg,2021.0,,4,4,4,3,3,2
my_images/4\ds2_28_10_2021_AC23.tmp.jpg,2021.0,,4,4,4,3,3,4
my_images/4\ds2_29_03_2022_5533.tmp.jpg,2022.0,,4,4,4,3,3,4
my_images/4\ds2_29_03_2022_5556.tmp.jpg,2022.0,,4,3,3,3,3,4
my_images/4\ds2_29_03_2022_55A9.tmp.jpg,2022.0,,4,4,4,3,4,4
my_images/4\ds2_29_03_2022_55CC.tmp.jpg,2022.0,,4,4,3,4,4,4
my_images/4\ds2_29_03_2022_55EF.tmp.jpg,2022.0,,4,4,3,4,3,4
my_images/4\ds2_29_03_2022_F33F.tmp.jpg,2022.0,,4,3,4,3,4,4
my_images/4\ds2_29_03_2022_F460.tmp.jpg,2022.0,,4,4,4,3,3,4
my_images/4\ds2_29_04_2022_4172.tmp.jpg,2022.0,,4,3,4,4,4,4
my_images/4\ds2_29_04_2022_42C6.tmp.jpg,2022.0,,4,4,4,4,3,4
my_images/4\ds2_29_04_2022_4309.tmp.jpg,2022.0,,4,4,4,4,4,4
my_images/4\ds2_29_04_2022_E6AB.tmp.jpg,2022.0,,4,4,4,4,4,4
my_images/4\ds2_29_09_2021_2A0A.tmp.jpg,2021.0,,4,4,3,3,2,2
my_images/4\ds2_29_09_2021_6ECC.tmp.jpg,2021.0,,4,4,4,3,3,3
my_images/4\ds2_29_09_2021_7159.tmp.jpg,2021.0,,4,4,4,4,3,4
my_images/4\ds2_29_09_2021_73A7.tmp.jpg,2021.0,,4,3,4,4,3,4
my_images/4\ds2_30_03_2022_5EF2.tmp.jpg,2022.0,,4,4,4,3,4,4
my_images/4\ds2_30_03_2022_62F0.tmp.jpg,2022.0,,4,4,4,3,3,4
my_images/4\ds2_30_03_2022_CC7B.tmp.jpg,2022.0,,4,4,4,4,4,4
my_images/4\ds2_30_03_2022_CC8B.tmp.jpg,2022.0,,4,4,4,4,4,4
my_images/4\ds2_30_03_2022_CD23.tmp.jpg,2022.0,,4,4,4,4,4,4
my_images/4\ds2_30_09_2021_18DC.tmp.jpg,2021.0,,4,4,2,3,3,4
my_images/4\ds2_30_09_2021_553C.tmp.jpg,2021.0,,4,4,3,3,3,3
my_images/4\ds2_30_09_2021_5FA6.tmp.jpg,2021.0,,4,3,4,3,3,4
my_images/4\ds2_30_09_2021_5FD9.tmp.jpg,2021.0,,4,3,4,2,2,4
my_images/4\ds2_30_09_2021_62FC.tmp.jpg,2021.0,,4,4,2,3,2,4
my_images/4\ds2_30_09_2021_688C.tmp.jpg,2021.0,,4,4,4,3,3,2
